4.01171, 3.10838, 0.966994
4.01253, 3.105, 0.966832
4.01336, 3.10111, 0.966563
4.01411, 3.0972, 0.966809
4.01427, 3.09521, 0.967204
4.01314, 3.09074, 0.968071
4.0089, 3.08639, 0.968598
3.99911, 3.081, 0.969123
3.98509, 3.07567, 0.969526
3.96539, 3.06982, 0.970056
3.95146, 3.06646, 0.97014
3.92049, 3.05946, 0.970096
3.88515, 3.05269, 0.969787
3.84409, 3.0458, 0.969529
3.79199, 3.03814, 0.969327
3.74094, 3.03166, 0.969457
3.68201, 3.02544, 0.96984
3.6533, 3.02265, 0.970153
3.59071, 3.01721, 0.971107
3.525, 3.013, 0.972196
3.49374, 3.01126, 0.972793
3.42688, 3.00799, 0.974281
3.39506, 3.00684, 0.975017
3.3271, 3.00536, 0.97648
3.29544, 3.00492, 0.977173
3.22914, 3.00443, 0.978484
3.16837, 3.00504, 0.979728
3.13519, 3.00602, 0.980413
3.10999, 3.00647, 0.980863
3.07843, 3.0078, 0.98144
3.0512, 3.00889, 0.981913
2.99607, 3.01134, 0.982703
2.97161, 3.01278, 0.983012
2.94555, 3.01471, 0.983279
2.92302, 3.01617, 0.983438
2.90147, 3.01762, 0.983516
2.85837, 3.02027, 0.983462
2.83976, 3.02149, 0.983379
2.80351, 3.02382, 0.983016
2.78747, 3.02458, 0.982731
2.75504, 3.02552, 0.981847
2.7411, 3.02572, 0.981329
2.7268, 3.02575, 0.980614
2.69913, 3.02475, 0.979219
2.68714, 3.02393, 0.97846
2.66408, 3.02155, 0.976834
2.65224, 3.01973, 0.975847
2.64107, 3.01795, 0.975007
2.61681, 3.01362, 0.973482
2.60561, 3.01129, 0.972807
2.58196, 3.0056, 0.971459
2.5701, 3.00273, 0.970911
2.54333, 2.99626, 0.970063
2.51586, 2.98889, 0.969366
2.50199, 2.98536, 0.9692
2.47231, 2.97805, 0.96915
2.45521, 2.97362, 0.969218
2.42244, 2.96614, 0.969641
2.3851, 2.95869, 0.970487
2.36668, 2.95525, 0.971046
2.32553, 2.9482, 0.972319
2.30524, 2.94528, 0.972931
2.26046, 2.93998, 0.974173
2.21308, 2.9354, 0.975526
2.19312, 2.93405, 0.976058
2.14015, 2.93112, 0.977338
2.09162, 2.9296, 0.978474
2.06689, 2.92923, 0.97907
2.01352, 2.92931, 0.98015
1.98545, 2.92991, 0.980466
1.93494, 2.93173, 0.980758
1.88104, 2.9346, 0.980919
1.85595, 2.9362, 0.98096
1.80346, 2.94008, 0.980925
1.75163, 2.94446, 0.980619
1.72778, 2.94658, 0.980454
1.67826, 2.95119, 0.980019
1.65544, 2.95341, 0.979787
1.60814, 2.95808, 0.979245
1.56516, 2.9621, 0.97881
1.54429, 2.96399, 0.97859
1.50118, 2.96769, 0.97809
1.46198, 2.97064, 0.977554
1.44073, 2.972, 0.977296
1.40149, 2.97419, 0.97686
1.3835, 2.97498, 0.97665
1.34634, 2.97602, 0.976226
1.32918, 2.97628, 0.976041
1.31, 2.97649, 0.975834
1.27672, 2.97619, 0.97548
1.2439, 2.97537, 0.975184
1.22572, 2.97452, 0.975105
1.19335, 2.9729, 0.975013
1.17505, 2.97198, 0.974968
1.15699, 2.97061, 0.974973
1.12459, 2.96837, 0.974944
1.0921, 2.96594, 0.974947
1.07367, 2.9647, 0.974983
1.05725, 2.96341, 0.975034
1.02213, 2.96058, 0.975158
1.00332, 2.95948, 0.975238
0.96949, 2.95737, 0.975335
0.950206, 2.95612, 0.975369
0.932929, 2.95524, 0.975372
0.895847, 2.95378, 0.975367
0.860348, 2.95262, 0.975436
0.840019, 2.95203, 0.975493
0.821806, 2.95171, 0.97555
0.782822, 2.95151, 0.975656
0.764286, 2.95152, 0.975706
0.724406, 2.95175, 0.975789
0.686628, 2.9524, 0.975917
0.667614, 2.95289, 0.975986
0.646255, 2.95359, 0.97606
0.605344, 2.95519, 0.97614
0.586264, 2.9561, 0.97614
0.548642, 2.95817, 0.976251
0.527542, 2.95948, 0.976333
0.508623, 2.96069, 0.976406
0.468136, 2.96353, 0.976513
0.427742, 2.96665, 0.976569
0.408649, 2.96817, 0.976591
0.388875, 2.96979, 0.976611
0.348424, 2.97319, 0.97651
0.329356, 2.97481, 0.97645
0.291248, 2.97804, 0.97627
0.248571, 2.98158, 0.976041
0.229696, 2.98311, 0.975913
0.210754, 2.98461, 0.975763
0.170547, 2.9876, 0.975384
0.151769, 2.98895, 0.975306
0.112215, 2.99176, 0.975181
0.0937084, 2.99302, 0.975042
0.0729832, 2.99437, 0.97492
0.0364154, 2.99656, 0.974814
0.0182741, 2.99754, 0.974827
-0.0199237, 2.99939, 0.97491
-0.0400115, 3.00022, 0.974922
-0.0578261, 3.0009, 0.974938
-0.0931827, 3.00202, 0.975048
-0.129995, 3.00292, 0.97514
-0.148903, 3.00321, 0.97519
-0.184813, 3.00358, 0.975206
-0.199534, 3.00359, 0.97521
-0.216446, 3.00356, 0.975247
-0.252635, 3.00335, 0.97539
-0.291205, 3.00283, 0.975448
-0.306196, 3.00254, 0.975477
-0.325626, 3.00223, 0.975517
-0.362454, 3.0014, 0.975522
-0.379889, 3.00102, 0.975491
-0.414958, 3.00015, 0.975475
-0.432558, 2.99972, 0.975477
-0.452419, 2.99928, 0.975435
-0.488095, 2.99844, 0.975316
-0.528524, 2.99753, 0.975306
-0.546531, 2.99717, 0.975344
-0.585161, 2.99653, 0.975427
-0.603455, 2.99629, 0.975413
-0.624058, 2.99606, 0.97536
-0.660769, 2.99573, 0.975215
-0.699941, 2.99552, 0.974978
-0.718462, 2.99547, 0.974875
-0.739261, 2.99542, 0.974776
-0.776247, 2.99553, 0.9746
-0.79713, 2.99566, 0.97452
-0.834144, 2.99596, 0.974419
-0.852688, 2.99616, 0.974354
-0.871133, 2.99642, 0.97429
-0.912499, 2.99716, 0.974152
-0.949164, 2.99793, 0.974003
-0.969741, 2.99834, 0.973947
-1.00579, 2.99923, 0.973727
-1.02358, 2.99977, 0.973543
-1.04354, 3.00047, 0.97327
-1.07919, 3.00168, 0.972803
-1.11482, 3.0029, 0.97223
-1.13711, 3.00365, 0.971852
-1.15277, 3.00414, 0.971641
-1.19079, 3.00544, 0.971103
-1.2087, 3.00601, 0.970929
-1.24903, 3.00715, 0.970665
-1.267, 3.0076, 0.970565
-1.28278, 3.00795, 0.970504
-1.32337, 3.00875, 0.970491
-1.35957, 3.00928, 0.970552
-1.38002, 3.0095, 0.970605
-1.39824, 3.00963, 0.970719
-1.43484, 3.00979, 0.970933
-1.45544, 3.00979, 0.971125
-1.49214, 3.00968, 0.971526
-1.53116, 3.00947, 0.971982
-1.54998, 3.00927, 0.972199
-1.57062, 3.00901, 0.972447
-1.60729, 3.00853, 0.972907
-1.62792, 3.00828, 0.973186
-1.66443, 3.00764, 0.973595
-1.68498, 3.00724, 0.973683
-1.70319, 3.00682, 0.973659
-1.74183, 3.00572, 0.973532
-1.75995, 3.00513, 0.973453
-1.79832, 3.0039, 0.973437
-1.81636, 3.00334, 0.973492
-1.83436, 3.00281, 0.973606
-1.87257, 3.00183, 0.974045
-1.91079, 3.00082, 0.974533
-1.92879, 3.00033, 0.974714
-1.96709, 2.99925, 0.974966
-1.98515, 2.9987, 0.975014
-2.00319, 2.99814, 0.974984
-2.04151, 2.99697, 0.974805
-2.07991, 2.99594, 0.974412
-2.09797, 2.9955, 0.974188
-2.11602, 2.99511, 0.973922
-2.15443, 2.99432, 0.97324
-2.17256, 2.99396, 0.972831
-2.21117, 2.99326, 0.97186
-2.22937, 2.99297, 0.971451
-2.24988, 2.99265, 0.971051
-2.28647, 2.99221, 0.970378
-2.32553, 2.9918, 0.969735
-2.34392, 2.99159, 0.969468
-2.38304, 2.99113, 0.968955
-2.40145, 2.99094, 0.968698
-2.42227, 2.99078, 0.968391
-2.45941, 2.99059, 0.967993
-2.499, 2.99042, 0.967676
-2.51768, 2.99038, 0.967549
-2.53881, 2.99038, 0.967376
-2.57637, 2.99043, 0.967241
-2.59748, 2.99055, 0.967226
-2.63512, 2.9909, 0.967236
-2.65637, 2.99117, 0.967204
-2.69411, 2.99172, 0.967299
-2.71528, 2.99205, 0.967459
-2.75297, 2.9928, 0.967672
-2.79299, 2.99382, 0.96773
-2.81173, 2.9943, 0.967806
-2.83277, 2.99482, 0.967922
-2.87014, 2.99575, 0.968176
-2.88881, 2.99619, 0.968316
-2.9283, 2.9971, 0.968616
-2.94907, 2.99752, 0.968843
-2.96748, 2.99788, 0.969057
-3.00645, 2.99854, 0.969551
-3.04294, 2.99903, 0.970005
-3.06339, 2.99925, 0.970311
-3.0996, 2.9996, 0.970807
-3.11992, 2.99971, 0.970997
-3.15598, 2.99987, 0.971355
-3.17618, 2.99992, 0.971615
-3.21213, 2.99987, 0.971996
-3.23235, 2.99976, 0.972104
-3.2683, 2.99951, 0.972316
-3.28625, 2.99933, 0.972417
-3.32491, 2.9988, 0.972596
-3.36318, 2.99809, 0.972678
-3.38126, 2.99772, 0.972737
-3.39935, 2.99729, 0.972749
-3.43785, 2.99625, 0.972763
-3.47417, 2.99501, 0.972841
-3.49462, 2.99424, 0.972831
-3.53321, 2.9928, 0.972803
-3.55133, 2.99208, 0.972779
-3.58993, 2.99054, 0.972708
-3.60813, 2.98986, 0.97264
-3.64684, 2.98843, 0.972342
-3.66497, 2.98773, 0.972212
-3.68299, 2.98704, 0.972096
-3.72065, 2.98536, 0.971981
-3.75694, 2.98343, 0.972164
-3.77343, 2.98221, 0.972322
-3.80511, 2.97906, 0.972836
-3.82205, 2.97675, 0.97319
-3.8521, 2.97145, 0.973994
-3.86532, 2.96848, 0.974383
-3.88995, 2.96157, 0.97531
-3.90263, 2.95704, 0.975958
-3.91328, 2.95271, 0.976556
-3.93394, 2.94234, 0.977748
-3.95075, 2.93083, 0.978871
-3.966, 2.9169, 0.980251
-3.97326, 2.90895, 0.981024
-3.97892, 2.90128, 0.981722
-3.98873, 2.88454, 0.982902
-3.99326, 2.87428, 0.983442
-4.00095, 2.85432, 0.984132
-4.00387, 2.84432, 0.984336
-4.00881, 2.82187, 0.984493
-4.01079, 2.81101, 0.98447
-4.01439, 2.78731, 0.984225
-4.0169, 2.76392, 0.983852
-4.01796, 2.75196, 0.983695
-4.01889, 2.7381, 0.983545
-4.02073, 2.71227, 0.983152
-4.02213, 2.68736, 0.982564
-4.0236, 2.66054, 0.981659
-4.02438, 2.64802, 0.981106
-4.0253, 2.63413, 0.980437
-4.02718, 2.60918, 0.979145
-4.02847, 2.59508, 0.978375
-4.03101, 2.57043, 0.977083
-4.03254, 2.55673, 0.976439
-4.03586, 2.53238, 0.975406
-4.03809, 2.51869, 0.974941
-4.04208, 2.49468, 0.974262
-4.04658, 2.46944, 0.973804
-4.04892, 2.45764, 0.973676
-4.05133, 2.44587, 0.973572
-4.0568, 2.42111, 0.973335
-4.06194, 2.39661, 0.973058
-4.06714, 2.37391, 0.972796
-4.07031, 2.36136, 0.972663
-4.0729, 2.35021, 0.972516
-4.07813, 2.32657, 0.972238
-4.08308, 2.30456, 0.972067
-4.08816, 2.2814, 0.971964
-4.09034, 2.26898, 0.971951
-4.09237, 2.25803, 0.971983
-4.09646, 2.23482, 0.972074
-4.09952, 2.21279, 0.972241
-4.10084, 2.20025, 0.972287
-4.10303, 2.17801, 0.972296
-4.10388, 2.16681, 0.972292
-4.10519, 2.14297, 0.972255
-4.10539, 2.13012, 0.972277
-4.10534, 2.10736, 0.972259
-4.10503, 2.0946, 0.972203
-4.10372, 2.07167, 0.972141
-4.10264, 2.05861, 0.972176
-4.10018, 2.03528, 0.97223
-4.0968, 2.01038, 0.9723
-4.09495, 1.99855, 0.972379
-4.09272, 1.98513, 0.972457
-4.08829, 1.96114, 0.972576
-4.08304, 1.93542, 0.972704
-4.07754, 1.90945, 0.972881
-4.07483, 1.89721, 0.97294
-4.07206, 1.88489, 0.97299
-4.06589, 1.85829, 0.97311
-4.06014, 1.83349, 0.973198
-4.05692, 1.8195, 0.973234
-4.05103, 1.79464, 0.973258
-4.04765, 1.78065, 0.973274
-4.04148, 1.7542, 0.973252
-4.03854, 1.74172, 0.973167
-4.03229, 1.71524, 0.973166
-4.02942, 1.70284, 0.97319
-4.02388, 1.67807, 0.973225
-4.02092, 1.66413, 0.973274
-4.01577, 1.6395, 0.97353
-4.01296, 1.6257, 0.973756
-4.00831, 1.60123, 0.974343
-4.00585, 1.58743, 0.974638
-4.00169, 1.56304, 0.975129
-3.99948, 1.54932, 0.975454
-3.99563, 1.52325, 0.976159
-3.99392, 1.511, 0.976513
-3.99071, 1.48651, 0.977273
-3.98904, 1.47277, 0.977713
-3.98618, 1.4467, 0.978531
-3.98371, 1.42214, 0.979349
-3.98254, 1.40989, 0.979757
-3.98128, 1.39612, 0.980202
-3.9802, 1.38385, 0.980582
-3.97811, 1.35765, 0.981418
-3.97632, 1.33286, 0.98216
-3.97539, 1.31887, 0.982594
-3.97462, 1.3064, 0.98298
-3.97309, 1.27982, 0.983858
-3.9724, 1.26731, 0.984304
-3.97092, 1.24067, 0.985241
-3.97021, 1.22808, 0.985648
-3.96875, 1.20283, 0.986398
-3.96799, 1.18857, 0.986793
-3.96649, 1.1617, 0.987549
-3.96507, 1.13632, 0.988188
-3.96431, 1.12198, 0.988491
-3.96358, 1.10929, 0.988745
-3.96201, 1.08238, 0.989238
-3.96064, 1.05723, 0.989664
-3.95922, 1.03053, 0.990056
-3.95855, 1.01799, 0.990231
-3.95773, 1.00393, 0.990428
-3.95637, 0.977429, 0.99077
-3.95505, 0.952681, 0.991008
-3.95439, 0.940331, 0.991117
-3.95292, 0.914249, 0.991185
-3.95228, 0.902006, 0.991173
-3.95099, 0.876092, 0.991118
-3.9504, 0.86389, 0.991106
-3.94929, 0.838076, 0.991081
-3.94883, 0.825937, 0.991077
-3.94798, 0.800175, 0.990948
-3.94763, 0.788072, 0.99088
-3.94685, 0.762466, 0.990643
-3.94655, 0.748924, 0.990522
-3.94608, 0.724962, 0.9903
-3.94587, 0.713184, 0.990202
-3.94545, 0.688583, 0.98999
-3.94538, 0.676985, 0.989926
-3.94514, 0.652295, 0.989707
-3.94496, 0.64067, 0.989627
-3.94466, 0.616015, 0.989491
-3.94456, 0.604361, 0.989508
-3.94448, 0.579499, 0.989605
-3.94453, 0.554639, 0.989767
-3.94455, 0.542913, 0.98987
-3.94455, 0.531183, 0.989973
-3.9447, 0.506151, 0.990109
-3.94475, 0.480888, 0.99018
-3.94503, 0.457664, 0.990181
-3.94519, 0.445403, 0.990182
-3.9453, 0.434399, 0.990188
-3.94553, 0.410574, 0.990255
-3.94591, 0.387718, 0.990325
-3.94616, 0.374522, 0.990346
-3.94661, 0.350943, 0.990455
-3.9469, 0.337619, 0.990557
-3.94759, 0.311713, 0.990696
-3.94783, 0.300615, 0.990779
-3.94848, 0.273528, 0.991169
-3.94881, 0.25887, 0.991456
-3.94956, 0.232595, 0.991874
-3.94998, 0.219548, 0.992056
-3.95105, 0.191707, 0.992313
-3.95227, 0.163406, 0.992322
-3.95293, 0.150097, 0.992295
-3.95362, 0.136782, 0.992268
-3.95527, 0.108555, 0.992134
-3.95694, 0.0819541, 0.991941
-3.95903, 0.052195, 0.991564
-3.95995, 0.0390793, 0.99132
-3.961, 0.0243253, 0.990983
-3.96289, -0.00152232, 0.990517
-3.96484, -0.0269852, 0.990214
-3.96696, -0.0537511, 0.989756
-3.96799, -0.0663227, 0.989579
-3.96912, -0.080364, 0.989366
-3.97123, -0.10658, 0.989093
-3.97312, -0.131064, 0.98883
-3.97414, -0.144733, 0.988656
-3.97593, -0.168797, 0.988395
-3.97696, -0.182158, 0.988261
-3.97774, -0.192452, 0.988131
-3.9797, -0.218688, 0.987949
-3.98057, -0.230249, 0.987849
-3.98225, -0.253195, 0.98752
-3.98303, -0.264604, 0.98739
-3.98458, -0.288797, 0.987131
-3.98528, -0.300143, 0.98698
-3.98683, -0.32558, 0.986634
-3.9882, -0.348195, 0.986177
-3.98896, -0.360917, 0.985898
-3.99034, -0.383598, 0.985319
-3.99104, -0.394962, 0.985016
-3.99251, -0.420627, 0.984387
-3.99305, -0.43066, 0.98415
-3.99416, -0.454927, 0.983392
-3.99469, -0.467801, 0.983048
-3.99555, -0.490868, 0.982422
-3.99639, -0.51552, 0.981751
-3.9968, -0.527134, 0.981422
-3.99726, -0.540196, 0.98107
-3.99801, -0.563535, 0.980488
-3.99879, -0.588397, 0.979894
-3.99917, -0.600067, 0.979616
-3.99986, -0.623514, 0.979161
-4.00023, -0.636702, 0.978962
-4.00092, -0.660221, 0.978598
-4.00173, -0.686769, 0.978416
-4.0021, -0.698642, 0.978336
-4.00287, -0.72409, 0.978252
-4.00318, -0.734538, 0.978276
-4.00396, -0.761542, 0.978383
-4.0043, -0.773596, 0.978472
-4.00502, -0.799381, 0.978647
-4.00535, -0.811511, 0.978732
-4.00602, -0.837254, 0.978989
-4.00636, -0.849386, 0.979183
-4.0072, -0.875206, 0.979542
-4.0076, -0.887301, 0.979712
-4.00846, -0.913022, 0.980076
-4.00885, -0.923615, 0.980207
-4.0098, -0.950814, 0.98045
-4.01021, -0.962865, 0.980564
-4.01106, -0.988407, 0.980794
-4.01145, -1.00042, 0.980923
-4.01228, -1.02597, 0.981265
-4.01265, -1.03793, 0.981426
-4.01338, -1.06336, 0.981784
-4.01401, -1.08744, 0.982061
-4.01427, -1.09954, 0.982187
-4.01455, -1.11313, 0.982332
-4.01501, -1.13872, 0.982493
-4.01536, -1.16294, 0.982563
-4.01562, -1.18879, 0.98249
-4.01566, -1.20247, 0.982426
-4.01569, -1.21465, 0.982366
-4.01567, -1.239, 0.982216
-4.01559, -1.26495, 0.982064
-4.01554, -1.27869, 0.981971
-4.01547, -1.30329, 0.981923
-4.01541, -1.31564, 0.981927
-4.01526, -1.34034, 0.981916
-4.01512, -1.35465, 0.981886
-4.01493, -1.37962, 0.981796
-4.01481, -1.39363, 0.981725
-4.01455, -1.42013, 0.981729
-4.01439, -1.43252, 0.981746
-4.01401, -1.45864, 0.981798
-4.01354, -1.48451, 0.981928
-4.01327, -1.49659, 0.98198
-4.01298, -1.50865, 0.982065
-4.01235, -1.53282, 0.982345
-4.01154, -1.55982, 0.98269
-4.01122, -1.57023, 0.98272
-4.01056, -1.59542, 0.982789
-4.01019, -1.6087, 0.982804
-4.00958, -1.63213, 0.982906
-4.0093, -1.64513, 0.982997
-4.00885, -1.66965, 0.983189
-4.00869, -1.68114, 0.98331
-4.00849, -1.70553, 0.9836
-4.0084, -1.71704, 0.98373
-4.00827, -1.74008, 0.984024
-4.00824, -1.76464, 0.984462
-4.00826, -1.77617, 0.98467
-4.00831, -1.78915, 0.984891
-4.00841, -1.81226, 0.985231
-4.0086, -1.8369, 0.985644
-4.00888, -1.86162, 0.986208
-4.00897, -1.87177, 0.986369
-4.00916, -1.88487, 0.986671
-4.00945, -1.90822, 0.98709
-4.0097, -1.93468, 0.987439
-4.00971, -1.94497, 0.987528
-4.00969, -1.9699, 0.987774
-4.00965, -1.98161, 0.987922
-4.00951, -2.00811, 0.988165
-4.00942, -2.01844, 0.988207
-4.00916, -2.04359, 0.988339
-4.00898, -2.0569, 0.988345
-4.00879, -2.0703, 0.988383
-4.00843, -2.09411, 0.988383
-4.00801, -2.11809, 0.988545
-4.0074, -2.14511, 0.988775
-4.00709, -2.15711, 0.988829
-4.00676, -2.16914, 0.988844
-4.0061, -2.1932, 0.9888
-4.00536, -2.22025, 0.988709
-4.00504, -2.23229, 0.988685
-4.00475, -2.24432, 0.988652
-4.00419, -2.2699, 0.988459
-4.00393, -2.28192, 0.988372
-4.00344, -2.30582, 0.988146
-4.00301, -2.33262, 0.987927
-4.00285, -2.34304, 0.987852
-4.00265, -2.35627, 0.987677
-4.00232, -2.37974, 0.987393
-4.002, -2.40615, 0.98714
-4.00189, -2.41791, 0.987066
-4.00179, -2.44303, 0.986941
-4.00179, -2.46684, 0.986685
-4.00182, -2.47883, 0.986553
-4.00195, -2.50434, 0.98624
-4.00224, -2.5301, 0.9859
-4.00239, -2.54225, 0.985721
-4.00253, -2.55438, 0.985523
-4.00277, -2.58034, 0.985235
-4.00302, -2.60598, 0.984962
-4.00309, -2.61807, 0.984874
-4.00312, -2.63013, 0.984797
-4.00298, -2.65568, 0.984503
-4.00277, -2.66766, 0.984426
-4.00204, -2.6928, 0.984348
-4.00074, -2.71765, 0.984177
-3.99984, -2.72933, 0.984193
-3.99873, -2.74098, 0.984277
-3.99573, -2.7655, 0.984568
-3.9919, -2.7881, 0.985046
-3.98929, -2.80056, 0.985305
-3.9832, -2.82362, 0.985943
-3.97985, -2.8342, 0.98624
-3.97157, -2.85616, 0.986839
-3.96708, -2.86626, 0.987194
-3.95616, -2.88717, 0.987923
-3.95044, -2.89669, 0.988287
-3.94432, -2.906, 0.98869
-3.92995, -2.92511, 0.989714
-3.91319, -2.94316, 0.990926
-3.90463, -2.95127, 0.991488
-3.88482, -2.96772, 0.992718
-3.87459, -2.97509, 0.993347
-3.85237, -2.98918, 0.994714
-3.83877, -2.99665, 0.995456
-3.81176, -3.00986, 0.996495
-3.79818, -3.01563, 0.996921
-3.78411, -3.02115, 0.997272
-3.75258, -3.03186, 0.997887
-3.71955, -3.04122, 0.998325
-3.68663, -3.04893, 0.998502
-3.66731, -3.05282, 0.998565
-3.64997, -3.05601, 0.998551
-3.61248, -3.0618, 0.998479
-3.59425, -3.06411, 0.998425
-3.55427, -3.06829, 0.998249
-3.53514, -3.06991, 0.998136
-3.49378, -3.07263, 0.997779
-3.47389, -3.07362, 0.997579
-3.43077, -3.07521, 0.997231
-3.41024, -3.07572, 0.997125
-3.36855, -3.07628, 0.996885
-3.34488, -3.07624, 0.996714
-3.2995, -3.07578, 0.996455
-3.27803, -3.07533, 0.996386
-3.23217, -3.07394, 0.996224
-3.21043, -3.07319, 0.996158
-3.18809, -3.07233, 0.996081
-3.14169, -3.07044, 0.995876
-3.09801, -3.06828, 0.995677
-3.0733, -3.06687, 0.995636
-3.05139, -3.06573, 0.995706
-3.00485, -3.06335, 0.996151
-2.983, -3.06212, 0.996318
-2.93642, -3.05931, 0.996709
-2.89273, -3.05684, 0.997292
-2.86834, -3.05567, 0.997741
-2.84652, -3.0545, 0.99805
-2.8, -3.05197, 0.998696
-2.7782, -3.05096, 0.998984
-2.7322, -3.04909, 0.999645
-2.71056, -3.04819, 0.999977
-2.68894, -3.0473, 1.00028
-2.64289, -3.04549, 1.00101
-2.59726, -3.04405, 1.00174
-2.5757, -3.04329, 1.00202
-2.52962, -3.04146, 1.00255
-2.50799, -3.04068, 1.00283
-2.48632, -3.03988, 1.0031
-2.44052, -3.03838, 1.00351
-2.39423, -3.03659, 1.00365
-2.37249, -3.03581, 1.00363
-2.35073, -3.03498, 1.00355
-2.30465, -3.03328, 1.00341
-2.28286, -3.03238, 1.00327
-2.23621, -3.0302, 1.00287
-2.21426, -3.02913, 1.00265
-2.18971, -3.02795, 1.00238
-2.14574, -3.02557, 1.00176
-2.09865, -3.02277, 1.001
-2.05155, -3.01985, 1.00035
-2.02929, -3.01836, 1.00003
-2.00698, -3.01682, 0.999731
-1.95922, -3.0133, 0.999097
-1.93671, -3.01156, 0.998835
-1.88893, -3.00778, 0.998266
-1.86635, -3.00595, 0.997986
-1.84083, -3.00387, 0.997728
-1.79546, -3, 0.997375
-1.74732, -2.99577, 0.997082
-1.72471, -2.99382, 0.996983
-1.67734, -2.98969, 0.996862
-1.65524, -2.98772, 0.996853
-1.63038, -2.98535, 0.996861
-1.58565, -2.98115, 0.996891
-1.53765, -2.97678, 0.996962
-1.51496, -2.97475, 0.996977
-1.48937, -2.9724, 0.99701
-1.44364, -2.96842, 0.996974
-1.41783, -2.96632, 0.996983
-1.37169, -2.96258, 0.996832
-1.34802, -2.9608, 0.996724
-1.32495, -2.95915, 0.996628
-1.27592, -2.95581, 0.996187
-1.22697, -2.95307, 0.99573
-1.20393, -2.95191, 0.995468
-1.15517, -2.94985, 0.994851
-1.1323, -2.94913, 0.994518
-1.10668, -2.94853, 0.994104
-1.06128, -2.94776, 0.993172
-1.01343, -2.94722, 0.992
-0.988299, -2.94709, 0.991321
-0.966036, -2.94698, 0.99076
-0.92181, -2.94694, 0.989552
-0.897254, -2.94694, 0.98884
-0.854005, -2.94724, 0.987727
-0.829862, -2.94758, 0.98723
-0.78733, -2.94822, 0.986379
-0.763693, -2.94857, 0.985917
-0.721974, -2.9494, 0.985348
-0.698616, -2.94994, 0.985173
-0.657388, -2.95079, 0.984931
-0.634386, -2.95123, 0.984863
-0.59351, -2.95217, 0.984852
-0.570514, -2.95274, 0.984892
-0.529852, -2.95353, 0.985126
-0.509554, -2.95386, 0.985286
-0.486773, -2.95409, 0.985504
-0.443552, -2.95468, 0.98596
-0.402699, -2.95496, 0.986424
-0.382243, -2.95506, 0.986606
-0.338658, -2.95504, 0.987081
-0.31549, -2.95521, 0.987345
-0.294825, -2.95524, 0.98758
-0.253346, -2.95522, 0.988117
-0.208967, -2.95498, 0.988667
-0.185326, -2.95502, 0.988916
-0.164207, -2.95493, 0.989163
-0.121773, -2.9548, 0.989748
-0.0763845, -2.95473, 0.990387
-0.0522876, -2.955, 0.990663
-0.0307429, -2.95517, 0.990893
0.0152549, -2.9555, 0.991359
0.0369455, -2.95573, 0.991555
0.0830894, -2.95646, 0.99191
0.104967, -2.95682, 0.992075
0.14864, -2.95772, 0.9923
0.173273, -2.95822, 0.99235
0.219807, -2.95955, 0.992357
0.241759, -2.96018, 0.992314
0.288442, -2.96166, 0.992169
0.310359, -2.96251, 0.992063
0.332767, -2.96344, 0.991933
0.376277, -2.96539, 0.991576
0.423816, -2.96772, 0.991194
0.444666, -2.96866, 0.991041
0.465536, -2.96956, 0.990837
0.507383, -2.97125, 0.990304
0.530964, -2.97216, 0.98994
0.5757, -2.9738, 0.989318
0.620633, -2.9753, 0.988821
0.639179, -2.97593, 0.988676
0.663071, -2.9766, 0.98857
0.70829, -2.97784, 0.988518
0.729633, -2.9784, 0.988499
0.772329, -2.97946, 0.988529
0.796384, -2.97996, 0.988651
0.817792, -2.98041, 0.988812
0.86339, -2.98139, 0.98925
0.909178, -2.98239, 0.989887
0.930685, -2.98285, 0.990245
0.954867, -2.98337, 0.99063
0.9981, -2.98421, 0.991302
1.0224, -2.98469, 0.99172
1.06535, -2.98553, 0.992429
1.1082, -2.98633, 0.993189
1.13226, -2.98682, 0.993607
1.15354, -2.98723, 0.99397
1.19865, -2.98807, 0.99476
1.21984, -2.9885, 0.995128
1.26474, -2.98955, 0.995708
1.28839, -2.99009, 0.995975
1.30676, -2.99058, 0.996117
1.35112, -2.99167, 0.996579
1.39546, -2.99285, 0.99695
1.4188, -2.99344, 0.997131
1.46023, -2.99452, 0.997279
1.48351, -2.99515, 0.997237
1.50423, -2.99572, 0.997147
1.54816, -2.99688, 0.996838
1.58948, -2.99783, 0.99632
1.61014, -2.99826, 0.995991
1.63082, -2.99864, 0.99567
1.6774, -2.99943, 0.994943
1.69806, -2.99973, 0.994664
1.74208, -3.00016, 0.99407
1.76027, -3.0002, 0.993779
1.80771, -3.00013, 0.99305
1.82598, -3.00003, 0.992782
1.8706, -2.99975, 0.992206
1.91287, -2.99923, 0.991731
1.93673, -2.99886, 0.991439
1.95801, -2.99855, 0.99118
2.00345, -2.99796, 0.990716
2.02756, -2.99762, 0.990357
2.0706, -2.99706, 0.989794
2.09222, -2.99681, 0.989495
2.11396, -2.99665, 0.989199
2.16292, -2.99639, 0.988548
2.20651, -2.99621, 0.987914
2.23103, -2.99615, 0.987607
2.27478, -2.99604, 0.98708
2.29662, -2.99602, 0.986849
2.36752, -2.99608, 0.986109
2.41378, -2.99609, 0.985592
2.457, -2.99607, 0.985086
2.52155, -2.99603, 0.984365
2.56961, -2.9958, 0.983948
2.63326, -2.99526, 0.983701
2.67815, -2.99481, 0.983592
2.72271, -2.99421, 0.9834
2.78815, -2.99336, 0.983446
2.83249, -2.99257, 0.983493
2.89753, -2.99143, 0.983776
2.93922, -2.99062, 0.984068
2.98328, -2.98972, 0.984277
3.04831, -2.98849, 0.984799
3.08978, -2.98778, 0.985019
3.13371, -2.98693, 0.985175
3.19855, -2.98604, 0.985589
3.24254, -2.98558, 0.985884
3.28401, -2.9853, 0.986289
3.35216, -2.98525, 0.98723
3.39374, -2.98538, 0.987821
3.43796, -2.98564, 0.988465
3.48213, -2.98602, 0.988996
3.54713, -2.9866, 0.989601
3.58876, -2.98687, 0.989564
3.6329, -2.98695, 0.989414
3.69806, -2.98669, 0.989836
3.74197, -2.98591, 0.990648
3.78219, -2.98435, 0.991705
3.84212, -2.9799, 0.994151
3.87987, -2.97487, 0.996494
3.91479, -2.96806, 0.99911
3.94488, -2.95974, 1.00196
3.98582, -2.9431, 1.00708
4.00955, -2.92934, 1.01084
4.03809, -2.9046, 1.01679
4.05384, -2.88544, 1.02091
4.06586, -2.86543, 1.02466
4.07582, -2.84211, 1.02854
4.0868, -2.80565, 1.03391
4.09164, -2.77888, 1.03749
4.09498, -2.75315, 1.04068
4.09852, -2.7118, 1.04568
4.09979, -2.68306, 1.04931
4.1007, -2.6562, 1.05272
4.10167, -2.61469, 1.05826
4.10235, -2.58666, 1.06217
4.10319, -2.56083, 1.06592
4.10422, -2.53381, 1.06983
4.10681, -2.49479, 1.07516
4.10881, -2.46887, 1.07839
4.11113, -2.44504, 1.08128
4.11414, -2.42042, 1.08451
4.11846, -2.38534, 1.08915
4.12211, -2.36249, 1.09225
4.12677, -2.32986, 1.09684
4.12973, -2.30981, 1.0997
4.1329, -2.28905, 1.10274
4.13517, -2.26824, 1.10578
4.13831, -2.23842, 1.11022
4.13937, -2.2181, 1.11319
4.14006, -2.19907, 1.11613
4.14036, -2.17895, 1.11945
4.13916, -2.14846, 1.12496
4.13779, -2.12748, 1.12899
4.13567, -2.10728, 1.13293
4.13097, -2.07431, 1.13917
4.12708, -2.05118, 1.14343
4.12232, -2.02727, 1.14775
4.11437, -1.99108, 1.1541
4.10864, -1.96713, 1.1582
4.10217, -1.94108, 1.16251
4.09536, -1.91448, 1.16676
4.0849, -1.87454, 1.17297
4.07796, -1.84811, 1.17707
4.07064, -1.82007, 1.18155
4.06375, -1.79348, 1.18583
4.05318, -1.75185, 1.19305
4.04616, -1.72367, 1.19794
4.03982, -1.69708, 1.20214
4.02984, -1.65383, 1.20869
4.02401, -1.62708, 1.21274
4.01825, -1.59873, 1.21702
4.01334, -1.57228, 1.22087
4.00632, -1.52959, 1.2273
4.00239, -1.50361, 1.23134
3.99876, -1.47636, 1.23565
3.99561, -1.44924, 1.24008
3.9917, -1.4099, 1.24669
3.98959, -1.38508, 1.25108
3.98759, -1.35889, 1.25569
3.98592, -1.3344, 1.25991
3.98335, -1.29479, 1.26684
3.9818, -1.27062, 1.27118
3.98008, -1.2452, 1.27576
3.97761, -1.20764, 1.2822
3.97582, -1.18237, 1.28627
3.97416, -1.15852, 1.29002
3.97233, -1.13303, 1.29395
3.96925, -1.09576, 1.29974
3.96717, -1.07031, 1.30358
3.96614, -1.05834, 1.30538
3.96402, -1.03448, 1.30897
3.96162, -1.00896, 1.31295
3.96048, -0.99551, 1.31508
3.9583, -0.971759, 1.31892
3.95723, -0.959877, 1.32083
3.95504, -0.934662, 1.32505
3.95413, -0.922729, 1.32705
3.95237, -0.897135, 1.33119
3.95162, -0.885018, 1.33309
3.95017, -0.859093, 1.33726
3.94896, -0.832924, 1.34164
3.94841, -0.820556, 1.34377
3.94787, -0.808106, 1.34592
3.94673, -0.781494, 1.35047
3.94584, -0.756233, 1.35481
3.94495, -0.727787, 1.35967
3.94459, -0.715116, 1.3618
3.94424, -0.702422, 1.36388
3.94365, -0.675367, 1.36816
3.94306, -0.648449, 1.37232
3.94284, -0.635852, 1.37429
3.94242, -0.610757, 1.37812
3.94224, -0.598212, 1.38001
3.94193, -0.570058, 1.38422
3.94182, -0.557587, 1.38606
3.94167, -0.532782, 1.38975
3.94169, -0.518879, 1.39175
3.94169, -0.492724, 1.39545
3.94189, -0.46834, 1.3988
3.9421, -0.454721, 1.40063
3.94242, -0.430626, 1.40388
3.94257, -0.418663, 1.40553
3.94288, -0.393346, 1.40918
3.94308, -0.381443, 1.41099
3.94355, -0.356151, 1.41499
3.94401, -0.330906, 1.41905
3.94425, -0.319007, 1.42102
3.9445, -0.307054, 1.42305
3.94518, -0.281489, 1.42753
3.94582, -0.25734, 1.4317
3.94648, -0.231603, 1.43612
3.94689, -0.217622, 1.43855
3.94715, -0.205431, 1.44062
3.94767, -0.181023, 1.44476
3.94838, -0.153435, 1.44956
3.94908, -0.128647, 1.45395
3.94948, -0.116189, 1.45622
3.94991, -0.103737, 1.45847
3.95093, -0.07725, 1.46325
3.952, -0.0507503, 1.46793
3.95252, -0.0383112, 1.47009
3.95366, -0.0119786, 1.47476
3.9542, 0.00035763, 1.47698
3.95538, 0.026508, 1.48159
3.9559, 0.0387128, 1.48372
3.95694, 0.0644478, 1.48827
3.95754, 0.078012, 1.49071
3.95867, 0.101988, 1.49497
3.95931, 0.113959, 1.49712
3.96068, 0.139345, 1.50164
3.96187, 0.16335, 1.50592
3.96253, 0.176917, 1.5083
3.96313, 0.188974, 1.51049
3.96438, 0.214682, 1.51514
3.96551, 0.239124, 1.51949
3.96674, 0.265259, 1.52395
3.9674, 0.279232, 1.52628
3.96795, 0.291723, 1.52831
3.96906, 0.318244, 1.53254
3.97011, 0.343296, 1.53648
3.97062, 0.355836, 1.53846
3.97169, 0.384101, 1.54289
3.97215, 0.396673, 1.54484
3.97304, 0.421762, 1.54867
3.97387, 0.448579, 1.55282
3.97422, 0.461234, 1.55475
3.97497, 0.488473, 1.5589
3.9753, 0.501199, 1.56075
3.97607, 0.528287, 1.56467
3.97642, 0.540987, 1.56648
3.97714, 0.567859, 1.57016
3.97742, 0.580473, 1.57184
3.97808, 0.607236, 1.5756
3.97839, 0.619814, 1.57745
3.97907, 0.646539, 1.58145
3.97982, 0.673232, 1.58561
3.98016, 0.685736, 1.58761
3.98081, 0.710683, 1.59171
3.98113, 0.724645, 1.59404
3.98168, 0.751012, 1.59864
3.98226, 0.775697, 1.60312
3.98252, 0.787991, 1.60547
3.98278, 0.801768, 1.60808
3.98317, 0.827784, 1.61321
3.98343, 0.852131, 1.6181
3.98373, 0.877849, 1.62316
3.98383, 0.889873, 1.62557
3.98385, 0.903397, 1.62832
3.98389, 0.927289, 1.63302
3.98389, 0.95251, 1.63794
3.98382, 0.977619, 1.64279
3.98377, 0.989383, 1.64501
3.98373, 1.00114, 1.64721
3.98366, 1.02609, 1.65177
3.98349, 1.05088, 1.65621
3.98333, 1.07412, 1.66024
3.98327, 1.08715, 1.66249
3.98321, 1.09877, 1.66453
3.9831, 1.12231, 1.66864
3.98301, 1.1455, 1.67255
3.98293, 1.15858, 1.67474
3.98287, 1.18319, 1.67896
3.98284, 1.19476, 1.68096
3.9827, 1.21959, 1.68523
3.98248, 1.2446, 1.68957
3.98237, 1.25649, 1.69159
3.98212, 1.28175, 1.69585
3.98198, 1.29362, 1.69784
3.98167, 1.31889, 1.70212
3.98151, 1.3308, 1.70413
3.98119, 1.35466, 1.70816
3.98101, 1.3681, 1.71048
3.98076, 1.39334, 1.71488
3.98067, 1.40519, 1.71702
3.98052, 1.43038, 1.72163
3.98045, 1.4541, 1.72605
3.98045, 1.46742, 1.72856
3.98047, 1.47924, 1.7308
3.98055, 1.50416, 1.73551
3.9807, 1.52736, 1.73988
3.98095, 1.55193, 1.74452
3.9811, 1.56344, 1.74665
3.98125, 1.57492, 1.74878
3.9816, 1.59936, 1.75331
3.98198, 1.62374, 1.75781
3.98218, 1.63518, 1.75992
3.98275, 1.65942, 1.76434
3.98305, 1.6709, 1.76639
3.98372, 1.69536, 1.77063
3.98405, 1.70689, 1.77259
3.98488, 1.73147, 1.7767
3.98534, 1.74308, 1.77865
3.9863, 1.76768, 1.78282
3.98676, 1.77926, 1.78475
3.98781, 1.80407, 1.78878
3.98882, 1.82805, 1.79241
3.98935, 1.84161, 1.7944
3.98984, 1.85374, 1.79611
3.99081, 1.87809, 1.79957
3.99193, 1.90413, 1.80344
3.99248, 1.91787, 1.80548
3.99348, 1.94226, 1.80905
3.99401, 1.95599, 1.81104
3.99481, 1.98034, 1.81457
3.99521, 1.994, 1.81661
3.99596, 2.01818, 1.8201
3.99636, 2.03172, 1.82198
3.9971, 2.05579, 1.8254
3.99749, 2.06935, 1.82735
3.99814, 2.09349, 1.8309
3.99867, 2.11912, 1.83476
3.99888, 2.13114, 1.8366
3.99908, 2.14459, 1.8387
3.99934, 2.16838, 1.84253
3.9995, 2.19373, 1.84665
3.99959, 2.2192, 1.85112
3.99964, 2.23119, 1.85331
3.99967, 2.24318, 1.8555
3.9997, 2.26874, 1.86035
3.99972, 2.28089, 1.86268
3.99968, 2.30681, 1.86776
3.99966, 2.31898, 1.87018
3.99967, 2.34494, 1.87526
3.99968, 2.35716, 1.87766
3.99974, 2.38318, 1.88265
4.00002, 2.40963, 1.88772
4.00016, 2.42196, 1.89007
4.00028, 2.43432, 1.89241
4.00044, 2.45911, 1.89712
4.00052, 2.48551, 1.90218
4.00055, 2.51162, 1.90689
4.00054, 2.52387, 1.90905
4.00054, 2.5361, 1.91121
4.00043, 2.56361, 1.91594
4.00034, 2.57589, 1.91806
4.0001, 2.60046, 1.92245
3.99992, 2.61432, 1.92498
3.9994, 2.64039, 1.92965
3.99904, 2.65268, 1.93181
3.99788, 2.67874, 1.93622
3.99628, 2.70322, 1.9402
3.99528, 2.71544, 1.94219
3.99398, 2.72907, 1.94435
3.99084, 2.75462, 1.94823
3.98708, 2.77829, 1.95159
3.98487, 2.79001, 1.95324
3.97942, 2.81445, 1.95656
3.9764, 2.82581, 1.95802
3.96894, 2.84962, 1.96093
3.96496, 2.8606, 1.96229
3.95544, 2.88335, 1.96514
3.95034, 2.89377, 1.96644
3.94411, 2.90525, 1.96786
3.93194, 2.925, 1.97026
3.91723, 2.94512, 1.97274
3.90133, 2.96321, 1.97503
3.89133, 2.973, 1.97626
3.88091, 2.98247, 1.97743
3.85999, 2.99889, 1.97925
3.84904, 3.00657, 1.98007
3.82439, 3.02194, 1.98156
3.812, 3.0287, 1.98216
3.78407, 3.04212, 1.98327
3.76873, 3.04851, 1.98399
3.73976, 3.05877, 1.98505
3.70701, 3.06825, 1.9861
3.69108, 3.07226, 1.98659
3.67479, 3.07599, 1.98706
3.63917, 3.083, 1.98802
3.62179, 3.08589, 1.98841
3.5839, 3.09118, 1.98918
3.56577, 3.09328, 1.98953
3.5266, 3.09689, 1.99041
3.5077, 3.09822, 1.9909
3.4667, 3.10025, 1.99204
3.42487, 3.10131, 1.99315
3.40486, 3.10151, 1.9937
3.38468, 3.1015, 1.99427
3.34121, 3.10102, 1.9954
3.32056, 3.10056, 1.99589
3.27649, 3.09905, 1.99691
3.25561, 3.09816, 1.99735
3.23202, 3.09718, 1.99784
3.18722, 3.09485, 1.99871
3.14467, 3.09257, 1.99941
3.12327, 3.09137, 1.99972
3.07773, 3.08891, 2.00033
3.05614, 3.08768, 2.00052
3.01, 3.08488, 2.00093
2.98825, 3.08368, 2.00118
2.94148, 3.08133, 2.00169
2.91963, 3.0802, 2.0019
2.8731, 3.07761, 2.00227
2.85127, 3.07652, 2.00246
2.80497, 3.07449, 2.00257
2.76125, 3.07235, 2.00246
2.73653, 3.07093, 2.0024
2.71473, 3.06988, 2.00238
2.66855, 3.06793, 2.00239
2.64674, 3.06692, 2.00236
2.60032, 3.06452, 2.00235
2.57865, 3.06345, 2.00238
2.55451, 3.06241, 2.00247
2.51141, 3.06017, 2.00272
2.46549, 3.05752, 2.00299
2.44402, 3.0563, 2.00308
2.39873, 3.05381, 2.0032
2.37733, 3.05258, 2.00323
2.35308, 3.05105, 2.00323
2.31033, 3.04855, 2.00336
2.26514, 3.04603, 2.00344
2.24377, 3.04482, 2.00347
2.22238, 3.04359, 2.0035
2.17678, 3.04084, 2.00356
2.13143, 3.03835, 2.00347
2.10996, 3.03715, 2.00341
2.08785, 3.03591, 2.00332
2.04176, 3.03317, 2.00303
2.02009, 3.03191, 2.00293
1.97392, 3.02923, 2.00273
1.92712, 3.02654, 2.00241
1.90499, 3.02528, 2.0022
1.88286, 3.02405, 2.00203
1.8357, 3.02139, 2.00161
1.81337, 3.02011, 2.00143
1.76574, 3.01719, 2.00125
1.74332, 3.01575, 2.00122
1.7181, 3.01417, 2.00121
1.67313, 3.01141, 2.00124
1.62519, 3.00845, 2.00128
1.60263, 3.00703, 2.00133
1.55468, 3.00397, 2.0013
1.53205, 3.00255, 2.00127
1.48377, 2.99953, 2.00123
1.46103, 2.9981, 2.00117
1.41277, 2.99506, 2.00094
1.39003, 2.99368, 2.00079
1.36731, 2.9923, 2.00065
1.31921, 2.98937, 2.00046
1.27135, 2.98645, 2.00022
1.24884, 2.98515, 2.00009
1.22639, 2.9839, 1.99994
1.17881, 2.98146, 1.9995
1.15649, 2.98039, 1.99923
1.10911, 2.97832, 1.99857
1.06178, 2.97657, 1.99809
1.03957, 2.97585, 1.99788
1.01468, 2.97509, 1.99759
0.970376, 2.97402, 1.9971
0.948285, 2.97356, 1.99687
0.901541, 2.97288, 1.99645
0.876981, 2.97258, 1.99621
0.833438, 2.97229, 1.99595
0.81174, 2.97223, 1.99586
0.765275, 2.9723, 1.9955
0.743749, 2.97237, 1.99525
0.698005, 2.97263, 1.9946
0.676493, 2.97282, 1.99432
0.630786, 2.97342, 1.99399
0.609339, 2.97372, 1.99392
0.563816, 2.97437, 1.99365
0.542399, 2.97474, 1.99348
0.518358, 2.97523, 1.99335
0.475836, 2.976, 1.99296
0.430756, 2.97677, 1.99232
0.409598, 2.97717, 1.99201
0.385773, 2.97768, 1.99175
0.343639, 2.97842, 1.99111
0.319993, 2.9787, 1.99065
0.277958, 2.97927, 1.98992
0.233325, 2.97987, 1.98915
0.212367, 2.98009, 1.98875
0.188812, 2.98023, 1.98827
0.146828, 2.98051, 1.98748
0.123163, 2.98072, 1.98714
0.08112, 2.98092, 1.98642
0.0574897, 2.98092, 1.98597
0.015354, 2.98103, 1.98524
-0.00574515, 2.98108, 1.98485
-0.0506372, 2.98119, 1.98415
-0.074493, 2.98109, 1.98366
-0.117084, 2.98099, 1.98292
-0.141065, 2.981, 1.98261
-0.183669, 2.98078, 1.98187
-0.207655, 2.98053, 1.98141
-0.250905, 2.98004, 1.98086
-0.274998, 2.97979, 1.98066
-0.296422, 2.97948, 1.98047
-0.339237, 2.97882, 1.98021
-0.384719, 2.97798, 1.97998
-0.408705, 2.97758, 1.97996
-0.4513, 2.97676, 1.97973
-0.496544, 2.97612, 1.97956
-0.517834, 2.97583, 1.97953
-0.563033, 2.9753, 1.97958
-0.605425, 2.97473, 1.97972
-0.626628, 2.97443, 1.97986
-0.650567, 2.97405, 1.98003
-0.695877, 2.97352, 1.98043
-0.738547, 2.97304, 1.98094
-0.762594, 2.97276, 1.98126
-0.783957, 2.97257, 1.98163
-0.829486, 2.97229, 1.98249
-0.850921, 2.97219, 1.98293
-0.896519, 2.97205, 1.98387
-0.939671, 2.97219, 1.98482
-0.963997, 2.97234, 1.98538
-1.00735, 2.97268, 1.9862
-1.03187, 2.97295, 1.98662
-1.07826, 2.97375, 1.9875
-1.12205, 2.97476, 1.98831
-1.14395, 2.97536, 1.98873
-1.16864, 2.97616, 1.98918
-1.21256, 2.97774, 1.98992
-1.25901, 2.97958, 1.99063
-1.28082, 2.98052, 1.99095
-1.30534, 2.98162, 1.99125
-1.35158, 2.98366, 1.99176
-1.37328, 2.98461, 1.99188
-1.41649, 2.98655, 1.99205
-1.46215, 2.98859, 1.99212
-1.48361, 2.98952, 1.99215
-1.50766, 2.99049, 1.99222
-1.55062, 2.99217, 1.99208
-1.57448, 2.99298, 1.99208
-1.61662, 2.99429, 1.99181
-1.63758, 2.99491, 1.99162
-1.68213, 2.99592, 1.99113
-1.72674, 2.99658, 1.99063
-1.7687, 2.99697, 1.99013
-1.79233, 2.99709, 1.98981
-1.83442, 2.99715, 1.98936
-1.8581, 2.99711, 1.98912
-1.87917, 2.99704, 1.9889
-1.92388, 2.99684, 1.98855
-1.96615, 2.99652, 1.98836
-1.98987, 2.99627, 1.98835
-2.01099, 2.99605, 1.98836
-2.05592, 2.99555, 1.98856
-2.0983, 2.99514, 1.98893
-2.12212, 2.99494, 1.98918
-2.14328, 2.99477, 1.98942
-2.18833, 2.99435, 1.98998
-2.21228, 2.99411, 1.99025
-2.25489, 2.9936, 1.99069
-2.30015, 2.99292, 1.99101
-2.32148, 2.99258, 1.9911
-2.34292, 2.99224, 1.99115
-2.3885, 2.9915, 1.99118
-2.40998, 2.99118, 1.99113
-2.45559, 2.99063, 1.99094
-2.47705, 2.99042, 1.99085
-2.52259, 2.99004, 1.99059
-2.54393, 2.98989, 1.99044
-2.5866, 2.98966, 1.99009
-2.6347, 2.98953, 1.98956
-2.6566, 2.98949, 1.98931
-2.67798, 2.9895, 1.98911
-2.72337, 2.98957, 1.9886
-2.74475, 2.98959, 1.9883
-2.78743, 2.98962, 1.98784
-2.81134, 2.98965, 1.98774
-2.85633, 2.98984, 1.98749
-2.87748, 2.98985, 1.98739
-2.92233, 2.98977, 1.98711
-2.96703, 2.98966, 1.98659
-2.98803, 2.98955, 1.98629
-3.009, 2.98941, 1.98598
-3.05338, 2.98904, 1.98534
-3.09736, 2.98868, 1.98464
-3.118, 2.98851, 1.98433
-3.1386, 2.98832, 1.98401
-3.18231, 2.98792, 1.98329
-3.20282, 2.98772, 1.98293
-3.24636, 2.98724, 1.98227
-3.28744, 2.98667, 1.98185
-3.30794, 2.9863, 1.98166
-3.33104, 2.9858, 1.98151
-3.37467, 2.98467, 1.98119
-3.41858, 2.98322, 1.98101
-3.43934, 2.9824, 1.98098
-3.48353, 2.98046, 1.98084
-3.50443, 2.97946, 1.98081
-3.54646, 2.97736, 1.98082
-3.57018, 2.97619, 1.9809
-3.6152, 2.97386, 1.98111
-3.63648, 2.97277, 1.98129
-3.65783, 2.97169, 1.98147
-3.7032, 2.96952, 1.98177
-3.746, 2.96745, 1.98197
-3.78987, 2.96508, 1.98215
-3.80998, 2.96373, 1.98224
-3.82968, 2.96221, 1.98232
-3.86977, 2.95834, 1.98266
-3.90709, 2.95311, 1.98321
-3.92367, 2.95014, 1.98353
-3.95653, 2.9427, 1.9842
-3.9708, 2.93855, 1.98451
-3.99845, 2.92815, 1.98515
-4.01029, 2.92256, 1.98548
-4.03312, 2.90942, 1.9861
-4.04258, 2.90254, 1.98633
-4.05998, 2.88633, 1.98681
-4.06717, 2.87812, 1.98711
-4.08054, 2.85976, 1.98772
-4.09064, 2.83937, 1.9883
-4.09466, 2.82938, 1.98854
-4.09816, 2.81911, 1.98877
-4.10432, 2.79671, 1.98918
-4.10818, 2.77273, 1.98935
-4.11064, 2.74959, 1.9894
-4.11146, 2.73782, 1.98947
-4.11227, 2.72474, 1.98957
-4.11264, 2.69902, 1.98971
-4.1126, 2.6749, 1.98989
-4.1124, 2.6628, 1.99002
-4.1118, 2.63733, 1.99034
-4.11134, 2.62356, 1.99048
-4.11053, 2.59958, 1.99077
-4.11011, 2.58771, 1.99091
-4.10926, 2.56293, 1.99124
-4.10901, 2.5498, 1.99136
-4.10855, 2.52698, 1.99162
-4.10842, 2.51573, 1.99175
-4.10822, 2.49216, 1.99197
-4.10878, 2.46899, 1.99191
-4.10905, 2.45827, 1.99183
-4.1094, 2.44741, 1.99175
-4.11044, 2.42532, 1.99149
-4.11245, 2.40375, 1.99111
-4.11441, 2.38384, 1.99064
-4.11535, 2.37282, 1.99035
-4.11648, 2.36318, 1.99004
-4.11931, 2.34297, 1.98935
-4.12175, 2.32412, 1.98872
-4.12396, 2.30425, 1.98805
-4.12512, 2.29504, 1.98771
-4.12665, 2.28483, 1.98733
-4.12864, 2.26653, 1.98687
-4.13013, 2.2471, 1.98642
-4.13081, 2.23801, 1.98621
-4.13207, 2.21865, 1.98578
-4.13235, 2.20946, 1.98562
-4.1324, 2.18979, 1.98528
-4.13235, 2.18051, 1.98507
-4.1319, 2.16182, 1.98461
-4.13158, 2.15134, 1.98431
-4.1302, 2.13125, 1.98377
-4.12941, 2.12182, 1.9835
-4.12745, 2.10171, 1.98286
-4.12505, 2.0825, 1.98229
-4.12346, 2.07156, 1.98195
-4.12199, 2.06184, 1.98159
-4.11854, 2.04103, 1.98081
-4.11486, 2.02114, 1.98019
-4.11058, 1.9998, 1.97972
-4.10818, 1.98851, 1.97952
-4.10593, 1.97839, 1.97938
-4.10093, 1.95673, 1.97909
-4.09592, 1.9363, 1.97893
-4.09023, 1.91441, 1.97888
-4.08747, 1.904, 1.97896
-4.08458, 1.89329, 1.97911
-4.07848, 1.87095, 1.9794
-4.07253, 1.84977, 1.97979
-4.06905, 1.83781, 1.97999
-4.0625, 1.81503, 1.98066
-4.05934, 1.8043, 1.98094
-4.05296, 1.7827, 1.98136
-4.04931, 1.77049, 1.98157
-4.04268, 1.74734, 1.98201
-4.0396, 1.73639, 1.9822
-4.03311, 1.71289, 1.98243
-4.02732, 1.69063, 1.9826
-4.02427, 1.67809, 1.98272
-4.01899, 1.65575, 1.98272
-4.01648, 1.64457, 1.98267
-4.0113, 1.62082, 1.98253
-4.00869, 1.60823, 1.98249
-4.00412, 1.58587, 1.98237
-3.99942, 1.56214, 1.98226
-3.99729, 1.55099, 1.98229
-3.99288, 1.52739, 1.98242
-3.9908, 1.51632, 1.98248
-3.98648, 1.49286, 1.98251
-3.98258, 1.47085, 1.98261
-3.98046, 1.45847, 1.98267
-3.9786, 1.44757, 1.98267
-3.97473, 1.42464, 1.98258
-3.97094, 1.4019, 1.98261
-3.96753, 1.38074, 1.98263
-3.96562, 1.36896, 1.98263
-3.964, 1.35844, 1.98268
-3.96072, 1.33619, 1.98285
-3.95778, 1.31546, 1.9831
-3.95481, 1.2935, 1.98323
-3.95346, 1.28285, 1.98335
-3.95216, 1.27249, 1.98345
-3.94958, 1.25031, 1.98368
-3.94701, 1.22818, 1.98391
-3.94587, 1.21766, 1.98405
-3.94364, 1.19526, 1.98437
-3.94258, 1.1847, 1.98445
-3.94037, 1.16211, 1.98455
-3.93942, 1.15136, 1.98461
-3.93682, 1.11765, 1.98474
-3.93596, 1.10548, 1.98476
-3.93528, 1.09464, 1.98479
-3.93409, 1.07289, 1.9849
-3.933, 1.0497, 1.98507
-3.93245, 1.0374, 1.98508
-3.93164, 1.01394, 1.98524
-3.93131, 1.00287, 1.98531
-3.93073, 0.980697, 1.9854
-3.93042, 0.968209, 1.98537
-3.93008, 0.945919, 1.98534
-3.92995, 0.934766, 1.9853
-3.92976, 0.911136, 1.98521
-3.92961, 0.898649, 1.98511
-3.92948, 0.876448, 1.98496
-3.92945, 0.852865, 1.98471
-3.9294, 0.841733, 1.98456
-3.92936, 0.830606, 1.98439
-3.92938, 0.805565, 1.98389
-3.9294, 0.78341, 1.98334
-3.92941, 0.761329, 1.98278
-3.92934, 0.748923, 1.98234
-3.92933, 0.73786, 1.98196
-3.92939, 0.714401, 1.98122
-3.92938, 0.69112, 1.98036
-3.92941, 0.680189, 1.97993
-3.92945, 0.658399, 1.97911
-3.92952, 0.646136, 1.97871
-3.92948, 0.623032, 1.978
-3.92948, 0.612195, 1.97771
-3.92941, 0.590495, 1.97726
-3.9294, 0.578261, 1.97702
-3.92919, 0.556494, 1.97663
-3.92879, 0.533027, 1.97627
-3.92857, 0.522152, 1.97617
-3.92808, 0.499046, 1.97622
-3.92769, 0.48682, 1.97637
-3.92699, 0.464978, 1.9769
-3.92662, 0.45407, 1.97723
-3.92591, 0.430845, 1.97813
-3.92511, 0.407591, 1.97907
-3.92482, 0.396641, 1.97952
-3.92456, 0.385676, 1.97996
-3.92418, 0.362409, 1.98097
-3.92393, 0.339101, 1.98197
-3.92385, 0.317079, 1.98288
-3.92391, 0.304725, 1.98336
-3.92397, 0.293766, 1.98378
-3.9242, 0.270561, 1.98456
-3.9246, 0.248777, 1.98512
-3.92489, 0.23656, 1.98536
-3.92552, 0.213464, 1.98572
-3.92586, 0.20261, 1.98585
-3.92663, 0.18076, 1.98599
-3.92704, 0.169822, 1.98596
-3.92819, 0.145132, 1.98576
-3.9288, 0.134085, 1.98567
-3.93011, 0.11188, 1.98525
-3.93091, 0.0993929, 1.98497
-3.9325, 0.0771223, 1.98448
-3.93443, 0.0534591, 1.98384
-3.93531, 0.0423263, 1.98354
-3.93633, 0.0298044, 1.98324
-3.93837, 0.00597091, 1.98276
-3.94042, -0.0166512, 1.98241
-3.94272, -0.0408148, 1.98203
-3.94384, -0.0522286, 1.98181
-3.94497, -0.0636282, 1.98161
-3.94749, -0.088333, 1.98123
-3.94987, -0.111364, 1.98094
-3.95115, -0.124182, 1.9809
-3.95359, -0.148082, 1.98097
-3.9547, -0.159267, 1.98107
-3.95691, -0.181602, 1.98119
-3.95812, -0.194105, 1.98121
-3.9605, -0.217801, 1.98136
-3.96165, -0.228984, 1.98142
-3.96402, -0.251351, 1.98144
-3.96657, -0.274963, 1.98147
-3.9679, -0.28741, 1.9815
-3.97011, -0.309406, 1.98154
-3.97119, -0.32037, 1.98153
-3.97342, -0.343428, 1.98141
-3.97446, -0.355557, 1.98127
-3.97638, -0.376906, 1.98113
-3.97839, -0.399123, 1.98104
-3.97931, -0.409495, 1.98101
-3.98021, -0.419774, 1.98099
-3.98206, -0.441535, 1.98093
-3.98389, -0.462996, 1.98105
-3.98546, -0.484108, 1.98123
-3.98616, -0.493972, 1.9813
-3.98684, -0.50382, 1.98135
-3.98829, -0.52464, 1.98144
-3.98958, -0.545336, 1.98152
-3.9902, -0.555087, 1.98155
-3.99138, -0.57472, 1.98166
-3.99204, -0.585844, 1.98177
-3.99317, -0.607125, 1.98196
-3.9937, -0.617249, 1.98209
-3.99476, -0.637659, 1.98242
-3.99537, -0.649245, 1.9826
-3.99641, -0.671495, 1.98291
-3.99691, -0.682081, 1.98302
-3.9979, -0.7035, 1.98313
-3.99898, -0.726651, 1.98317
-3.99953, -0.739122, 1.98312
-4.00008, -0.750256, 1.98307
-4.00121, -0.772773, 1.98295
-4.0024, -0.797263, 1.98287
-4.00345, -0.821806, 1.98279
-4.00391, -0.83333, 1.98271
-4.00434, -0.844857, 1.98261
-4.00527, -0.869307, 1.98232
-4.00613, -0.892345, 1.98207
-4.00657, -0.905312, 1.98195
-4.00747, -0.929593, 1.98181
-4.00793, -0.940967, 1.98169
-4.00883, -0.964957, 1.98122
-4.00962, -0.987173, 1.98077
-4.01, -0.998195, 1.9806
-4.01073, -1.02146, 1.98029
-4.01108, -1.03376, 1.98009
-4.01166, -1.05542, 1.97988
-4.01196, -1.06749, 1.97984
-4.01233, -1.08883, 1.97979
-4.01242, -1.1008, 1.97982
-4.01256, -1.12205, 1.97997
-4.01265, -1.13397, 1.98008
-4.01268, -1.15508, 1.98025
-4.01259, -1.17757, 1.98056
-4.01252, -1.18814, 1.9807
-4.0124, -1.20001, 1.98081
-4.01212, -1.22108, 1.98104
-4.01167, -1.24358, 1.98124
-4.01123, -1.26488, 1.98141
-4.01103, -1.27691, 1.98152
-4.01082, -1.28762, 1.98161
-4.01041, -1.31047, 1.98163
-4.01009, -1.33335, 1.98158
-4.00999, -1.34417, 1.98155
-4.00984, -1.36588, 1.98141
-4.00977, -1.37817, 1.98124
-4.00971, -1.40009, 1.9809
-4.0097, -1.41243, 1.98065
-4.00979, -1.43585, 1.98013
-4.00986, -1.44686, 1.97988
-4.00996, -1.46881, 1.97936
-4.01002, -1.48111, 1.97909
-4.01011, -1.50441, 1.9784
-4.01017, -1.52622, 1.97772
-4.01019, -1.53838, 1.97735
-4.0102, -1.54915, 1.97695
-4.01017, -1.57091, 1.97599
-4.01004, -1.59333, 1.97514
-4.00972, -1.61556, 1.97465
-4.0095, -1.6259, 1.97446
-4.00923, -1.63618, 1.97426
-4.00856, -1.65794, 1.97389
-4.00774, -1.6784, 1.97324
-4.00719, -1.68993, 1.97281
-4.00616, -1.71167, 1.972
-4.00564, -1.72189, 1.97162
-4.00449, -1.74351, 1.97095
-4.00395, -1.75365, 1.97072
-4.00278, -1.77516, 1.97029
-4.00221, -1.78529, 1.97007
-4.00166, -1.79545, 1.96986
-4.00044, -1.81722, 1.96959
-3.99926, -1.83903, 1.9695
-3.99823, -1.85977, 1.96955
-3.99776, -1.87022, 1.96964
-3.99723, -1.88206, 1.96974
-3.99624, -1.90436, 1.97
-3.99536, -1.92561, 1.97041
-3.99492, -1.93772, 1.97069
-3.99428, -1.95924, 1.97134
-3.99397, -1.97136, 1.97176
-3.99359, -1.99301, 1.97257
-3.9935, -2.00523, 1.97307
-3.99338, -2.02674, 1.97384
-3.99338, -2.03873, 1.97428
-3.99344, -2.04939, 1.97468
-3.99377, -2.07203, 1.9754
-3.99425, -2.09322, 1.97597
-3.99496, -2.11561, 1.97657
-3.99539, -2.12616, 1.97686
-3.99594, -2.13803, 1.97721
-3.99685, -2.15894, 1.97778
-3.99729, -2.16931, 1.97803
-3.99821, -2.19115, 1.97858
-3.99925, -2.21285, 1.97904
-3.99976, -2.22421, 1.97923
-4.00074, -2.24426, 1.97959
-4.00122, -2.25424, 1.97978
-4.00218, -2.2744, 1.98013
-4.00268, -2.28677, 1.98035
-4.00298, -2.2954, 1.98048
-4.00357, -2.31636, 1.98058
-4.00414, -2.33735, 1.98051
-4.00458, -2.35697, 1.9805
-4.00485, -2.36803, 1.98043
-4.00511, -2.37788, 1.98037
-4.0055, -2.39894, 1.98023
-4.00561, -2.40889, 1.98019
-4.00572, -2.43014, 1.98005
-4.00568, -2.44017, 1.97993
-4.00552, -2.46154, 1.97972
-4.00537, -2.4716, 1.97961
-4.00494, -2.49177, 1.9793
-4.00445, -2.51333, 1.97893
-4.00413, -2.52486, 1.97872
-4.00386, -2.53511, 1.97859
-4.00326, -2.55687, 1.97833
-4.00265, -2.57739, 1.97799
-4.00228, -2.58891, 1.97779
-4.00159, -2.60926, 1.97749
-4.00115, -2.62061, 1.97738
-4.0007, -2.63071, 1.97729
-3.99953, -2.65205, 1.97711
-3.99802, -2.67307, 1.97696
-3.99712, -2.68285, 1.97686
-3.99608, -2.69254, 1.97678
-3.99341, -2.71293, 1.97661
-3.9903, -2.73174, 1.97642
-3.98824, -2.74217, 1.97633
-3.98389, -2.76049, 1.97615
-3.98105, -2.77064, 1.976
-3.97537, -2.78825, 1.97572
-3.97186, -2.7979, 1.97557
-3.9648, -2.81472, 1.97524
-3.96034, -2.82399, 1.975
-3.95621, -2.83209, 1.97486
-3.94726, -2.84794, 1.97466
-3.93687, -2.86426, 1.97462
-3.93076, -2.87269, 1.97458
-3.91856, -2.88819, 1.97462
-3.91235, -2.8953, 1.97468
-3.89908, -2.90925, 1.97484
-3.89204, -2.91608, 1.97496
-3.87572, -2.93052, 1.97522
-3.86651, -2.93792, 1.97547
-3.85809, -2.94439, 1.97582
-3.83942, -2.95759, 1.97667
-3.82069, -2.96937, 1.97742
-3.80962, -2.97577, 1.9777
-3.78951, -2.98656, 1.97823
-3.77796, -2.99229, 1.97855
-3.76739, -2.99726, 1.97883
-3.74421, -3.0074, 1.97923
-3.7219, -3.01623, 1.97952
-3.71056, -3.02041, 1.97964
-3.69772, -3.02488, 1.97979
-3.67289, -3.03286, 1.97986
-3.64936, -3.03953, 1.97983
-3.63597, -3.04293, 1.97974
-3.61176, -3.04859, 1.97943
-3.59793, -3.05159, 1.97919
-3.57327, -3.05639, 1.97887
-3.54682, -3.06091, 1.97845
-3.53428, -3.06286, 1.97821
-3.50746, -3.06655, 1.97781
-3.49479, -3.06801, 1.97768
-3.46779, -3.07071, 1.97756
-3.45504, -3.07187, 1.97752
-3.42788, -3.07426, 1.9775
-3.41506, -3.07526, 1.97758
-3.40056, -3.07625, 1.97775
-3.37478, -3.07795, 1.97802
-3.34741, -3.0795, 1.97838
-3.33452, -3.08008, 1.97862
-3.30702, -3.08097, 1.97923
-3.29408, -3.08134, 1.97954
-3.27957, -3.08178, 1.97985
-3.25357, -3.08214, 1.98042
-3.22607, -3.08209, 1.98098
-3.2134, -3.08205, 1.98119
-3.19941, -3.08207, 1.98137
-3.17442, -3.08186, 1.98178
-3.14784, -3.08143, 1.98223
-3.13506, -3.08121, 1.98244
-3.12258, -3.08104, 1.98263
-3.09582, -3.08065, 1.98282
-3.0828, -3.08039, 1.98291
-3.05431, -3.07959, 1.98303
-3.02494, -3.0788, 1.98301
-3.01084, -3.07834, 1.98298
-2.99654, -3.0779, 1.98287
-2.96562, -3.07689, 1.98283
-2.94892, -3.07645, 1.98279
-2.91883, -3.07543, 1.98271
-2.90356, -3.07482, 1.98266
-2.88627, -3.07394, 1.98264
-2.85311, -3.07232, 1.98239
-2.82166, -3.07065, 1.9822
-2.80586, -3.06976, 1.98211
-2.77213, -3.06779, 1.98198
-2.75424, -3.0668, 1.98194
-2.73854, -3.06586, 1.98196
-2.70767, -3.06392, 1.98201
-2.67546, -3.06177, 1.98227
-2.65874, -3.06071, 1.98246
-2.6292, -3.05868, 1.98284
-2.61462, -3.05765, 1.98304
-2.58346, -3.05535, 1.98349
-2.55194, -3.05303, 1.98398
-2.53694, -3.05187, 1.98423
-2.5219, -3.05069, 1.98448
-2.4897, -3.04804, 1.98483
-2.47251, -3.04661, 1.98498
-2.44187, -3.04398, 1.98534
-2.42657, -3.04263, 1.98551
-2.39408, -3.03976, 1.98589
-2.36162, -3.03691, 1.98616
-2.33122, -3.03412, 1.98647
-2.3142, -3.0325, 1.98659
-2.29908, -3.03106, 1.98662
-2.26709, -3.02792, 1.9866
-2.25215, -3.02639, 1.98657
-2.22064, -3.02308, 1.98651
-2.1893, -3.01976, 1.98648
-2.17459, -3.01821, 1.98646
-2.15993, -3.01667, 1.98645
-2.12889, -3.01349, 1.98645
-2.11429, -3.01197, 1.98642
-2.08336, -3.00873, 1.98641
-2.06882, -3.00717, 1.98639
-2.05432, -3.00562, 1.98636
-2.02346, -3.00237, 1.98628
-1.99218, -2.99919, 1.98622
-1.97768, -2.99777, 1.98619
-1.94691, -2.99484, 1.98618
-1.91803, -2.99221, 1.98638
-1.90179, -2.99075, 1.98651
-1.87286, -2.98826, 1.98688
-1.84218, -2.98589, 1.98727
-1.82774, -2.98488, 1.98745
-1.81148, -2.98376, 1.98767
-1.78255, -2.98191, 1.98807
-1.76804, -2.98105, 1.9883
-1.73716, -2.97928, 1.98877
-1.72074, -2.9784, 1.98896
-1.70613, -2.97769, 1.98915
-1.67697, -2.97643, 1.98966
-1.64614, -2.97528, 1.99024
-1.62984, -2.97473, 1.99057
-1.61535, -2.97425, 1.99088
-1.58649, -2.97344, 1.99151
-1.57029, -2.97306, 1.99181
-1.53969, -2.97251, 1.99236
-1.51107, -2.97218, 1.99293
-1.49679, -2.97211, 1.99323
-1.48073, -2.97206, 1.99353
-1.45042, -2.97195, 1.99402
-1.43614, -2.97189, 1.99422
-1.40766, -2.97174, 1.99456
-1.39171, -2.97167, 1.99475
-1.37754, -2.97159, 1.9949
-1.34749, -2.97133, 1.99506
-1.31767, -2.97109, 1.99517
-1.30371, -2.97104, 1.99528
-1.2741, -2.97095, 1.99556
-1.26024, -2.9709, 1.99565
-1.23262, -2.97078, 1.99596
-1.21711, -2.97068, 1.99617
-1.1896, -2.97034, 1.99649
-1.17414, -2.97012, 1.99662
-1.1449, -2.96973, 1.99677
-1.11725, -2.96938, 1.99692
-1.10365, -2.96921, 1.99701
-1.07307, -2.96879, 1.99722
-1.05955, -2.96858, 1.99735
-1.0326, -2.96815, 1.99766
-1.01913, -2.96794, 1.99782
-0.990517, -2.96746, 1.99787
-0.977073, -2.96731, 1.99781
-0.94845, -2.96708, 1.99771
-0.921437, -2.96701, 1.99787
-0.906186, -2.96695, 1.99803
-0.877257, -2.96695, 1.99814
-0.849828, -2.96695, 1.99844
-0.834295, -2.9669, 1.99883
-0.820454, -2.96687, 1.99916
-0.792564, -2.96663, 2.0002
-0.776737, -2.96647, 2.00081
-0.746586, -2.96598, 2.00221
-0.732313, -2.96569, 2.00282
-0.716228, -2.96539, 2.00346
-0.687348, -2.96479, 2.00469
-0.658157, -2.96416, 2.00582
-0.641591, -2.96382, 2.0065
-0.612048, -2.96335, 2.00751
-0.595384, -2.96316, 2.00797
-0.563652, -2.96259, 2.00896
-0.548655, -2.96229, 2.0093
-0.518553, -2.96166, 2.00986
-0.501678, -2.96136, 2.01004
-0.469561, -2.96085, 2.01065
-0.437575, -2.96061, 2.01123
-0.42255, -2.96055, 2.01143
-0.39247, -2.96064, 2.0116
-0.377412, -2.96077, 2.01166
-0.3605, -2.96093, 2.01167
-0.330629, -2.96129, 2.01146
-0.299013, -2.96168, 2.01105
-0.282333, -2.96194, 2.01084
-0.251009, -2.9625, 2.01033
-0.23632, -2.96282, 2.01006
-0.207148, -2.96348, 2.00951
-0.176332, -2.9642, 2.00874
-0.145413, -2.96486, 2.00795
-0.131143, -2.96513, 2.0076
-0.116941, -2.96538, 2.00716
-0.0870012, -2.96578, 2.00621
-0.0591655, -2.96581, 2.00547
-0.0435747, -2.96579, 2.00505
-0.0159546, -2.96588, 2.00421
-0.000489663, -2.96595, 2.00374
0.014954, -2.966, 2.00331
0.0422654, -2.96592, 2.00265
0.0712017, -2.96562, 2.00213
0.0831288, -2.96545, 2.00191
0.11201, -2.96491, 2.00141
0.141086, -2.96425, 2.00091
0.154747, -2.96392, 2.00068
0.18383, -2.96318, 2.00016
0.197518, -2.96286, 1.9999
0.212975, -2.96249, 1.99964
0.240495, -2.96177, 1.9994
0.269793, -2.96106, 1.99929
0.283613, -2.96077, 1.99921
0.313174, -2.9602, 1.99907
0.328934, -2.95992, 1.99913
0.358825, -2.95942, 1.9992
0.387132, -2.95899, 1.99927
0.401329, -2.95877, 1.99926
0.431712, -2.9583, 1.99916
0.447861, -2.95799, 1.99911
0.460456, -2.95779, 1.99914
0.491178, -2.9573, 1.9993
0.522022, -2.95706, 1.99966
0.536535, -2.95701, 1.99982
0.551042, -2.957, 2.00001
0.581889, -2.95713, 2.00033
0.612816, -2.95765, 2.00073
0.629118, -2.95797, 2.00083
0.642128, -2.95836, 2.00095
0.672795, -2.95934, 2.00106
0.687231, -2.95993, 2.00113
0.718002, -2.96139, 2.00129
0.748753, -2.96317, 2.00127
0.763199, -2.96423, 2.00122
0.777617, -2.96531, 2.00112
0.80818, -2.96771, 2.00086
0.822516, -2.96885, 2.00073
0.852909, -2.97135, 2.00034
0.867161, -2.97262, 2.00016
0.89739, -2.97557, 1.99959
0.9274, -2.97845, 1.99897
0.955429, -2.98105, 1.99859
0.971158, -2.98249, 1.99849
0.985063, -2.98372, 1.99842
1.0128, -2.98593, 1.99838
1.02839, -2.98699, 1.99833
1.05771, -2.98876, 1.99823
1.08542, -2.99005, 1.99796
1.09934, -2.99058, 1.99785
1.11503, -2.99111, 1.99776
1.14474, -2.99193, 1.99778
1.15877, -2.99225, 1.9977
1.18873, -2.99268, 1.99754
1.20287, -2.99273, 1.9975
1.23293, -2.99259, 1.99762
1.26123, -2.9923, 1.99789
1.27721, -2.99209, 1.998
1.30558, -2.99152, 1.99822
1.32158, -2.99108, 1.99833
1.35034, -2.99035, 1.99844
1.37879, -2.98948, 1.99847
1.41088, -2.98843, 1.99841
1.42521, -2.98796, 1.99838
1.43955, -2.98751, 1.9983
1.47004, -2.98665, 1.99792
1.49872, -2.98583, 1.9977
1.52913, -2.98513, 1.99715
1.54339, -2.98488, 1.99684
1.5736, -2.98457, 1.99631
1.60379, -2.98444, 1.99583
1.61799, -2.98445, 1.99562
1.64813, -2.98453, 1.99522
1.67823, -2.98452, 1.99477
1.69238, -2.9845, 1.99455
1.72055, -2.98434, 1.99398
1.73639, -2.98423, 1.99371
1.76626, -2.98395, 1.99315
1.79438, -2.98373, 1.99262
1.80841, -2.98358, 1.99229
1.83828, -2.98318, 1.9915
1.86811, -2.98267, 1.99056
1.8821, -2.9824, 1.99009
1.91192, -2.98183, 1.9892
1.94184, -2.98125, 1.98826
1.95591, -2.98099, 1.98784
1.98411, -2.98041, 1.9871
2.00002, -2.9801, 1.98678
2.03003, -2.97942, 1.98605
2.04239, -2.97916, 1.9859
2.07229, -2.97863, 1.98547
2.0881, -2.97847, 1.98532
2.10216, -2.97837, 1.98513
2.13029, -2.97824, 1.98473
2.14609, -2.97815, 1.98449
2.16016, -2.97813, 1.98435
2.17603, -2.97814, 1.98431
2.20611, -2.97824, 1.98401
2.22033, -2.97828, 1.98391
2.23457, -2.97833, 1.98384
2.24885, -2.97838, 1.98377
2.27933, -2.97862, 1.98375
2.2955, -2.97881, 1.98373
2.30986, -2.97903, 1.98375
2.32423, -2.97929, 1.98374
2.35342, -2.97984, 1.98377
2.36962, -2.98013, 1.98377
2.38401, -2.9804, 1.98374
2.3984, -2.98068, 1.9837
2.42902, -2.98136, 1.98362
2.4452, -2.98178, 1.98354
2.45959, -2.98219, 1.9835
2.47394, -2.98259, 1.98345
2.50446, -2.98339, 1.98325
2.51882, -2.98377, 1.98303
2.53493, -2.98424, 1.98269
2.5492, -2.9847, 1.98238
2.57942, -2.98566, 1.98184
2.59359, -2.98614, 1.98158
2.60776, -2.98661, 1.98133
2.6237, -2.98713, 1.98104
2.65202, -2.98803, 1.98062
2.66616, -2.98843, 1.98052
2.68206, -2.98888, 1.98038
2.69618, -2.98928, 1.98025
2.72608, -2.99008, 1.98002
2.74013, -2.99042, 1.97988
2.75411, -2.99075, 1.97972
2.76983, -2.99104, 1.97954
2.78372, -2.99125, 1.97941
2.81325, -2.99153, 1.97923
2.82707, -2.99163, 1.97916
2.84087, -2.99171, 1.97913
2.8564, -2.99184, 1.97914
2.88397, -2.99198, 1.97917
2.89944, -2.99198, 1.97924
2.91319, -2.99198, 1.97933
2.92691, -2.99203, 1.97946
2.95615, -2.99228, 1.97987
2.96997, -2.99244, 1.9801
2.98551, -2.99267, 1.98037
2.99935, -2.99292, 1.98059
3.01322, -2.99317, 1.98079
3.04275, -2.99371, 1.98122
3.05842, -2.99399, 1.98149
3.07236, -2.99427, 1.98173
3.08632, -2.99455, 1.98199
3.10238, -2.99488, 1.98212
3.13042, -2.99541, 1.98232
3.14449, -2.9956, 1.98245
3.16033, -2.99575, 1.98261
3.17438, -2.99588, 1.98279
3.20253, -2.99605, 1.98336
3.2184, -2.99615, 1.98375
3.23252, -2.99628, 1.98408
3.24664, -2.99643, 1.98444
3.26255, -2.99657, 1.9849
3.29086, -2.99671, 1.98574
3.32103, -2.99684, 1.98658
3.35122, -2.99694, 1.98747
3.37971, -2.99674, 1.98838
3.41018, -2.99648, 1.9894
3.42634, -2.99629, 1.99
3.45685, -2.99593, 1.991
3.48572, -2.99547, 1.99203
3.51651, -2.99496, 1.99312
3.54552, -2.99464, 1.99402
3.57654, -2.99456, 1.99492
3.60782, -2.99473, 1.99585
3.63734, -2.99499, 1.99656
3.66882, -2.99539, 1.99717
3.7004, -2.99596, 1.99761
3.73015, -2.99662, 1.998
3.76182, -2.9974, 1.99836
3.79354, -2.9983, 1.99874
