5.12201, -2.59302, 12.5221
5.12011, -2.59362, 12.5198
5.12011, -2.59362, 12.5198
5.11865, -2.5936, 12.5181
5.11865, -2.5936, 12.5181
5.11733, -2.59343, 12.5167
5.11638, -2.59297, 12.5158
5.11638, -2.59297, 12.5158
5.11413, -2.59347, 12.515
5.11413, -2.59347, 12.515
5.11233, -2.59362, 12.5146
5.11067, -2.59287, 12.5142
5.11067, -2.59287, 12.5142
5.10916, -2.59163, 12.5138
5.10916, -2.59163, 12.5138
5.10752, -2.58949, 12.5137
5.10659, -2.58614, 12.5136
5.10659, -2.58614, 12.5136
5.10512, -2.58268, 12.5137
5.10512, -2.58268, 12.5137
5.10341, -2.57818, 12.514
5.10258, -2.57298, 12.5142
5.10258, -2.57298, 12.5142
5.10144, -2.56567, 12.5143
5.10144, -2.56567, 12.5143
5.1008, -2.55826, 12.5144
5.10035, -2.55075, 12.5145
5.10035, -2.55075, 12.5145
5.099, -2.54254, 12.5148
5.0983, -2.53323, 12.5151
5.0983, -2.53323, 12.5151
5.09786, -2.52327, 12.5155
5.09786, -2.52327, 12.5155
5.09733, -2.51353, 12.5162
5.09733, -2.51353, 12.5162
5.09729, -2.50203, 12.5168
5.09716, -2.49115, 12.5173
5.09716, -2.49115, 12.5173
5.09681, -2.47939, 12.5178
5.09681, -2.47939, 12.5178
5.09669, -2.4671, 12.518
5.09669, -2.4671, 12.518
5.09672, -2.45472, 12.5182
5.09685, -2.4422, 12.5182
5.09685, -2.4422, 12.5182
5.0969, -2.42999, 12.5179
5.0969, -2.42999, 12.5179
5.09714, -2.41641, 12.5175
5.09685, -2.40407, 12.5174
5.09685, -2.40407, 12.5174
5.09671, -2.39153, 12.5174
5.09671, -2.39153, 12.5174
5.09651, -2.37771, 12.5177
5.09681, -2.36511, 12.5177
5.09681, -2.36511, 12.5177
5.09715, -2.35048, 12.518
5.09715, -2.35048, 12.518
5.09735, -2.33572, 12.5185
5.09752, -2.32137, 12.5188
5.09752, -2.32137, 12.5188
5.0978, -2.30715, 12.5192
5.0978, -2.30715, 12.5192
5.09821, -2.29228, 12.5193
5.09869, -2.27775, 12.5193
5.09869, -2.27775, 12.5193
5.09923, -2.26189, 12.5193
5.09923, -2.26189, 12.5193
5.09977, -2.24798, 12.5189
5.09977, -2.24798, 12.5189
5.09961, -2.23181, 12.5187
5.09988, -2.21543, 12.5182
5.09988, -2.21543, 12.5182
5.10022, -2.19999, 12.5178
5.10022, -2.19999, 12.5178
5.10063, -2.1845, 12.5173
5.10104, -2.16778, 12.5166
5.10104, -2.16778, 12.5166
5.10146, -2.15105, 12.5159
5.10146, -2.15105, 12.5159
5.10173, -2.13397, 12.5151
5.10191, -2.11932, 12.5147
5.10191, -2.11932, 12.5147
5.10236, -2.10189, 12.5143
5.10236, -2.10189, 12.5143
5.10282, -2.08557, 12.514
5.10331, -2.06801, 12.5138
5.10331, -2.06801, 12.5138
5.10379, -2.05143, 12.5137
5.10379, -2.05143, 12.5137
5.10437, -2.03327, 12.5135
5.10437, -2.03327, 12.5135
5.10494, -2.01647, 12.5134
5.10557, -1.99993, 12.5132
5.10557, -1.99993, 12.5132
5.10629, -1.98327, 12.513
5.10629, -1.98327, 12.513
5.10709, -1.96642, 12.5124
5.10768, -1.94797, 12.512
5.10768, -1.94797, 12.512
5.10837, -1.92938, 12.5115
5.10837, -1.92938, 12.5115
5.10904, -1.91199, 12.511
5.10976, -1.89392, 12.5105
5.10976, -1.89392, 12.5105
5.11051, -1.87546, 12.5101
5.11051, -1.87546, 12.5101
5.11125, -1.85792, 12.5097
5.11125, -1.85792, 12.5097
5.11174, -1.83943, 12.5089
5.11206, -1.8215, 12.5074
5.11206, -1.8215, 12.5074
5.11252, -1.80227, 12.506
5.11252, -1.80227, 12.506
5.11293, -1.78452, 12.5046
5.11346, -1.76659, 12.5026
5.11346, -1.76659, 12.5026
5.11417, -1.7473, 12.5005
5.11417, -1.7473, 12.5005
5.11471, -1.72915, 12.4985
5.1155, -1.7094, 12.4974
5.1155, -1.7094, 12.4974
5.11624, -1.69119, 12.4965
5.11624, -1.69119, 12.4965
5.1171, -1.67152, 12.4959
5.11786, -1.65448, 12.4956
5.11786, -1.65448, 12.4956
5.11882, -1.63469, 12.4957
5.11882, -1.63469, 12.4957
5.11955, -1.61448, 12.496
5.12026, -1.59582, 12.4965
5.12026, -1.59582, 12.4965
5.12106, -1.5766, 12.4971
5.12106, -1.5766, 12.4971
5.12171, -1.56025, 12.4978
5.12171, -1.56025, 12.4978
5.12265, -1.53799, 12.4987
5.12325, -1.51802, 12.4998
5.12325, -1.51802, 12.4998
5.12364, -1.50128, 12.5005
5.12364, -1.50128, 12.5005
5.12413, -1.48091, 12.5012
5.12465, -1.46242, 12.5017
5.12465, -1.46242, 12.5017
5.12536, -1.44105, 12.5022
5.12536, -1.44105, 12.5022
5.12595, -1.42261, 12.5026
5.12595, -1.42261, 12.5026
5.12657, -1.40187, 12.5032
5.12711, -1.38203, 12.5036
5.12711, -1.38203, 12.5036
5.12774, -1.36107, 12.504
5.12774, -1.36107, 12.504
5.12829, -1.34137, 12.5044
5.1288, -1.32316, 12.5047
5.1288, -1.32316, 12.5047
5.12943, -1.30197, 12.5048
5.12943, -1.30197, 12.5048
5.13005, -1.28082, 12.5046
5.1306, -1.25999, 12.5045
5.1306, -1.25999, 12.5045
5.13114, -1.24006, 12.5045
5.13114, -1.24006, 12.5045
5.13173, -1.22021, 12.5046
5.13235, -1.19967, 12.5049
5.13235, -1.19967, 12.5049
5.133, -1.18, 12.5052
5.133, -1.18, 12.5052
5.13348, -1.15991, 12.5055
5.13391, -1.13669, 12.5057
5.13391, -1.13669, 12.5057
5.13416, -1.11759, 12.505
5.13416, -1.11759, 12.505
5.13456, -1.09752, 12.5043
5.13456, -1.09752, 12.5043
5.13504, -1.07443, 12.5037
5.13545, -1.05655, 12.5033
5.13545, -1.05655, 12.5033
5.13584, -1.03636, 12.5031
5.13631, -1.01309, 12.5029
5.13631, -1.01309, 12.5029
5.13674, -0.992956, 12.5028
5.13674, -0.992956, 12.5028
5.13719, -0.972857, 12.5025
5.13719, -0.972857, 12.5025
5.13767, -0.951039, 12.5024
5.13809, -0.932872, 12.5011
5.13809, -0.932872, 12.5011
5.13857, -0.911437, 12.4995
5.13925, -0.888744, 12.4979
5.13925, -0.888744, 12.4979
5.13986, -0.868469, 12.4969
5.13986, -0.868469, 12.4969
5.14058, -0.845385, 12.4956
5.14058, -0.845385, 12.4956
5.14113, -0.826405, 12.4946
5.14113, -0.826405, 12.4946
5.14167, -0.806192, 12.4938
5.14222, -0.783238, 12.4933
5.14222, -0.783238, 12.4933
5.1427, -0.763082, 12.4927
5.1427, -0.763082, 12.4927
5.14313, -0.744494, 12.4922
5.14359, -0.722616, 12.4918
5.14359, -0.722616, 12.4918
5.14398, -0.70223, 12.4916
5.14398, -0.70223, 12.4916
5.14437, -0.679413, 12.4915
5.14437, -0.679413, 12.4915
5.14472, -0.660803, 12.4914
5.14514, -0.637871, 12.4916
5.14514, -0.637871, 12.4916
5.14553, -0.617717, 12.492
5.14553, -0.617717, 12.492
5.14602, -0.597294, 12.4923
5.14665, -0.574786, 12.4927
5.14665, -0.574786, 12.4927
5.14717, -0.554204, 12.4931
5.14717, -0.554204, 12.4931
5.14777, -0.532018, 12.4933
5.14828, -0.511711, 12.4932
5.14828, -0.511711, 12.4932
5.14878, -0.492831, 12.4931
5.14878, -0.492831, 12.4931
5.14939, -0.470244, 12.4931
5.14995, -0.449195, 12.4932
5.14995, -0.449195, 12.4932
5.15052, -0.426743, 12.4933
5.15052, -0.426743, 12.4933
5.15108, -0.403931, 12.4935
5.15148, -0.384819, 12.4936
5.15148, -0.384819, 12.4936
5.15185, -0.362639, 12.4938
5.15185, -0.362639, 12.4938
5.15217, -0.341255, 12.4936
5.15243, -0.320643, 12.4934
5.15243, -0.320643, 12.4934
5.15284, -0.295315, 12.4932
5.15284, -0.295315, 12.4932
5.15316, -0.272528, 12.4931
5.15351, -0.251013, 12.4928
5.15351, -0.251013, 12.4928
5.15386, -0.229649, 12.4927
5.15386, -0.229649, 12.4927
5.15434, -0.207283, 12.4927
5.1548, -0.1841, 12.4928
5.1548, -0.1841, 12.4928
5.15524, -0.16314, 12.4929
5.15524, -0.16314, 12.4929
5.15565, -0.141776, 12.493
5.15597, -0.122101, 12.4931
5.15597, -0.122101, 12.4931
5.15597, -0.122101, 12.4931
5.15639, -0.0976205, 12.4933
5.15695, -0.0740132, 12.4934
5.15695, -0.0740132, 12.4934
5.15744, -0.0517444, 12.4933
5.15744, -0.0517444, 12.4933
5.15788, -0.0278458, 12.4933
5.15835, -0.00366025, 12.4924
5.15835, -0.00366025, 12.4924
5.15867, 0.0166253, 12.4912
5.15867, 0.0166253, 12.4912
5.15908, 0.0408452, 12.4902
5.15908, 0.0408452, 12.4902
5.1596, 0.0657117, 12.4895
5.16009, 0.0887887, 12.489
5.16009, 0.0887887, 12.489
5.16054, 0.110102, 12.4868
5.16054, 0.110102, 12.4868
5.16108, 0.134822, 12.4847
5.16146, 0.158696, 12.4834
5.16146, 0.158696, 12.4834
5.16208, 0.182467, 12.4823
5.16208, 0.182467, 12.4823
5.16276, 0.207979, 12.4812
5.1634, 0.230093, 12.4805
5.1634, 0.230093, 12.4805
5.16399, 0.255101, 12.4801
5.16399, 0.255101, 12.4801
5.16465, 0.280468, 12.4797
5.16512, 0.301823, 12.4796
5.16512, 0.301823, 12.4796
5.1658, 0.32739, 12.4797
5.1658, 0.32739, 12.4797
5.16649, 0.351418, 12.4798
5.16713, 0.374996, 12.48
5.16713, 0.374996, 12.48
5.16769, 0.399947, 12.48
5.16769, 0.399947, 12.48
5.1683, 0.426164, 12.4799
5.16861, 0.448475, 12.4801
5.16861, 0.448475, 12.4801
5.16947, 0.473053, 12.48
5.16947, 0.473053, 12.48
5.17027, 0.497291, 12.4801
5.171, 0.522408, 12.4802
5.171, 0.522408, 12.4802
5.17165, 0.54606, 12.48
5.17165, 0.54606, 12.48
5.17223, 0.569294, 12.4798
5.17286, 0.596214, 12.4796
5.17286, 0.596214, 12.4796
5.17367, 0.618884, 12.4795
5.17367, 0.618884, 12.4795
5.17469, 0.64601, 12.4789
5.17539, 0.671728, 12.4772
5.17539, 0.671728, 12.4772
5.17604, 0.694874, 12.4758
5.17604, 0.694874, 12.4758
5.17659, 0.718403, 12.4747
5.17659, 0.718403, 12.4747
5.177, 0.741948, 12.474
5.17767, 0.768349, 12.4734
5.17767, 0.768349, 12.4734
5.17838, 0.795099, 12.473
5.17838, 0.795099, 12.473
5.17901, 0.821402, 12.4728
5.17956, 0.846317, 12.4728
5.17956, 0.846317, 12.4728
5.18005, 0.868939, 12.4721
5.18005, 0.868939, 12.4721
5.18059, 0.896799, 12.4707
5.18145, 0.922142, 12.4697
5.18145, 0.922142, 12.4697
5.18236, 0.947634, 12.4689
5.18236, 0.947634, 12.4689
5.18316, 0.972792, 12.4682
5.1845, 1.02211, 12.4675
5.1845, 1.02211, 12.4675
5.1845, 1.02211, 12.4675
5.18522, 1.04857, 12.4669
5.18616, 1.07626, 12.4665
5.18616, 1.07626, 12.4665
5.18697, 1.10196, 12.4661
5.18697, 1.10196, 12.4661
5.18769, 1.1273, 12.4658
5.18831, 1.15381, 12.4655
5.18831, 1.15381, 12.4655
5.18884, 1.17842, 12.4654
5.18884, 1.17842, 12.4654
5.18926, 1.20275, 12.4653
5.18976, 1.2302, 12.4655
5.18976, 1.2302, 12.4655
5.19021, 1.25571, 12.4656
5.19021, 1.25571, 12.4656
5.19054, 1.28126, 12.4659
5.19089, 1.30887, 12.4662
5.19089, 1.30887, 12.4662
5.19102, 1.3336, 12.4662
5.19102, 1.3336, 12.4662
5.19111, 1.35808, 12.4662
5.19146, 1.38876, 12.4664
5.19146, 1.38876, 12.4664
5.19185, 1.41583, 12.4669
5.19185, 1.41583, 12.4669
5.1919, 1.43876, 12.4677
5.19195, 1.46763, 12.4688
5.19195, 1.46763, 12.4688
5.19206, 1.49351, 12.4677
5.19206, 1.49351, 12.4677
5.19189, 1.51886, 12.4674
5.19217, 1.54336, 12.4666
5.19217, 1.54336, 12.4666
5.19259, 1.57279, 12.466
5.19259, 1.57279, 12.466
5.19285, 1.59956, 12.466
5.19316, 1.62766, 12.4661
5.19316, 1.62766, 12.4661
5.19329, 1.65384, 12.4664
5.19329, 1.65384, 12.4664
5.19348, 1.67878, 12.4669
5.19348, 1.67878, 12.4669
5.19384, 1.70664, 12.4676
5.19384, 1.70664, 12.4676
5.19411, 1.73328, 12.4685
5.19426, 1.75943, 12.4695
5.19426, 1.75943, 12.4695
5.19434, 1.78949, 12.4709
5.19434, 1.78949, 12.4709
5.19424, 1.81227, 12.4718
5.19437, 1.84029, 12.4729
5.19437, 1.84029, 12.4729
5.19461, 1.8688, 12.4739
5.19461, 1.8688, 12.4739
5.19469, 1.89243, 12.4748
5.1949, 1.92158, 12.4758
5.1949, 1.92158, 12.4758
5.19491, 1.94873, 12.4767
5.19491, 1.94873, 12.4767
5.19499, 1.97487, 12.4774
5.1949, 1.99976, 12.4778
5.1949, 1.99976, 12.4778
5.19523, 2.0324, 12.4775
5.19523, 2.0324, 12.4775
5.19535, 2.05978, 12.4776
5.19542, 2.0849, 12.4776
5.19542, 2.0849, 12.4776
5.19526, 2.11021, 12.4779
5.19526, 2.11021, 12.4779
5.19532, 2.14139, 12.4776
5.19537, 2.16929, 12.4776
5.19537, 2.16929, 12.4776
5.19563, 2.1969, 12.4778
5.19563, 2.1969, 12.4778
5.19594, 2.22631, 12.478
5.19594, 2.22631, 12.478
5.19602, 2.25177, 12.4782
5.19602, 2.25177, 12.4782
5.19591, 2.27647, 12.4784
5.19591, 2.27647, 12.4784
5.19578, 2.3043, 12.4788
5.19614, 2.33332, 12.4792
5.19614, 2.33332, 12.4792
5.19626, 2.36279, 12.48
5.19626, 2.36279, 12.48
5.19637, 2.38996, 12.4809
5.1964, 2.41778, 12.4817
5.1964, 2.41778, 12.4817
5.19645, 2.44681, 12.482
5.19645, 2.44681, 12.482
5.19631, 2.47305, 12.4819
5.19653, 2.50126, 12.4817
5.19653, 2.50126, 12.4817
5.19665, 2.52916, 12.4818
5.19666, 2.55852, 12.4823
5.19666, 2.55852, 12.4823
5.19663, 2.58643, 12.4828
5.19663, 2.58643, 12.4828
5.19659, 2.6135, 12.4836
5.19659, 2.6135, 12.4836
5.19654, 2.63826, 12.4845
5.19665, 2.67017, 12.4857
5.19665, 2.67017, 12.4857
5.19703, 2.70012, 12.4871
5.19703, 2.70012, 12.4871
5.19714, 2.72982, 12.4882
5.19714, 2.72982, 12.4882
5.19735, 2.75817, 12.4898
5.19721, 2.78207, 12.4909
5.19721, 2.78207, 12.4909
5.19709, 2.80833, 12.4922
5.19709, 2.80833, 12.4922
5.1969, 2.84146, 12.4935
5.1969, 2.84146, 12.4935
5.19681, 2.87278, 12.4951
5.19667, 2.90164, 12.4966
5.19667, 2.90164, 12.4966
5.19638, 2.92864, 12.4976
5.19638, 2.92864, 12.4976
5.19606, 2.95525, 12.4984
5.19576, 2.98539, 12.4992
5.19576, 2.98539, 12.4992
5.19548, 3.01396, 12.5003
5.19548, 3.01396, 12.5003
5.19507, 3.04539, 12.5012
5.19507, 3.04539, 12.5012
5.19466, 3.0763, 12.5026
5.19413, 3.10245, 12.5035
5.19413, 3.10245, 12.5035
5.19359, 3.12953, 12.5048
5.19359, 3.12953, 12.5048
5.19295, 3.16052, 12.5066
5.19231, 3.19004, 12.5079
5.19231, 3.19004, 12.5079
5.19166, 3.21869, 12.5091
5.19166, 3.21869, 12.5091
5.19096, 3.24695, 12.5098
5.19012, 3.27841, 12.5103
5.19012, 3.27841, 12.5103
5.18944, 3.30495, 12.5109
5.18944, 3.30495, 12.5109
5.18863, 3.33423, 12.5109
5.18799, 3.36523, 12.5111
5.18799, 3.36523, 12.5111
5.18721, 3.3958, 12.5112
5.18721, 3.3958, 12.5112
5.18654, 3.42221, 12.5113
5.18571, 3.4515, 12.5112
5.18571, 3.4515, 12.5112
5.18489, 3.4786, 12.511
5.18489, 3.4786, 12.511
5.18395, 3.51028, 12.5111
5.18304, 3.53899, 12.5112
5.18304, 3.53899, 12.5112
5.18195, 3.5721, 12.5114
5.18195, 3.5721, 12.5114
5.181, 3.59729, 12.5115
5.181, 3.59729, 12.5115
5.17994, 3.62499, 12.512
5.17868, 3.65591, 12.5123
5.17868, 3.65591, 12.5123
5.17745, 3.68327, 12.5127
5.17745, 3.68327, 12.5127
5.17608, 3.71118, 12.5123
5.17444, 3.74318, 12.5115
5.17444, 3.74318, 12.5115
5.17285, 3.77341, 12.5108
5.17285, 3.77341, 12.5108
5.17113, 3.80425, 12.5104
5.16976, 3.82851, 12.5102
5.16976, 3.82851, 12.5102
5.1677, 3.86292, 12.5101
5.1677, 3.86292, 12.5101
5.16586, 3.89278, 12.5102
5.16405, 3.92141, 12.5105
5.16405, 3.92141, 12.5105
5.16225, 3.94967, 12.5108
5.16225, 3.94967, 12.5108
5.16042, 3.97844, 12.5112
5.15854, 4.00774, 12.5115
5.15854, 4.00774, 12.5115
5.15652, 4.04086, 12.5119
5.15492, 4.06701, 12.512
5.15492, 4.06701, 12.512
5.15302, 4.0981, 12.5118
5.15302, 4.0981, 12.5118
5.15103, 4.12944, 12.5114
5.15103, 4.12944, 12.5114
5.14906, 4.15922, 12.5089
5.14719, 4.1853, 12.5019
5.14719, 4.1853, 12.5019
5.14466, 4.21831, 12.485
5.14466, 4.21831, 12.485
5.14238, 4.24558, 12.4649
5.14238, 4.24558, 12.4649
5.13981, 4.27503, 12.4374
5.13712, 4.30511, 12.4062
5.13712, 4.30511, 12.4062
5.1348, 4.33157, 12.3788
5.1348, 4.33157, 12.3788
5.13217, 4.36175, 12.3466
5.12993, 4.39275, 12.3173
5.12993, 4.39275, 12.3173
5.1276, 4.4276, 12.2868
5.12549, 4.45802, 12.2591
5.12549, 4.45802, 12.2591
5.12324, 4.48967, 12.2294
5.12324, 4.48967, 12.2294
5.12126, 4.51756, 12.2036
5.11917, 4.54601, 12.1766
5.11917, 4.54601, 12.1766
5.11673, 4.58086, 12.1471
5.11673, 4.58086, 12.1471
5.1146, 4.60965, 12.1199
5.1146, 4.60965, 12.1199
5.11252, 4.63727, 12.0923
5.11048, 4.66373, 12.0643
5.11048, 4.66373, 12.0643
5.10845, 4.68914, 12.0361
5.10845, 4.68914, 12.0361
5.10631, 4.71469, 12.0055
5.10396, 4.74439, 11.9738
5.10396, 4.74439, 11.9738
5.10185, 4.76997, 11.9447
5.10185, 4.76997, 11.9447
5.09986, 4.79337, 11.9171
5.09777, 4.81694, 11.8869
5.09777, 4.81694, 11.8869
5.09554, 4.84156, 11.8547
5.09554, 4.84156, 11.8547
5.09334, 4.86487, 11.8223
5.09117, 4.8885, 11.7922
5.09117, 4.8885, 11.7922
5.08888, 4.9125, 11.7595
5.08888, 4.9125, 11.7595
5.08694, 4.93281, 11.7316
5.08694, 4.93281, 11.7316
5.08459, 4.95586, 11.6965
5.08271, 4.97429, 11.6683
5.08271, 4.97429, 11.6683
5.08066, 4.99395, 11.6359
5.08066, 4.99395, 11.6359
5.07855, 5.01472, 11.6065
5.07618, 5.03777, 11.5728
5.07618, 5.03777, 11.5728
5.07423, 5.05539, 11.5427
5.07423, 5.05539, 11.5427
5.07226, 5.07322, 11.5129
5.07026, 5.09055, 11.4819
5.07026, 5.09055, 11.4819
5.06785, 5.11101, 11.4473
5.06785, 5.11101, 11.4473
5.06576, 5.12829, 11.4197
5.06576, 5.12829, 11.4197
5.06338, 5.1478, 11.3871
5.06151, 5.16313, 11.3588
5.06151, 5.16313, 11.3588
5.05942, 5.18001, 11.3235
5.05942, 5.18001, 11.3235
5.0576, 5.19438, 11.2927
5.0576, 5.19438, 11.2927
5.05535, 5.21316, 11.2587
5.05326, 5.22995, 11.2257
5.05326, 5.22995, 11.2257
5.05153, 5.24331, 11.1967
5.05153, 5.24331, 11.1967
5.04967, 5.25715, 11.1634
5.04796, 5.26948, 11.1323
5.04796, 5.26948, 11.1323
5.04612, 5.28236, 11.0985
5.04612, 5.28236, 11.0985
5.04429, 5.29475, 11.067
5.04254, 5.30681, 11.0386
5.04254, 5.30681, 11.0386
5.04065, 5.31921, 11.0052
5.04065, 5.31921, 11.0052
5.03883, 5.33054, 10.9725
5.03883, 5.33054, 10.9725
5.03709, 5.34115, 10.9392
5.03549, 5.35046, 10.9082
5.03549, 5.35046, 10.9082
5.03366, 5.36061, 10.8772
5.03366, 5.36061, 10.8772
5.03144, 5.37273, 10.8459
5.02956, 5.38263, 10.8156
5.02956, 5.38263, 10.8156
5.02765, 5.39251, 10.7811
5.02765, 5.39251, 10.7811
5.026, 5.40091, 10.7509
5.02446, 5.40864, 10.721
5.02446, 5.40864, 10.721
5.02256, 5.41764, 10.6915
5.02256, 5.41764, 10.6915
5.02066, 5.4265, 10.6615
5.01863, 5.4358, 10.6298
5.01863, 5.4358, 10.6298
5.017, 5.44287, 10.6008
5.017, 5.44287, 10.6008
5.01538, 5.44958, 10.5686
5.01385, 5.4556, 10.5366
5.01385, 5.4556, 10.5366
5.01239, 5.46095, 10.5047
5.01239, 5.46095, 10.5047
5.01115, 5.46533, 10.4772
5.00998, 5.46932, 10.4478
5.00998, 5.46932, 10.4478
5.00789, 5.4764, 10.4136
5.00789, 5.4764, 10.4136
5.00609, 5.48212, 10.3834
5.0044, 5.48729, 10.351
5.0044, 5.48729, 10.351
5.00293, 5.49168, 10.321
5.00293, 5.49168, 10.321
5.0014, 5.49614, 10.2907
5.00019, 5.49938, 10.2608
5.00019, 5.49938, 10.2608
4.99852, 5.50492, 10.2308
4.99852, 5.50492, 10.2308
4.99697, 5.50979, 10.1984
4.99558, 5.51395, 10.1686
4.99558, 5.51395, 10.1686
4.9943, 5.51755, 10.1371
4.9943, 5.51755, 10.1371
4.99298, 5.5212, 10.1053
4.99204, 5.52357, 10.0755
4.99204, 5.52357, 10.0755
4.99043, 5.5283, 10.0456
4.99043, 5.5283, 10.0456
4.98896, 5.5324, 10.0156
4.98759, 5.53585, 9.9857
4.98759, 5.53585, 9.9857
4.98632, 5.53859, 9.95171
4.98632, 5.53859, 9.95171
4.98518, 5.5409, 9.92431
4.98518, 5.5409, 9.92431
4.98387, 5.54312, 9.89041
4.98208, 5.54691, 9.86398
4.98208, 5.54691, 9.86398
4.98041, 5.54997, 9.8346
4.97885, 5.55225, 9.80052
4.97885, 5.55225, 9.80052
4.97746, 5.55416, 9.7713
4.97746, 5.55416, 9.7713
4.97602, 5.55627, 9.7438
4.97602, 5.55627, 9.7438
4.97501, 5.55694, 9.71241
4.97341, 5.55967, 9.6831
4.97341, 5.55967, 9.6831
4.97194, 5.56178, 9.65395
4.97194, 5.56178, 9.65395
4.97061, 5.56324, 9.62275
4.96945, 5.564, 9.58899
4.96945, 5.564, 9.58899
4.96822, 5.56535, 9.56112
4.96822, 5.56535, 9.56112
4.96724, 5.56603, 9.53198
4.96595, 5.56743, 9.49778
4.96595, 5.56743, 9.49778
4.96481, 5.5687, 9.46887
4.96481, 5.5687, 9.46887
4.96386, 5.56936, 9.43793
4.96305, 5.56986, 9.40983
4.96305, 5.56986, 9.40983
4.9622, 5.56989, 9.37423
4.9622, 5.56989, 9.37423
4.96143, 5.56981, 9.34237
4.96003, 5.57111, 9.31333
4.96003, 5.57111, 9.31333
4.95887, 5.57122, 9.27779
4.95887, 5.57122, 9.27779
4.95787, 5.5711, 9.24536
4.95703, 5.5707, 9.21508
4.95703, 5.5707, 9.21508
4.95631, 5.57014, 9.18712
4.95631, 5.57014, 9.18712
4.95543, 5.56943, 9.15271
4.95436, 5.56955, 9.12247
4.95436, 5.56955, 9.12247
4.95347, 5.56895, 9.09033
4.95347, 5.56895, 9.09033
4.95274, 5.56821, 9.0608
4.95274, 5.56821, 9.0608
4.95223, 5.56678, 9.02914
4.95179, 5.56548, 9.00208
4.95179, 5.56548, 9.00208
4.95114, 5.56406, 8.97062
4.95114, 5.56406, 8.97062
4.95012, 5.56334, 8.94158
4.94934, 5.56197, 8.91097
4.94934, 5.56197, 8.91097
4.94838, 5.56107, 8.88275
4.94785, 5.55955, 8.85694
4.94785, 5.55955, 8.85694
4.94735, 5.55733, 8.82547
4.94735, 5.55733, 8.82547
4.94653, 5.55545, 8.79297
4.94653, 5.55545, 8.79297
4.94546, 5.55446, 8.7672
4.94546, 5.55446, 8.7672
4.94504, 5.5521, 8.73835
4.94504, 5.5521, 8.73835
4.94408, 5.55023, 8.70857
4.94393, 5.54748, 8.68099
4.94393, 5.54748, 8.68099
4.94338, 5.54502, 8.65189
4.94338, 5.54502, 8.65189
4.94264, 5.54272, 8.62286
4.94133, 5.54146, 8.59791
4.94133, 5.54146, 8.59791
4.94034, 5.53924, 8.56869
4.93948, 5.53705, 8.542
4.93948, 5.53705, 8.542
4.93858, 5.53439, 8.51187
4.93858, 5.53439, 8.51187
4.93817, 5.5316, 8.48557
4.93817, 5.5316, 8.48557
4.93704, 5.52958, 8.45903
4.93597, 5.52727, 8.43043
4.93597, 5.52727, 8.43043
4.93504, 5.52502, 8.40423
4.93504, 5.52502, 8.40423
4.93432, 5.52254, 8.37866
4.93394, 5.5194, 8.35089
4.93394, 5.5194, 8.35089
4.93373, 5.51609, 8.3238
4.93373, 5.51609, 8.3238
4.93305, 5.51333, 8.29712
4.93205, 5.51057, 8.26824
4.93205, 5.51057, 8.26824
4.93081, 5.50791, 8.23928
4.93081, 5.50791, 8.23928
4.93025, 5.50469, 8.21163
4.93025, 5.50469, 8.21163
4.92989, 5.50135, 8.18471
4.92911, 5.49803, 8.15601
4.92911, 5.49803, 8.15601
4.92796, 5.4953, 8.12918
4.92796, 5.4953, 8.12918
4.92749, 5.49226, 8.10442
4.92655, 5.48867, 8.0733
4.92655, 5.48867, 8.0733
4.92612, 5.48521, 8.04632
4.92612, 5.48521, 8.04632
4.9256, 5.48172, 8.01955
4.92581, 5.47737, 7.99076
4.92581, 5.47737, 7.99076
4.92472, 5.4746, 7.96536
4.92472, 5.4746, 7.96536
4.92406, 5.47092, 7.93684
4.92339, 5.4678, 7.91276
4.92339, 5.4678, 7.91276
4.92334, 5.46301, 7.88102
4.92334, 5.46301, 7.88102
4.9232, 5.45907, 7.85493
4.92315, 5.45532, 7.83083
4.92315, 5.45532, 7.83083
4.92165, 5.45185, 7.80332
4.92165, 5.45185, 7.80332
4.92075, 5.44803, 7.77584
4.91991, 5.44469, 7.75193
4.91991, 5.44469, 7.75193
4.91954, 5.44041, 7.72427
4.91954, 5.44041, 7.72427
4.91923, 5.43642, 7.6991
4.91916, 5.43224, 7.67363
4.91916, 5.43224, 7.67363
4.91716, 5.42847, 7.64466
4.91716, 5.42847, 7.64466
4.91612, 5.42442, 7.61711
4.91522, 5.42055, 7.59163
4.91522, 5.42055, 7.59163
4.91442, 5.41692, 7.5682
4.91442, 5.41692, 7.5682
4.91375, 5.41222, 7.53894
4.91312, 5.40823, 7.51343
4.91312, 5.40823, 7.51343
4.91165, 5.4046, 7.48711
4.91165, 5.4046, 7.48711
4.91029, 5.40135, 7.46405
4.91029, 5.40135, 7.46405
4.90943, 5.39727, 7.43739
4.90885, 5.39304, 7.41049
4.90885, 5.39304, 7.41049
4.9078, 5.3896, 7.38821
4.9078, 5.3896, 7.38821
4.90752, 5.38495, 7.35958
4.90633, 5.38164, 7.33587
4.90633, 5.38164, 7.33587
4.90559, 5.37765, 7.30892
4.90559, 5.37765, 7.30892
4.90496, 5.37393, 7.28311
4.90446, 5.3705, 7.25966
4.90446, 5.3705, 7.25966
4.90419, 5.36597, 7.23016
4.90419, 5.36597, 7.23016
4.90457, 5.36212, 7.20675
4.9031, 5.35875, 7.17991
4.9031, 5.35875, 7.17991
4.90265, 5.35489, 7.15287
4.90216, 5.34787, 7.10532
4.90216, 5.34787, 7.10532
4.90255, 5.34335, 7.07715
4.90255, 5.34335, 7.07715
4.90224, 5.33977, 7.0519
4.90167, 5.33671, 7.02488
4.90167, 5.33671, 7.02488
4.9012, 5.33389, 7.00002
4.9012, 5.33389, 7.00002
4.901, 5.3309, 6.9751
4.90104, 5.3278, 6.95058
4.90104, 5.3278, 6.95058
4.90146, 5.32419, 6.92413
4.90146, 5.32419, 6.92413
4.9009, 5.32152, 6.89958
4.90027, 5.31905, 6.87519
4.90027, 5.31905, 6.87519
4.90016, 5.31573, 6.84705
4.90016, 5.31573, 6.84705
4.89999, 5.31287, 6.82263
4.89987, 5.31022, 6.80032
4.89987, 5.31022, 6.80032
4.90078, 5.30337, 6.74872
4.89954, 5.30153, 6.72523
4.89954, 5.30153, 6.72523
4.89926, 5.29889, 6.7007
4.89926, 5.29889, 6.7007
4.89913, 5.29626, 6.67744
4.8992, 5.29345, 6.65393
4.8992, 5.29345, 6.65393
4.89937, 5.29023, 6.62741
4.89937, 5.29023, 6.62741
4.89935, 5.28741, 6.60234
4.89884, 5.2852, 6.57875
4.89865, 5.28266, 6.5543
4.89862, 5.28008, 6.53075
4.89884, 5.27724, 6.50602
4.89884, 5.27724, 6.50602
4.89925, 5.27419, 6.4804
4.89925, 5.27419, 6.4804
4.89879, 5.27171, 6.45533
4.89879, 5.27171, 6.45533
4.89833, 5.26905, 6.42902
4.89798, 5.26649, 6.40458
4.89798, 5.26649, 6.40458
4.89786, 5.26378, 6.37998
4.89786, 5.26378, 6.37998
4.89791, 5.26107, 6.35637
4.89791, 5.26107, 6.35637
4.89836, 5.25785, 6.33027
4.89792, 5.25529, 6.30434
4.89765, 5.2529, 6.28051
4.89777, 5.25004, 6.25478
4.898, 5.24725, 6.23038
4.898, 5.24725, 6.23038
4.89887, 5.24173, 6.18396
4.89859, 5.23944, 6.1584
4.89859, 5.23944, 6.1584
4.89869, 5.23718, 6.13469
4.89961, 5.23213, 6.08631
4.89961, 5.23213, 6.08631
4.90026, 5.22956, 6.06298
4.90026, 5.22956, 6.06298
4.90057, 5.22495, 6.01534
4.90074, 5.22248, 5.98953
4.90074, 5.22248, 5.98953
4.90111, 5.21993, 5.96411
4.9014, 5.21776, 5.94224
4.9014, 5.21776, 5.94224
4.90209, 5.21506, 5.91727
4.90209, 5.21506, 5.91727
4.90306, 5.21203, 5.89004
4.90306, 5.21203, 5.89004
4.90329, 5.2097, 5.86631
4.903, 5.20771, 5.84464
4.903, 5.20771, 5.84464
4.90359, 5.20464, 5.81959
4.90525, 5.19657, 5.77041
4.90525, 5.19657, 5.77041
4.9061, 5.19178, 5.74838
4.9061, 5.19178, 5.74838
4.90625, 5.18654, 5.72435
4.90625, 5.18654, 5.72435
4.906, 5.18112, 5.70262
4.906, 5.18112, 5.70262
4.90616, 5.17474, 5.68139
4.90653, 5.1666, 5.6581
4.90653, 5.1666, 5.6581
4.90686, 5.15828, 5.63728
4.9068, 5.1492, 5.61579
4.90633, 5.14006, 5.59554
4.90585, 5.13167, 5.57876
4.90585, 5.13167, 5.57876
4.9056, 5.12125, 5.55996
4.9056, 5.12125, 5.55996
4.90519, 5.11046, 5.54209
4.9051, 5.09946, 5.52529
4.9051, 5.09946, 5.52529
4.90446, 5.08778, 5.50778
4.90285, 5.06349, 5.47471
4.90285, 5.06349, 5.47471
4.9026, 5.05261, 5.46136
4.9026, 5.05261, 5.46136
4.90209, 5.03852, 5.44509
4.90186, 5.02585, 5.4313
4.90107, 5.01419, 5.4185
4.90058, 5.00219, 5.40593
4.90058, 5.00219, 5.40593
4.89967, 4.98747, 5.3911
4.89851, 4.95938, 5.36533
4.89737, 4.93176, 5.34255
4.89737, 4.93176, 5.34255
4.89654, 4.91661, 5.33105
4.89654, 4.91661, 5.33105
4.89588, 4.90216, 5.32072
4.89532, 4.88743, 5.31085
4.89493, 4.87138, 5.30026
4.89446, 4.85515, 5.29
4.89337, 4.84065, 5.28113
4.89337, 4.84065, 5.28113
4.89245, 4.82554, 5.27259
4.89245, 4.82554, 5.27259
4.89145, 4.80893, 5.26406
4.89089, 4.79307, 5.25638
4.89089, 4.79307, 5.25638
4.89025, 4.77669, 5.24925
4.89025, 4.77669, 5.24925
4.88977, 4.76154, 5.24279
4.88977, 4.76154, 5.24279
4.88899, 4.7443, 5.23566
4.88829, 4.72972, 5.23014
4.88829, 4.72972, 5.23014
4.88786, 4.71103, 5.2231
4.88786, 4.71103, 5.2231
4.88744, 4.69608, 5.21809
4.88707, 4.67768, 5.21225
4.88707, 4.67768, 5.21225
4.88708, 4.66109, 5.20666
4.88708, 4.66109, 5.20666
4.88611, 4.64488, 5.20172
4.88502, 4.62618, 5.19644
4.88502, 4.62618, 5.19644
4.88429, 4.60981, 5.19171
4.88429, 4.60981, 5.19171
4.88364, 4.59525, 5.18791
4.88364, 4.59525, 5.18791
4.88317, 4.57623, 5.18291
4.88257, 4.56011, 5.17915
4.88257, 4.56011, 5.17915
4.88158, 4.54273, 5.17504
4.88158, 4.54273, 5.17504
4.88072, 4.52621, 5.17134
4.88072, 4.52621, 5.17134
4.87998, 4.50951, 5.16773
4.87937, 4.48992, 5.16329
4.87937, 4.48992, 5.16329
4.87867, 4.47291, 5.16018
4.87867, 4.47291, 5.16018
4.8779, 4.45431, 5.15648
4.87679, 4.43845, 5.15381
4.87679, 4.43845, 5.15381
4.87591, 4.41983, 5.1505
4.87591, 4.41983, 5.1505
4.87518, 4.40236, 5.14769
4.87454, 4.38473, 5.14491
4.87454, 4.38473, 5.14491
4.87309, 4.34687, 5.13942
4.8721, 4.33056, 5.13703
4.8721, 4.33056, 5.13703
4.87052, 4.29391, 5.13094
4.86977, 4.27316, 5.1277
4.86977, 4.27316, 5.1277
4.86932, 4.25647, 5.12503
4.86772, 4.22025, 5.11932
4.86772, 4.22025, 5.11932
4.86701, 4.20156, 5.1166
4.86623, 4.18188, 5.11405
4.86544, 4.14496, 5.10945
4.8648, 4.12543, 5.10702
4.8648, 4.12543, 5.10702
4.86414, 4.10723, 5.10502
4.86379, 4.09031, 5.10296
4.86379, 4.09031, 5.10296
4.86324, 4.06927, 5.10086
4.86324, 4.06927, 5.10086
4.86252, 4.03162, 5.09699
4.86175, 4.01337, 5.09502
4.86175, 4.01337, 5.09502
4.86089, 3.99498, 5.09339
4.86016, 3.97372, 5.09149
4.86016, 3.97372, 5.09149
4.85947, 3.95553, 5.09027
4.85947, 3.95553, 5.09027
4.85884, 3.93695, 5.08883
4.8583, 3.9183, 5.08765
4.8583, 3.9183, 5.08765
4.85726, 3.89941, 5.08705
4.85726, 3.89941, 5.08705
4.85645, 3.88058, 5.08632
4.85573, 3.86194, 5.08586
4.85573, 3.86194, 5.08586
4.85507, 3.84039, 5.08514
4.85507, 3.84039, 5.08514
4.85447, 3.82156, 5.08481
4.85447, 3.82156, 5.08481
4.85344, 3.7806, 5.08452
4.85257, 3.74223, 5.08488
4.85257, 3.74223, 5.08488
4.8515, 3.70454, 5.08411
4.85103, 3.68372, 5.0836
4.85103, 3.68372, 5.0836
4.85056, 3.66365, 5.08372
4.85023, 3.64487, 5.08328
4.85023, 3.64487, 5.08328
4.84982, 3.62633, 5.08287
4.84982, 3.62633, 5.08287
4.84943, 3.60627, 5.08199
4.84918, 3.58756, 5.08094
4.84918, 3.58756, 5.08094
4.84885, 3.56747, 5.08052
4.84885, 3.56747, 5.08052
4.84866, 3.55022, 5.08026
4.84849, 3.5282, 5.07949
4.84849, 3.5282, 5.07949
4.84772, 3.48916, 5.07871
4.84772, 3.48916, 5.07871
4.8472, 3.47006, 5.07825
4.84673, 3.45163, 5.07795
4.84673, 3.45163, 5.07795
4.84622, 3.43111, 5.07796
4.84622, 3.43111, 5.07796
4.84584, 3.41166, 5.07766
4.84584, 3.41166, 5.07766
4.84538, 3.39114, 5.0773
4.84441, 3.35217, 5.07757
4.84441, 3.35217, 5.07757
4.84412, 3.33431, 5.07716
4.8438, 3.31519, 5.07714
4.8438, 3.31519, 5.07714
4.84344, 3.29301, 5.07743
4.84344, 3.29301, 5.07743
4.84319, 3.27388, 5.07752
4.84299, 3.2567, 5.0778
4.84299, 3.2567, 5.0778
4.84276, 3.23628, 5.07775
4.84276, 3.23628, 5.07775
4.84251, 3.21427, 5.07813
4.84228, 3.19634, 5.07772
4.84228, 3.19634, 5.07772
4.84202, 3.17559, 5.07786
4.84198, 3.13632, 5.07786
4.84198, 3.13632, 5.07786
4.84198, 3.11694, 5.07769
4.84198, 3.11694, 5.07769
4.84191, 3.09595, 5.0773
4.84183, 3.07652, 5.07699
4.84183, 3.07652, 5.07699
4.84178, 3.03746, 5.07654
4.84186, 3.01507, 5.07598
4.84186, 3.01507, 5.07598
4.84206, 2.99561, 5.07632
4.84212, 2.95616, 5.07597
4.84212, 2.95616, 5.07597
4.84211, 2.93621, 5.07585
4.84211, 2.93621, 5.07585
4.84215, 2.91488, 5.07533
4.84227, 2.89529, 5.07474
4.84227, 2.89529, 5.07474
4.84231, 2.87396, 5.07364
4.84231, 2.87396, 5.07364
4.8424, 2.85584, 5.07267
4.8424, 2.83592, 5.07143
4.8424, 2.83592, 5.07143
4.84236, 2.81167, 5.07004
4.84236, 2.81167, 5.07004
4.84307, 2.77184, 5.06842
4.84326, 2.75338, 5.06751
4.84326, 2.75338, 5.06751
4.84365, 2.7299, 5.0667
4.84365, 2.7299, 5.0667
4.8438, 2.70778, 5.06591
4.84396, 2.68732, 5.06537
4.84484, 2.66831, 5.06504
4.84607, 2.64502, 5.0648
4.84691, 2.62453, 5.06454
4.84691, 2.62453, 5.06454
4.84767, 2.60418, 5.06402
4.84888, 2.56129, 5.06282
4.84888, 2.56129, 5.06282
4.84979, 2.54237, 5.06252
4.84979, 2.54237, 5.06252
4.85059, 2.51875, 5.06199
4.85166, 2.49835, 5.06225
4.85166, 2.49835, 5.06225
4.85226, 2.47594, 5.06191
4.85282, 2.45365, 5.06124
4.85282, 2.45365, 5.06124
4.85336, 2.43434, 5.05978
4.85336, 2.43434, 5.05978
4.85484, 2.4119, 5.05839
4.85484, 2.4119, 5.05839
4.85699, 2.37045, 5.05647
4.85781, 2.34606, 5.05545
4.85781, 2.34606, 5.05545
4.85858, 2.32485, 5.05493
4.85858, 2.32485, 5.05493
4.85924, 2.30356, 5.05461
4.86038, 2.28057, 5.05425
4.86038, 2.28057, 5.05425
4.86233, 2.23901, 5.05289
4.86313, 2.21732, 5.05193
4.86313, 2.21732, 5.05193
4.86405, 2.19385, 5.05101
4.86405, 2.19385, 5.05101
4.8665, 2.14701, 5.04801
4.8673, 2.12685, 5.04676
4.86856, 2.10181, 5.04516
4.87004, 2.05765, 5.04201
4.87218, 2.01198, 5.03929
4.87218, 2.01198, 5.03929
4.87218, 2.01198, 5.03929
4.87401, 1.98849, 5.03838
4.87531, 1.96829, 5.03767
4.87531, 1.96829, 5.03767
4.87612, 1.94691, 5.03686
4.87612, 1.94691, 5.03686
4.87715, 1.92295, 5.03628
4.87874, 1.89925, 5.03602
4.87874, 1.89925, 5.03602
4.88023, 1.87531, 5.03567
4.88023, 1.87531, 5.03567
4.88156, 1.85283, 5.03539
4.88274, 1.83045, 5.03529
4.88274, 1.83045, 5.03529
4.88404, 1.80634, 5.03492
4.88404, 1.80634, 5.03492
4.88488, 1.78344, 5.03404
4.88611, 1.76133, 5.0334
4.88611, 1.76133, 5.0334
4.88762, 1.73698, 5.03275
4.88762, 1.73698, 5.03275
4.89056, 1.68994, 5.03135
4.89157, 1.66731, 5.03067
4.89243, 1.64276, 5.03004
4.89559, 1.5959, 5.02875
4.89706, 1.57314, 5.02747
4.89706, 1.57314, 5.02747
4.89843, 1.55221, 5.02633
4.89999, 1.52622, 5.02522
4.89999, 1.52622, 5.02522
4.9027, 1.48057, 5.0241
4.90437, 1.45589, 5.02385
4.90437, 1.45589, 5.02385
4.90589, 1.43122, 5.02383
4.90589, 1.43122, 5.02383
4.90759, 1.41, 5.02435
4.90876, 1.38619, 5.02473
4.90876, 1.38619, 5.02473
4.91141, 1.33918, 5.02602
4.91467, 1.29344, 5.02741
4.91467, 1.29344, 5.02741
4.91602, 1.26756, 5.02796
4.91723, 1.24456, 5.02855
4.91723, 1.24456, 5.02855
4.91831, 1.22235, 5.02924
4.91831, 1.22235, 5.02924
4.92029, 1.19649, 5.03033
4.92029, 1.19649, 5.03033
4.92205, 1.1737, 5.03109
4.92364, 1.15265, 5.03187
4.92364, 1.15265, 5.03187
4.92537, 1.12645, 5.03263
4.92537, 1.12645, 5.03263
4.92858, 1.07801, 5.03366
4.93046, 1.05658, 5.03385
4.93046, 1.05658, 5.03385
4.93171, 1.03327, 5.03366
4.93171, 1.03327, 5.03366
4.93328, 1.00848, 5.03366
4.93468, 0.984985, 5.03364
4.93468, 0.984985, 5.03364
4.93589, 0.961931, 5.0335
4.93589, 0.961931, 5.0335
4.93689, 0.937459, 5.03324
4.93689, 0.937459, 5.03324
4.93878, 0.912289, 5.0329
4.94052, 0.888891, 5.03275
4.94052, 0.888891, 5.03275
4.94213, 0.867252, 5.03228
4.94487, 0.817453, 5.03097
4.94487, 0.817453, 5.03097
4.94691, 0.794126, 5.03056
4.94691, 0.794126, 5.03056
4.94903, 0.767211, 5.02997
4.95094, 0.743549, 5.02933
4.95094, 0.743549, 5.02933
4.95265, 0.719898, 5.0288
4.95265, 0.719898, 5.0288
4.95419, 0.69648, 5.02825
4.9571, 0.649604, 5.02717
4.9571, 0.649604, 5.02717
4.96168, 0.596643, 5.02604
4.96495, 0.550759, 5.02487
4.96495, 0.550759, 5.02487
4.9667, 0.523216, 5.02401
4.97055, 0.47569, 5.02118
4.97055, 0.47569, 5.02118
4.97242, 0.453158, 5.01949
4.97242, 0.453158, 5.01949
4.97452, 0.425378, 5.01612
4.97452, 0.425378, 5.01612
4.9757, 0.404099, 5.01412
4.9757, 0.404099, 5.01412
4.97742, 0.378631, 5.01101
4.97742, 0.378631, 5.01101
4.97928, 0.352991, 5.00856
4.97928, 0.352991, 5.00856
4.98094, 0.330581, 5.00657
4.98247, 0.304616, 5.00486
4.98247, 0.304616, 5.00486
4.9842, 0.276784, 5.00299
4.98666, 0.228598, 5.00057
4.98666, 0.228598, 5.00057
4.98852, 0.204065, 4.99971
4.98852, 0.204065, 4.99971
4.99019, 0.179571, 4.99895
4.99171, 0.153419, 4.99822
4.99171, 0.153419, 4.99822
4.99308, 0.128992, 4.9976
4.99578, 0.0782965, 4.99695
4.99578, 0.0782965, 4.99695
4.99747, 0.0532213, 4.99696
4.99747, 0.0532213, 4.99696
4.99897, 0.0270186, 4.9972
5.00033, 0.00433268, 4.99767
5.00156, -0.0206079, 4.9982
5.00419, -0.0713732, 4.99958
5.00585, -0.0974669, 5.00017
5.00736, -0.123431, 5.00078
5.01006, -0.172663, 5.00125
5.01105, -0.19713, 5.00146
5.01105, -0.19713, 5.00146
5.01205, -0.22331, 5.00141
5.01436, -0.272153, 5.00086
5.01436, -0.272153, 5.00086
5.01539, -0.300119, 5.00076
5.01624, -0.322828, 5.0008
5.01624, -0.322828, 5.0008
5.01701, -0.349036, 5.00099
5.01701, -0.349036, 5.00099
5.01795, -0.374936, 5.00132
5.01877, -0.399817, 5.00151
5.01877, -0.399817, 5.00151
5.01993, -0.426916, 5.0018
5.02154, -0.476684, 5.00223
5.02154, -0.476684, 5.00223
5.02231, -0.503578, 5.00246
5.02231, -0.503578, 5.00246
5.02331, -0.528552, 5.00261
5.02465, -0.553609, 5.00285
5.02465, -0.553609, 5.00285
5.02609, -0.580486, 5.00322
5.02609, -0.580486, 5.00322
5.02713, -0.604348, 5.00357
5.02809, -0.629292, 5.00391
5.02809, -0.629292, 5.00391
5.02899, -0.657727, 5.00411
5.03115, -0.705799, 5.00453
5.03115, -0.705799, 5.00453
5.03232, -0.734432, 5.00466
5.03232, -0.734432, 5.00466
5.03427, -0.786107, 5.00482
5.0351, -0.810997, 5.00488
5.0351, -0.810997, 5.00488
5.03616, -0.837616, 5.00499
5.03713, -0.862975, 5.00509
5.03713, -0.862975, 5.00509
5.03799, -0.88833, 5.00497
5.03799, -0.88833, 5.00497
5.03872, -0.915364, 5.00478
5.03872, -0.915364, 5.00478
5.03936, -0.942506, 5.00461
5.04, -0.96571, 5.00453
5.04, -0.96571, 5.00453
5.04067, -0.992377, 5.00443
5.04067, -0.992377, 5.00443
5.04149, -1.01948, 5.00417
5.04222, -1.04267, 5.0037
5.04222, -1.04267, 5.0037
5.04283, -1.06905, 5.00322
5.04283, -1.06905, 5.00322
5.04335, -1.09738, 5.00225
5.04428, -1.14616, 5.00019
5.04428, -1.14616, 5.00019
5.04593, -1.2007, 4.99852
5.04702, -1.25134, 4.99663
5.04755, -1.27883, 4.99589
5.04755, -1.27883, 4.99589
5.04813, -1.30432, 4.99549
5.04813, -1.30432, 4.99549
5.04869, -1.32954, 4.99531
5.04949, -1.35666, 4.99433
5.04949, -1.35666, 4.99433
5.05003, -1.38418, 4.99354
5.05003, -1.38418, 4.99354
5.05048, -1.40932, 4.99302
5.05084, -1.43674, 4.99273
5.05084, -1.43674, 4.99273
5.05136, -1.46244, 4.99273
5.05136, -1.46244, 4.99273
5.05219, -1.48963, 4.99293
5.05314, -1.54341, 4.99368
5.05348, -1.56904, 4.99422
5.05348, -1.56904, 4.99422
5.05348, -1.56904, 4.99422
5.05384, -1.59534, 4.99493
5.05425, -1.62306, 4.99555
5.05425, -1.62306, 4.99555
5.05466, -1.64875, 4.99604
5.05466, -1.64875, 4.99604
5.05495, -1.67442, 4.99668
5.05525, -1.70155, 4.99748
5.05525, -1.70155, 4.99748
5.05581, -1.727, 4.99835
5.05666, -1.7544, 4.99913
5.05666, -1.7544, 4.99913
5.05817, -1.78137, 4.99998
5.05817, -1.78137, 4.99998
5.06008, -1.80413, 5.00074
5.06008, -1.80413, 5.00074
5.06304, -1.82852, 5.00206
5.06718, -1.85399, 5.00328
5.06718, -1.85399, 5.00328
5.0724, -1.87858, 5.00454
5.0724, -1.87858, 5.00454
5.07825, -1.9007, 5.00618
5.08553, -1.92293, 5.00751
5.08553, -1.92293, 5.00751
5.10199, -1.96251, 5.00959
5.11231, -1.98281, 5.01043
5.11231, -1.98281, 5.01043
5.13465, -2.02006, 5.01156
5.14631, -2.03685, 5.01216
5.14631, -2.03685, 5.01216
5.15942, -2.05428, 5.01242
5.18493, -2.08506, 5.013
5.18493, -2.08506, 5.013
5.19927, -2.10096, 5.01351
5.19927, -2.10096, 5.01351
5.22721, -2.12983, 5.0148
5.24016, -2.14244, 5.01539
5.24016, -2.14244, 5.01539
5.25545, -2.1567, 5.01601
5.2693, -2.16995, 5.01661
5.2693, -2.16995, 5.01661
5.29806, -2.19635, 5.01742
5.32905, -2.2229, 5.0176
5.32905, -2.2229, 5.0176
5.34357, -2.23469, 5.01732
5.34357, -2.23469, 5.01732
5.35935, -2.2473, 5.0162
5.37284, -2.25795, 5.01517
5.3895, -2.27081, 5.01341
5.42142, -2.29423, 5.01109
5.43565, -2.30444, 5.01034
5.43565, -2.30444, 5.01034
5.45221, -2.31588, 5.00978
5.46907, -2.3273, 5.00909
5.48378, -2.33708, 5.00845
5.50236, -2.34915, 5.0079
5.5187, -2.3595, 5.00761
5.5187, -2.3595, 5.00761
5.53501, -2.36969, 5.00723
5.53501, -2.36969, 5.00723
5.55146, -2.37963, 5.00695
5.56906, -2.39014, 5.00658
5.58552, -2.39983, 5.00622
5.60223, -2.40951, 5.00584
5.62016, -2.41974, 5.00554
5.63703, -2.42924, 5.00488
5.65494, -2.43913, 5.00392
5.65494, -2.43913, 5.00392
5.67341, -2.44921, 5.00171
5.68931, -2.45772, 4.99966
5.72674, -2.47736, 4.99508
5.72674, -2.47736, 4.99508
5.74416, -2.48631, 4.99287
5.74416, -2.48631, 4.99287
5.76103, -2.49492, 4.99181
5.76103, -2.49492, 4.99181
5.77998, -2.50446, 4.99053
5.79741, -2.51315, 4.98909
5.79741, -2.51315, 4.98909
5.81633, -2.52247, 4.98702
5.81633, -2.52247, 4.98702
5.85198, -2.53976, 4.98459
5.87214, -2.54941, 4.98372
5.87214, -2.54941, 4.98372
5.8904, -2.55803, 4.98296
5.90688, -2.56576, 4.98208
5.90688, -2.56576, 4.98208
5.92493, -2.57417, 4.98146
5.92493, -2.57417, 4.98146
5.94428, -2.58308, 4.98079
5.96227, -2.59131, 4.98037
5.96227, -2.59131, 4.98037
5.98044, -2.59953, 4.97999
5.98044, -2.59953, 4.97999
6.00148, -2.609, 4.9795
6.03846, -2.62542, 4.97888
6.03846, -2.62542, 4.97888
6.05725, -2.63368, 4.97879
6.09667, -2.6504, 4.97668
6.09667, -2.6504, 4.97668
6.11693, -2.65869, 4.9753
6.13595, -2.66646, 4.97436
6.13595, -2.66646, 4.97436
6.15498, -2.67424, 4.97404
6.15498, -2.67424, 4.97404
6.17498, -2.68226, 4.97318
6.17498, -2.68226, 4.97318
6.19531, -2.69036, 4.97281
6.21275, -2.69721, 4.97243
6.21275, -2.69721, 4.97243
6.23183, -2.70467, 4.97213
6.23183, -2.70467, 4.97213
6.25225, -2.71258, 4.97135
6.273, -2.72052, 4.97044
6.273, -2.72052, 4.97044
6.29089, -2.72731, 4.96978
6.29089, -2.72731, 4.96978
6.31179, -2.73527, 4.96887
6.33076, -2.74245, 4.9674
6.33076, -2.74245, 4.9674
6.35189, -2.75044, 4.96689
6.35189, -2.75044, 4.96689
6.37277, -2.75825, 4.96602
6.41199, -2.77276, 4.96432
6.41199, -2.77276, 4.96432
6.43309, -2.78045, 4.96366
6.45105, -2.78692, 4.96363
6.45105, -2.78692, 4.96363
6.47177, -2.79433, 4.96336
6.51391, -2.80912, 4.96304
6.51391, -2.80912, 4.96304
6.53226, -2.81552, 4.96263
6.53226, -2.81552, 4.96263
6.55514, -2.82335, 4.96213
6.57497, -2.82988, 4.96195
6.57497, -2.82988, 4.96195
6.59316, -2.83583, 4.96183
6.59316, -2.83583, 4.96183
6.61302, -2.84231, 4.96197
6.63585, -2.84977, 4.96245
6.63585, -2.84977, 4.96245
6.67575, -2.86261, 4.96273
6.69751, -2.86963, 4.96276
6.71851, -2.8763, 4.96234
6.73706, -2.88214, 4.96182
6.73706, -2.88214, 4.96182
6.75992, -2.88927, 4.96113
6.77946, -2.89534, 4.96071
6.77946, -2.89534, 4.96071
6.80116, -2.90176, 4.95996
6.84289, -2.91386, 4.95548
6.84289, -2.91386, 4.95548
6.88383, -2.92565, 4.95261
6.90596, -2.93196, 4.95109
6.90596, -2.93196, 4.95109
6.92782, -2.93818, 4.95034
6.92782, -2.93818, 4.95034
6.94819, -2.94393, 4.9498
6.96999, -2.95005, 4.94916
6.96999, -2.95005, 4.94916
6.99073, -2.95587, 4.94922
6.99073, -2.95587, 4.94922
7.01297, -2.96209, 4.94946
7.03225, -2.9674, 4.9495
7.03225, -2.9674, 4.9495
7.07648, -2.97894, 4.94993
7.09724, -2.98432, 4.95031
7.09724, -2.98432, 4.95031
7.11808, -2.98966, 4.95076
7.11808, -2.98966, 4.95076
7.13907, -2.99498, 4.95046
7.16024, -3.0004, 4.95011
7.18364, -3.00597, 4.94879
7.2027, -3.01035, 4.94807
7.22664, -3.01599, 4.94794
7.22664, -3.01599, 4.94794
7.24747, -3.02072, 4.94727
7.24747, -3.02072, 4.94727
7.26712, -3.02536, 4.9475
7.26712, -3.02536, 4.9475
7.28919, -3.0304, 4.94728
7.31136, -3.03498, 4.9476
7.31136, -3.03498, 4.9476
7.33216, -3.03922, 4.94775
7.35454, -3.04371, 4.94763
7.35454, -3.04371, 4.94763
7.37398, -3.04768, 4.94765
7.37398, -3.04768, 4.94765
7.39817, -3.05274, 4.94819
7.39817, -3.05274, 4.94819
7.42104, -3.05746, 4.94865
7.44056, -3.06104, 4.94887
7.44056, -3.06104, 4.94887
7.4635, -3.06528, 4.94938
7.4635, -3.06528, 4.94938
7.48305, -3.06878, 4.94962
7.50438, -3.07267, 4.95005
7.50438, -3.07267, 4.95005
7.52916, -3.07712, 4.95049
7.52916, -3.07712, 4.95049
7.55238, -3.0814, 4.9511
7.57193, -3.08477, 4.95124
7.59465, -3.08857, 4.95091
7.61779, -3.09264, 4.95096
7.6595, -3.10005, 4.95145
7.6595, -3.10005, 4.95145
7.68396, -3.10433, 4.95162
7.70536, -3.10812, 4.95224
7.70536, -3.10812, 4.95224
7.7249, -3.1112, 4.95157
7.7249, -3.1112, 4.95157
7.74995, -3.11549, 4.95141
7.77314, -3.11926, 4.95046
7.77314, -3.11926, 4.95046
7.79334, -3.12272, 4.95034
7.79334, -3.12272, 4.95034
7.81668, -3.12649, 4.94936
7.83828, -3.12972, 4.94892
7.83828, -3.12972, 4.94892
7.86215, -3.13323, 4.9482
7.86215, -3.13323, 4.9482
7.88213, -3.13621, 4.94769
7.90377, -3.13961, 4.94784
7.92653, -3.14308, 4.94733
7.92653, -3.14308, 4.94733
7.94874, -3.14645, 4.94672
7.94874, -3.14645, 4.94672
7.99241, -3.15193, 4.94544
8.03949, -3.15802, 4.94431
8.03949, -3.15802, 4.94431
8.06168, -3.16097, 4.94377
8.08479, -3.16367, 4.94268
8.08479, -3.16367, 4.94268
8.10682, -3.16631, 4.94264
8.10682, -3.16631, 4.94264
8.13024, -3.1687, 4.94142
8.15238, -3.17118, 4.94061
8.15238, -3.17118, 4.94061
8.17593, -3.1739, 4.93983
8.17593, -3.1739, 4.93983
8.19654, -3.17623, 4.93855
8.2425, -3.18065, 4.93703
8.2425, -3.18065, 4.93703
8.2664, -3.18289, 4.93669
8.2664, -3.18289, 4.93669
8.28853, -3.18467, 4.9357
8.31094, -3.18676, 4.9355
8.31094, -3.18676, 4.9355
8.35916, -3.19107, 4.93554
8.38149, -3.19254, 4.93561
8.38149, -3.19254, 4.93561
8.42791, -3.19562, 4.9357
8.45029, -3.19705, 4.93555
8.45029, -3.19705, 4.93555
8.47293, -3.1988, 4.93598
8.47293, -3.1988, 4.93598
8.49669, -3.20014, 4.93653
8.51716, -3.20123, 4.93654
8.5413, -3.20277, 4.9368
8.56378, -3.20414, 4.93693
8.58808, -3.20572, 4.93726
8.58808, -3.20572, 4.93726
8.61068, -3.20718, 4.93718
8.61068, -3.20718, 4.93718
8.63305, -3.20854, 4.93714
8.65557, -3.20958, 4.93699
8.65557, -3.20958, 4.93699
8.68159, -3.21077, 4.93665
8.68159, -3.21077, 4.93665
8.70256, -3.2118, 4.93641
8.72656, -3.21313, 4.93612
8.72656, -3.21313, 4.93612
8.75193, -3.21459, 4.93619
8.75193, -3.21459, 4.93619
8.77257, -3.21543, 4.93598
8.79699, -3.2161, 4.93566
8.79699, -3.2161, 4.93566
8.81937, -3.21692, 4.9357
8.84304, -3.21785, 4.93595
8.84304, -3.21785, 4.93595
8.86525, -3.21872, 4.93624
8.86525, -3.21872, 4.93624
8.89185, -3.21978, 4.93649
8.89185, -3.21978, 4.93649
8.91476, -3.21999, 4.93663
8.91476, -3.21999, 4.93663
8.93568, -3.22015, 4.93625
8.93568, -3.22015, 4.93625
8.9622, -3.22048, 4.93547
8.98683, -3.22101, 4.93526
8.98683, -3.22101, 4.93526
9.01009, -3.22165, 4.93561
9.01009, -3.22165, 4.93561
9.03302, -3.22192, 4.93464
9.05798, -3.22217, 4.92954
9.05798, -3.22217, 4.92954
9.08137, -3.22238, 4.92501
9.08137, -3.22238, 4.92501
9.10624, -3.22265, 4.92136
9.1297, -3.22286, 4.91833
9.1297, -3.22286, 4.91833
9.15323, -3.22309, 4.91601
9.15323, -3.22309, 4.91601
9.17858, -3.22323, 4.91347
9.20021, -3.22314, 4.9131
9.20021, -3.22314, 4.9131
9.22641, -3.22274, 4.9117
9.22641, -3.22274, 4.9117
9.24968, -3.22251, 4.91109
9.27465, -3.22218, 4.91008
9.27465, -3.22218, 4.91008
9.29804, -3.22202, 4.90969
9.29804, -3.22202, 4.90969
9.31964, -3.22183, 4.9093
9.3458, -3.22156, 4.90974
9.3458, -3.22156, 4.90974
9.36903, -3.22128, 4.91006
9.36903, -3.22128, 4.91006
9.3916, -3.22105, 4.91048
9.3916, -3.22105, 4.91048
9.41863, -3.22092, 4.91144
9.44203, -3.2207, 4.91202
9.44203, -3.2207, 4.91202
9.4655, -3.22045, 4.91265
9.48884, -3.21977, 4.91261
9.48884, -3.21977, 4.91261
9.5123, -3.21927, 4.91329
9.5123, -3.21927, 4.91329
9.53886, -3.21877, 4.91435
9.56071, -3.2183, 4.91482
9.56071, -3.2183, 4.91482
9.5861, -3.21777, 4.91579
9.5861, -3.21777, 4.91579
9.6117, -3.21723, 4.9169
9.6117, -3.21723, 4.9169
9.63381, -3.21639, 4.9177
9.65911, -3.21542, 4.91837
9.65911, -3.21542, 4.91837
9.68482, -3.21454, 4.9194
9.70695, -3.21363, 4.91943
9.70695, -3.21363, 4.91943
9.73448, -3.21268, 4.92073
9.73448, -3.21268, 4.92073
9.75656, -3.2119, 4.922
9.75656, -3.2119, 4.922
9.78419, -3.21085, 4.92307
9.80768, -3.21001, 4.9244
9.80768, -3.21001, 4.9244
9.83356, -3.20902, 4.92512
9.83356, -3.20902, 4.92512
9.85747, -3.2081, 4.92602
9.88138, -3.20718, 4.92694
9.88138, -3.20718, 4.92694
9.90733, -3.20618, 4.92807
9.90733, -3.20618, 4.92807
9.93352, -3.20515, 4.92918
9.956, -3.20425, 4.92984
9.956, -3.20425, 4.92984
9.9841, -3.20307, 4.93036
9.9841, -3.20307, 4.93036
10.0094, -3.20198, 4.93087
10.0335, -3.20092, 4.93125
10.0335, -3.20092, 4.93125
10.0579, -3.19976, 4.93132
10.0579, -3.19976, 4.93132
10.0819, -3.19848, 4.93148
10.1097, -3.19695, 4.9316
10.1097, -3.19695, 4.9316
10.134, -3.19558, 4.93188
10.134, -3.19558, 4.93188
10.1586, -3.19414, 4.93187
10.1586, -3.19414, 4.93187
10.1825, -3.19269, 4.93106
10.2086, -3.19107, 4.93044
10.2086, -3.19107, 4.93044
10.2351, -3.18939, 4.92989
10.2351, -3.18939, 4.92989
10.2615, -3.18764, 4.92869
10.2861, -3.18592, 4.92823
10.2861, -3.18592, 4.92823
10.3089, -3.18428, 4.92786
10.3089, -3.18428, 4.92786
10.3343, -3.18237, 4.92767
10.3589, -3.18034, 4.92702
10.3589, -3.18034, 4.92702
10.3875, -3.17779, 4.92595
10.3875, -3.17779, 4.92595
10.4124, -3.17554, 4.92463
10.439, -3.1731, 4.92374
10.439, -3.1731, 4.92374
10.4619, -3.17097, 4.92278
10.4619, -3.17097, 4.92278
10.4867, -3.1686, 4.92218
10.5129, -3.16611, 4.92193
10.5129, -3.16611, 4.92193
10.5397, -3.16349, 4.92205
10.5397, -3.16349, 4.92205
10.5642, -3.16104, 4.92219
10.5908, -3.15837, 4.92226
10.5908, -3.15837, 4.92226
10.6175, -3.15557, 4.92294
10.6175, -3.15557, 4.92294
10.6422, -3.15294, 4.92359
10.6671, -3.15021, 4.92427
10.6671, -3.15021, 4.92427
10.6943, -3.14712, 4.92497
10.6943, -3.14712, 4.92497
10.7181, -3.14437, 4.92577
10.7422, -3.14155, 4.9267
10.7422, -3.14155, 4.9267
10.7703, -3.13819, 4.92788
10.7703, -3.13819, 4.92788
10.7953, -3.13515, 4.92925
10.822, -3.13183, 4.93083
10.822, -3.13183, 4.93083
10.8467, -3.12865, 4.93215
10.8467, -3.12865, 4.93215
10.8732, -3.12515, 4.93358
10.8732, -3.12515, 4.93358
10.8978, -3.12179, 4.93478
10.9225, -3.11833, 4.93597
10.9225, -3.11833, 4.93597
10.9487, -3.11457, 4.93725
10.9487, -3.11457, 4.93725
10.9735, -3.11098, 4.93837
10.9999, -3.10711, 4.93941
10.9999, -3.10711, 4.93941
11.0242, -3.10341, 4.94076
11.0242, -3.10341, 4.94076
11.0485, -3.09972, 4.94171
11.0722, -3.09616, 4.94254
11.0722, -3.09616, 4.94254
11.0962, -3.09243, 4.94357
11.0962, -3.09243, 4.94357
11.1221, -3.08829, 4.94473
11.1478, -3.08409, 4.94587
11.1478, -3.08409, 4.94587
11.1734, -3.07986, 4.94688
11.1734, -3.07986, 4.94688
11.1954, -3.07605, 4.94794
11.2207, -3.07162, 4.94854
11.2207, -3.07162, 4.94854
11.2444, -3.06737, 4.94909
11.2444, -3.06737, 4.94909
11.2701, -3.06264, 4.94968
11.2952, -3.05794, 4.95017
11.2952, -3.05794, 4.95017
11.3211, -3.05299, 4.95042
11.3211, -3.05299, 4.95042
11.3442, -3.04848, 4.95086
11.3659, -3.04417, 4.95128
11.3659, -3.04417, 4.95128
11.393, -3.03861, 4.95181
11.393, -3.03861, 4.95181
11.4145, -3.03407, 4.95241
11.4401, -3.02856, 4.95297
11.4401, -3.02856, 4.95297
11.4646, -3.02317, 4.95359
11.4646, -3.02317, 4.95359
11.4875, -3.01844, 4.95399
11.4875, -3.01844, 4.95399
11.5106, -3.01352, 4.95454
11.5375, -3.00771, 4.95517
11.5375, -3.00771, 4.95517
11.5605, -3.00255, 4.95591
11.584, -2.99718, 4.95669
11.584, -2.99718, 4.95669
11.6093, -2.99122, 4.95757
11.6093, -2.99122, 4.95757
11.6325, -2.98589, 4.95831
11.6572, -2.98006, 4.95913
11.6572, -2.98006, 4.95913
11.6813, -2.97425, 4.95985
11.6813, -2.97425, 4.95985
11.7031, -2.96893, 4.96046
11.7031, -2.96893, 4.96046
11.7282, -2.96256, 4.9629
11.7543, -2.95579, 4.97262
11.7543, -2.95579, 4.97262
11.7807, -2.94902, 4.99387
11.8054, -2.94259, 5.02086
11.8054, -2.94259, 5.02086
11.8315, -2.93559, 5.05283
11.8315, -2.93559, 5.05283
11.8817, -2.92195, 5.11448
11.8817, -2.92195, 5.11448
11.907, -2.91536, 5.1449
11.9297, -2.90951, 5.17087
11.9297, -2.90951, 5.17087
11.9525, -2.90344, 5.19549
11.9525, -2.90344, 5.19549
11.9785, -2.89634, 5.22136
11.999, -2.89059, 5.23998
11.999, -2.89059, 5.23998
12.022, -2.8839, 5.26089
12.022, -2.8839, 5.26089
12.0458, -2.8769, 5.28211
12.0458, -2.8769, 5.28211
12.0678, -2.87033, 5.3042
12.0902, -2.86387, 5.32419
12.0902, -2.86387, 5.32419
12.1129, -2.85699, 5.34828
12.1129, -2.85699, 5.34828
12.1324, -2.85109, 5.36933
12.1528, -2.84479, 5.39283
12.1528, -2.84479, 5.39283
12.1749, -2.83833, 5.41855
12.1749, -2.83833, 5.41855
12.1966, -2.83185, 5.44479
12.1966, -2.83185, 5.44479
12.2184, -2.82535, 5.47222
12.2368, -2.8199, 5.49273
12.2368, -2.8199, 5.49273
12.2564, -2.81394, 5.51535
12.2564, -2.81394, 5.51535
12.2784, -2.80704, 5.54332
12.297, -2.80136, 5.56709
12.297, -2.80136, 5.56709
12.3174, -2.79537, 5.59346
12.3174, -2.79537, 5.59346
12.333, -2.79068, 5.61486
12.3547, -2.78374, 5.64754
12.3547, -2.78374, 5.64754
12.3722, -2.77815, 5.67453
12.3722, -2.77815, 5.67453
12.3886, -2.77292, 5.70035
12.4053, -2.76743, 5.72776
12.4053, -2.76743, 5.72776
12.4232, -2.76142, 5.75807
12.4232, -2.76142, 5.75807
12.4396, -2.75591, 5.78608
12.4396, -2.75591, 5.78608
12.4556, -2.75037, 5.81462
12.472, -2.74455, 5.84511
12.472, -2.74455, 5.84511
12.4895, -2.73828, 5.87859
12.4895, -2.73828, 5.87859
12.5045, -2.73289, 5.9079
12.5179, -2.72798, 5.93497
12.5179, -2.72798, 5.93497
12.5345, -2.72186, 5.96958
12.5345, -2.72186, 5.96958
12.5484, -2.71663, 5.99971
12.5484, -2.71663, 5.99971
12.5608, -2.71189, 6.02746
12.576, -2.70604, 6.06285
12.576, -2.70604, 6.06285
12.5879, -2.70156, 6.09116
12.6012, -2.69644, 6.12364
12.6012, -2.69644, 6.12364
12.6138, -2.6916, 6.15553
12.6138, -2.6916, 6.15553
12.6266, -2.68657, 6.18788
12.6266, -2.68657, 6.18788
12.6391, -2.68151, 6.22001
12.6504, -2.67687, 6.25002
12.6504, -2.67687, 6.25002
12.6621, -2.67223, 6.28134
12.6621, -2.67223, 6.28134
12.6735, -2.66765, 6.31304
12.6833, -2.66377, 6.34053
12.6833, -2.66377, 6.34053
12.6944, -2.65925, 6.37301
12.6944, -2.65925, 6.37301
12.7046, -2.65516, 6.40348
12.7156, -2.65068, 6.43782
12.7156, -2.65068, 6.43782
12.7242, -2.64691, 6.46585
12.7242, -2.64691, 6.46585
12.7343, -2.64239, 6.50012
12.7343, -2.64239, 6.50012
12.7436, -2.63826, 6.5324
12.7519, -2.63454, 6.56212
12.7519, -2.63454, 6.56212
12.7594, -2.63108, 6.59045
12.7594, -2.63108, 6.59045
12.7678, -2.62687, 6.6231
12.7678, -2.62687, 6.6231
12.7759, -2.62263, 6.6557
12.7837, -2.61855, 6.68791
12.7837, -2.61855, 6.68791
12.7915, -2.61435, 6.72161
12.7915, -2.61435, 6.72161
12.7984, -2.61063, 6.75235
12.8057, -2.60665, 6.78612
12.8057, -2.60665, 6.78612
12.8116, -2.60331, 6.81447
12.8116, -2.60331, 6.81447
12.8186, -2.59872, 6.85058
12.8243, -2.59496, 6.88117
12.8243, -2.59496, 6.88117
12.8303, -2.59087, 6.91409
12.8303, -2.59087, 6.91409
12.8356, -2.58752, 6.94328
12.8356, -2.58752, 6.94328
12.8412, -2.58359, 6.97688
12.8455, -2.58045, 7.00457
12.8455, -2.58045, 7.00457
12.8501, -2.57665, 7.03714
12.8501, -2.57665, 7.03714
12.8547, -2.57317, 7.06892
12.859, -2.56976, 7.10091
12.859, -2.56976, 7.10091
12.863, -2.56667, 7.13101
12.863, -2.56667, 7.13101
12.8669, -2.56365, 7.16135
12.8706, -2.56034, 7.19163
12.8706, -2.56034, 7.19163
12.8743, -2.55658, 7.22555
12.8743, -2.55658, 7.22555
12.8776, -2.55349, 7.2555
12.8776, -2.55349, 7.2555
12.8808, -2.55055, 7.28529
12.8838, -2.54765, 7.31533
12.8838, -2.54765, 7.31533
12.887, -2.54458, 7.34828
12.887, -2.54458, 7.34828
12.8893, -2.54129, 7.37893
12.8916, -2.53796, 7.41181
12.8916, -2.53796, 7.41181
12.8937, -2.53459, 7.44496
12.8937, -2.53459, 7.44496
12.8953, -2.53189, 7.47302
12.8973, -2.52911, 7.50429
12.8973, -2.52911, 7.50429
12.8992, -2.52584, 7.54153
12.9002, -2.52335, 7.56937
12.9002, -2.52335, 7.56937
12.9002, -2.52335, 7.56937
12.9011, -2.52093, 7.59739
12.9011, -2.52093, 7.59739
12.9022, -2.51816, 7.63066
12.9034, -2.51568, 7.66302
12.9034, -2.51568, 7.66302
12.9043, -2.5136, 7.6912
12.9043, -2.5136, 7.6912
12.9051, -2.51112, 7.72385
12.9057, -2.50893, 7.75434
12.9057, -2.50893, 7.75434
12.9062, -2.50686, 7.78465
12.9062, -2.50686, 7.78465
12.9067, -2.50478, 7.81694
12.9067, -2.50478, 7.81694
12.9072, -2.50278, 7.8494
12.9075, -2.501, 7.87961
12.9075, -2.501, 7.87961
12.9071, -2.49883, 7.91071
12.9071, -2.49883, 7.91071
12.9071, -2.49701, 7.93974
12.9066, -2.49498, 7.96944
12.9066, -2.49498, 7.96944
12.9063, -2.49306, 8.00123
12.9063, -2.49306, 8.00123
12.9059, -2.49135, 8.03042
12.9055, -2.48971, 8.06023
12.9055, -2.48971, 8.06023
12.9049, -2.48762, 8.09206
12.9049, -2.48762, 8.09206
12.9043, -2.48548, 8.12382
12.9043, -2.48548, 8.12382
12.9037, -2.48353, 8.15548
12.903, -2.48179, 8.18392
12.903, -2.48179, 8.18392
12.9022, -2.47983, 8.2163
12.9016, -2.4781, 8.24645
12.9016, -2.4781, 8.24645
12.9007, -2.47629, 8.27622
12.9007, -2.47629, 8.27622
12.8998, -2.47442, 8.30955
12.8998, -2.47442, 8.30955
12.899, -2.47273, 8.33961
12.898, -2.47097, 8.37127
12.898, -2.47097, 8.37127
12.8972, -2.46948, 8.40148
12.8972, -2.46948, 8.40148
12.8963, -2.46802, 8.43361
12.8963, -2.46802, 8.43361
12.8952, -2.46664, 8.46395
12.8939, -2.46517, 8.49711
12.8939, -2.46517, 8.49711
12.8931, -2.4641, 8.52523
12.8931, -2.4641, 8.52523
12.8918, -2.46282, 8.55908
12.8908, -2.46175, 8.58879
12.8908, -2.46175, 8.58879
12.8898, -2.46057, 8.62169
12.8898, -2.46057, 8.62169
12.8886, -2.45928, 8.6546
12.8876, -2.45815, 8.68512
12.8876, -2.45815, 8.68512
12.8864, -2.45694, 8.71887
12.8864, -2.45694, 8.71887
12.8854, -2.45594, 8.75006
12.8844, -2.45492, 8.78268
12.8844, -2.45492, 8.78268
12.883, -2.45388, 8.81397
12.883, -2.45388, 8.81397
12.8816, -2.45285, 8.84532
12.8801, -2.45187, 8.87856
12.8801, -2.45187, 8.87856
12.8787, -2.45101, 8.90982
12.8787, -2.45101, 8.90982
12.8772, -2.45011, 8.94302
12.8772, -2.45011, 8.94302
12.8758, -2.44932, 8.97639
12.8743, -2.4486, 9.00475
12.8743, -2.4486, 9.00475
12.8726, -2.44781, 9.03827
12.8726, -2.44781, 9.03827
12.8711, -2.44722, 9.06902
12.8691, -2.44653, 9.10311
12.8691, -2.44653, 9.10311
12.8674, -2.446, 9.13352
12.8674, -2.446, 9.13352
12.8657, -2.44547, 9.16605
12.8639, -2.44503, 9.19553
12.8639, -2.44503, 9.19553
12.8616, -2.44464, 9.22794
12.8616, -2.44464, 9.22794
12.8592, -2.44428, 9.25954
12.8571, -2.44397, 9.2891
12.8571, -2.44397, 9.2891
12.855, -2.44365, 9.3207
12.855, -2.44365, 9.3207
12.8529, -2.44343, 9.34997
12.8529, -2.44343, 9.34997
12.8506, -2.44328, 9.38008
12.848, -2.44318, 9.41234
12.848, -2.44318, 9.41234
12.8454, -2.44312, 9.44493
12.8432, -2.44309, 9.4727
12.8432, -2.44309, 9.4727
12.8408, -2.44304, 9.50402
12.8408, -2.44304, 9.50402
12.8382, -2.44294, 9.53718
12.8382, -2.44294, 9.53718
12.8359, -2.44277, 9.56502
12.8336, -2.44256, 9.59521
12.8336, -2.44256, 9.59521
12.831, -2.44231, 9.62901
12.831, -2.44231, 9.62901
12.8285, -2.44209, 9.66032
12.8264, -2.44189, 9.6886
12.8264, -2.44189, 9.6886
12.8246, -2.44171, 9.71572
12.8246, -2.44171, 9.71572
12.8221, -2.44166, 9.7497
12.8199, -2.44171, 9.78105
12.8199, -2.44171, 9.78105
12.8176, -2.44186, 9.81087
12.8176, -2.44186, 9.81087
12.8155, -2.44201, 9.84183
12.8155, -2.44201, 9.84183
12.8137, -2.44214, 9.86899
12.8117, -2.44229, 9.90086
12.8117, -2.44229, 9.90086
12.8095, -2.44249, 9.93043
12.8095, -2.44249, 9.93043
12.8074, -2.44268, 9.96017
12.8051, -2.4429, 9.99244
12.8051, -2.4429, 9.99244
12.8029, -2.44303, 10.0242
12.8029, -2.44303, 10.0242
12.801, -2.44314, 10.0534
12.7987, -2.44331, 10.0861
12.7987, -2.44331, 10.0861
12.7963, -2.44352, 10.1168
12.7963, -2.44352, 10.1168
12.794, -2.44369, 10.1455
12.7916, -2.44385, 10.1775
12.7916, -2.44385, 10.1775
12.7894, -2.44399, 10.208
12.7894, -2.44399, 10.208
12.7872, -2.4441, 10.2403
12.7872, -2.4441, 10.2403
12.7851, -2.44419, 10.2705
12.7825, -2.44461, 10.3006
12.7825, -2.44461, 10.3006
12.7801, -2.44499, 10.3285
12.7801, -2.44499, 10.3285
12.7773, -2.44538, 10.3633
12.7753, -2.4456, 10.391
12.7753, -2.4456, 10.391
12.7727, -2.44594, 10.4258
12.7727, -2.44594, 10.4258
12.7705, -2.44627, 10.4562
12.7679, -2.4468, 10.4861
12.7679, -2.4468, 10.4861
12.7654, -2.44732, 10.5168
12.7654, -2.44732, 10.5168
12.763, -2.44778, 10.5471
12.763, -2.44778, 10.5471
12.7604, -2.44828, 10.5793
12.7581, -2.44863, 10.609
12.7581, -2.44863, 10.609
12.7555, -2.449, 10.6388
12.7555, -2.449, 10.6388
12.7527, -2.44937, 10.6706
12.75, -2.44972, 10.7017
12.75, -2.44972, 10.7017
12.7473, -2.45012, 10.7313
12.7473, -2.45012, 10.7313
12.745, -2.45044, 10.761
12.745, -2.45044, 10.761
12.7427, -2.45072, 10.7894
12.7404, -2.45097, 10.8198
12.7404, -2.45097, 10.8198
12.738, -2.45121, 10.8515
12.738, -2.45121, 10.8515
12.7359, -2.45144, 10.881
12.7331, -2.45194, 10.9106
12.7331, -2.45194, 10.9106
12.7302, -2.45247, 10.9418
12.7302, -2.45247, 10.9418
12.7279, -2.45288, 10.9685
12.7254, -2.45343, 10.9977
12.7254, -2.45343, 10.9977
12.7225, -2.45407, 11.0306
12.7202, -2.45453, 11.0605
12.7202, -2.45453, 11.0605
12.7176, -2.45505, 11.0897
12.7176, -2.45505, 11.0897
12.7144, -2.4557, 11.1202
12.7144, -2.4557, 11.1202
12.7117, -2.45619, 11.1476
12.7095, -2.4565, 11.1732
12.7095, -2.4565, 11.1732
12.7068, -2.4568, 11.2026
12.7068, -2.4568, 11.2026
12.7043, -2.45665, 11.2335
12.7043, -2.45665, 11.2335
12.702, -2.45646, 11.2604
12.6993, -2.45561, 11.2916
12.6993, -2.45561, 11.2916
12.697, -2.45357, 11.3232
12.697, -2.45357, 11.3232
12.6948, -2.45057, 11.3539
12.6929, -2.44662, 11.3829
12.6929, -2.44662, 11.3829
12.6912, -2.44117, 11.4145
12.6912, -2.44117, 11.4145
12.6898, -2.4358, 11.4438
12.6887, -2.42983, 11.4709
12.6887, -2.42983, 11.4709
12.6876, -2.42237, 11.5023
12.6876, -2.42237, 11.5023
12.6869, -2.41361, 11.5341
12.6869, -2.41361, 11.5341
12.6864, -2.40394, 11.5659
12.6861, -2.39347, 11.5984
12.6861, -2.39347, 11.5984
12.6855, -2.38558, 11.6263
12.6851, -2.37625, 11.6563
12.6851, -2.37625, 11.6563
12.685, -2.36542, 11.688
12.685, -2.36542, 11.688
12.6849, -2.35387, 11.719
12.685, -2.34281, 11.747
12.685, -2.34281, 11.747
12.6852, -2.33133, 11.774
12.6852, -2.33133, 11.774
12.685, -2.31932, 11.8021
12.6848, -2.3081, 11.8275
12.6848, -2.3081, 11.8275
12.6848, -2.29666, 11.8518
12.6848, -2.29666, 11.8518
12.6847, -2.28412, 11.8775
12.6847, -2.28412, 11.8775
12.6849, -2.27117, 11.9009
12.6853, -2.25901, 11.9211
12.6853, -2.25901, 11.9211
12.6856, -2.24571, 11.9444
12.6856, -2.24571, 11.9444
12.6861, -2.23164, 11.9666
12.6866, -2.21734, 11.9892
12.6866, -2.21734, 11.9892
12.6872, -2.20322, 12.0094
12.6872, -2.20322, 12.0094
12.6879, -2.18779, 12.0299
12.6886, -2.17324, 12.0471
12.6886, -2.17324, 12.0471
12.6894, -2.15791, 12.0654
12.6894, -2.15791, 12.0654
12.6902, -2.144, 12.0805
12.6909, -2.12914, 12.0974
12.6909, -2.12914, 12.0974
12.6919, -2.11257, 12.1143
12.6919, -2.11257, 12.1143
12.6928, -2.09598, 12.1307
12.6937, -2.08028, 12.1459
12.6937, -2.08028, 12.1459
12.6947, -2.06532, 12.1603
12.6947, -2.06532, 12.1603
12.6957, -2.04858, 12.1752
12.6967, -2.0329, 12.1885
12.6967, -2.0329, 12.1885
12.6978, -2.01736, 12.2017
12.6978, -2.01736, 12.2017
12.6989, -1.99902, 12.2154
12.6989, -1.99902, 12.2154
12.7001, -1.98223, 12.2282
12.7014, -1.96582, 12.2394
12.7014, -1.96582, 12.2394
12.7026, -1.94891, 12.2504
12.7026, -1.94891, 12.2504
12.7038, -1.93185, 12.2609
12.7051, -1.91349, 12.2715
12.7051, -1.91349, 12.2715
12.7064, -1.89492, 12.2817
12.7064, -1.89492, 12.2817
12.7077, -1.87754, 12.2909
12.7093, -1.86029, 12.2997
12.7093, -1.86029, 12.2997
12.7107, -1.84366, 12.3075
12.712, -1.82448, 12.3157
12.712, -1.82448, 12.3157
12.712, -1.82448, 12.3157
12.7135, -1.80522, 12.3238
12.7147, -1.78735, 12.3303
12.7147, -1.78735, 12.3303
12.716, -1.7701, 12.3365
12.716, -1.7701, 12.3365
12.7175, -1.75138, 12.3428
12.7175, -1.75138, 12.3428
12.7189, -1.73309, 12.3487
12.7204, -1.71212, 12.3549
12.7204, -1.71212, 12.3549
12.7218, -1.69375, 12.3602
12.7218, -1.69375, 12.3602
12.7232, -1.67428, 12.3657
12.7247, -1.65699, 12.3705
12.7247, -1.65699, 12.3705
12.7264, -1.63694, 12.3756
12.7264, -1.63694, 12.3756
12.7279, -1.61692, 12.3807
12.7294, -1.59787, 12.3854
12.7294, -1.59787, 12.3854
12.7309, -1.57771, 12.3903
12.7309, -1.57771, 12.3903
12.7322, -1.5603, 12.3944
12.7336, -1.53976, 12.399
12.7336, -1.53976, 12.399
12.7351, -1.51885, 12.4038
12.7351, -1.51885, 12.4038
12.7364, -1.49973, 12.4079
12.7375, -1.48198, 12.4115
12.7375, -1.48198, 12.4115
12.7388, -1.46, 12.4159
12.7388, -1.46, 12.4159
12.74, -1.44084, 12.4195
12.7414, -1.41957, 12.4232
12.7414, -1.41957, 12.4232
12.7428, -1.3985, 12.4263
12.7428, -1.3985, 12.4263
12.7441, -1.38025, 12.4288
12.7456, -1.35915, 12.4317
12.7456, -1.35915, 12.4317
12.7469, -1.33817, 12.4343
12.7469, -1.33817, 12.4343
12.7481, -1.31767, 12.4368
12.7481, -1.31767, 12.4368
12.7498, -1.2975, 12.4391
12.7519, -1.27669, 12.4413
12.7519, -1.27669, 12.4413
12.7536, -1.25651, 12.4434
12.7536, -1.25651, 12.4434
12.7551, -1.2366, 12.4454
12.7567, -1.21418, 12.4475
12.7567, -1.21418, 12.4475
12.7582, -1.19311, 12.4494
12.7582, -1.19311, 12.4494
12.7599, -1.17269, 12.451
12.7599, -1.17269, 12.451
12.7615, -1.1517, 12.4525
12.7629, -1.1326, 12.4537
12.7629, -1.1326, 12.4537
12.7645, -1.11049, 12.4551
12.7645, -1.11049, 12.4551
12.7658, -1.08755, 12.4565
12.7671, -1.06878, 12.4572
12.7671, -1.06878, 12.4572
12.7687, -1.04634, 12.4578
12.7687, -1.04634, 12.4578
12.7702, -1.02583, 12.4585
12.7702, -1.02583, 12.4585
12.7718, -1.00157, 12.4594
12.7729, -0.981478, 12.4602
12.7729, -0.981478, 12.4602
12.7742, -0.961495, 12.4609
12.7758, -0.937448, 12.4619
12.7777, -0.917966, 12.462
12.7777, -0.917966, 12.462
12.7796, -0.895255, 12.4622
12.7796, -0.895255, 12.4622
12.7814, -0.874011, 12.4623
12.7831, -0.852932, 12.4626
12.7831, -0.852932, 12.4626
12.7849, -0.830081, 12.4622
12.7849, -0.830081, 12.4622
12.7865, -0.808745, 12.4623
12.7879, -0.788926, 12.4623
12.7879, -0.788926, 12.4623
12.7897, -0.762689, 12.4625
12.7897, -0.762689, 12.4625
12.7909, -0.741899, 12.4631
12.7909, -0.741899, 12.4631
12.7923, -0.720293, 12.4633
12.7934, -0.699268, 12.464
12.7934, -0.699268, 12.464
12.7946, -0.677012, 12.4644
12.7946, -0.677012, 12.4644
12.7962, -0.653572, 12.4645
12.7975, -0.630233, 12.465
12.7975, -0.630233, 12.465
12.7987, -0.608701, 12.4652
12.7987, -0.608701, 12.4652
12.7998, -0.585511, 12.4656
12.801, -0.562381, 12.4657
12.801, -0.562381, 12.4657
12.8023, -0.540413, 12.466
12.8023, -0.540413, 12.466
12.8036, -0.520186, 12.4662
12.805, -0.496578, 12.4666
12.805, -0.496578, 12.4666
12.8062, -0.472504, 12.4668
12.8062, -0.472504, 12.4668
12.8072, -0.451733, 12.4654
12.8072, -0.451733, 12.4654
12.8083, -0.429902, 12.4639
12.8094, -0.406264, 12.4633
12.8094, -0.406264, 12.4633
12.8105, -0.384709, 12.4627
12.8105, -0.384709, 12.4627
12.8115, -0.361136, 12.4625
12.8124, -0.339669, 12.4627
12.8124, -0.339669, 12.4627
12.8136, -0.315439, 12.4625
12.8136, -0.315439, 12.4625
12.8146, -0.294317, 12.4626
12.8155, -0.271177, 12.4632
12.8155, -0.271177, 12.4632
12.8169, -0.250425, 12.4636
12.8169, -0.250425, 12.4636
12.8181, -0.227494, 12.4645
12.8195, -0.202249, 12.4657
12.8195, -0.202249, 12.4657
12.8206, -0.178569, 12.467
12.8206, -0.178569, 12.467
12.8216, -0.158183, 12.4683
12.8216, -0.158183, 12.4683
12.8229, -0.134478, 12.4698
12.824, -0.111231, 12.4711
12.824, -0.111231, 12.4711
12.8252, -0.0877271, 12.472
12.8252, -0.0877271, 12.472
12.8265, -0.0638903, 12.4724
12.8274, -0.0433584, 12.4726
12.8274, -0.0433584, 12.4726
12.8284, -0.0198036, 12.4724
12.8284, -0.0198036, 12.4724
12.8296, 0.00368078, 12.4721
12.8308, 0.0261346, 12.4719
12.8308, 0.0261346, 12.4719
12.8319, 0.050022, 12.4716
12.8319, 0.050022, 12.4716
12.8329, 0.0708172, 12.4714
12.834, 0.0967102, 12.4713
12.834, 0.0967102, 12.4713
12.8349, 0.117426, 12.4714
12.8349, 0.117426, 12.4714
12.8359, 0.142401, 12.4717
12.8359, 0.142401, 12.4717
12.8369, 0.166084, 12.4718
12.8376, 0.187714, 12.4722
12.8376, 0.187714, 12.4722
12.8384, 0.211993, 12.4719
12.8384, 0.211993, 12.4719
12.8393, 0.236017, 12.4706
12.8401, 0.259675, 12.4697
12.8401, 0.259675, 12.4697
12.8409, 0.281166, 12.4689
12.8409, 0.281166, 12.4689
12.8417, 0.305935, 12.4685
12.8424, 0.330587, 12.4679
12.8424, 0.330587, 12.4679
12.8431, 0.35163, 12.4671
12.8431, 0.35163, 12.4671
12.8438, 0.378028, 12.462
12.8438, 0.378028, 12.462
12.8443, 0.401019, 12.4586
12.8448, 0.424607, 12.4558
12.8448, 0.424607, 12.4558
12.8451, 0.446362, 12.4536
12.8451, 0.446362, 12.4536
12.8455, 0.470975, 12.452
12.8458, 0.495979, 12.4509
12.8458, 0.495979, 12.4509
12.8461, 0.520915, 12.4495
12.8461, 0.520915, 12.4495
12.8463, 0.544213, 12.449
12.8464, 0.56966, 12.449
12.8464, 0.56966, 12.449
12.8464, 0.593492, 12.4488
12.8464, 0.593492, 12.4488
12.8465, 0.618695, 12.4494
12.8465, 0.640445, 12.45
12.8465, 0.640445, 12.45
12.8466, 0.664748, 12.4511
12.8466, 0.664748, 12.4511
12.8466, 0.689913, 12.4523
12.8467, 0.711738, 12.4533
12.8467, 0.711738, 12.4533
12.8467, 0.736581, 12.4543
12.8467, 0.736581, 12.4543
12.8468, 0.760152, 12.4553
12.8468, 0.760152, 12.4553
12.8469, 0.784948, 12.4562
12.847, 0.806462, 12.4572
12.847, 0.806462, 12.4572
12.847, 0.83084, 12.4583
12.847, 0.83084, 12.4583
12.8466, 0.858211, 12.4596
12.8463, 0.879579, 12.4607
12.8463, 0.879579, 12.4607
12.846, 0.904933, 12.4619
12.846, 0.904933, 12.4619
12.8458, 0.92995, 12.463
12.8455, 0.954629, 12.4641
12.8455, 0.954629, 12.4641
12.8451, 0.976515, 12.465
12.8451, 0.976515, 12.465
12.8443, 1.00438, 12.4662
12.8437, 1.02808, 12.4672
12.8437, 1.02808, 12.4672
12.843, 1.05399, 12.4678
12.843, 1.05399, 12.4678
12.8425, 1.07775, 12.4683
12.842, 1.10016, 12.4688
12.842, 1.10016, 12.4688
12.8412, 1.12855, 12.4695
12.8412, 1.12855, 12.4695
12.8407, 1.15258, 12.4685
12.84, 1.17529, 12.4658
12.84, 1.17529, 12.4658
12.8394, 1.20139, 12.4635
12.8394, 1.20139, 12.4635
12.8389, 1.22535, 12.4616
12.8389, 1.22535, 12.4616
12.8383, 1.25267, 12.4597
12.8375, 1.2749, 12.4584
12.8375, 1.2749, 12.4584
12.8367, 1.29992, 12.4576
12.8367, 1.29992, 12.4576
12.8358, 1.32637, 12.457
12.8351, 1.35203, 12.4571
12.8351, 1.35203, 12.4571
12.8345, 1.37728, 12.4575
12.8345, 1.37728, 12.4575
12.834, 1.39947, 12.4581
12.833, 1.42802, 12.459
12.833, 1.42802, 12.459
12.8322, 1.45264, 12.4598
12.8322, 1.45264, 12.4598
12.8314, 1.47495, 12.4606
12.8306, 1.50106, 12.4617
12.8306, 1.50106, 12.4617
12.8296, 1.52844, 12.463
12.8296, 1.52844, 12.463
12.8289, 1.55257, 12.464
12.8278, 1.57759, 12.4649
12.8278, 1.57759, 12.4649
12.8268, 1.6041, 12.4657
12.8268, 1.6041, 12.4657
12.8257, 1.62942, 12.4663
12.8248, 1.65522, 12.4669
12.8248, 1.65522, 12.4669
12.824, 1.67879, 12.4665
12.8232, 1.70214, 12.4662
12.8232, 1.70214, 12.4662
12.8218, 1.73076, 12.4662
12.8218, 1.73076, 12.4662
12.8208, 1.75294, 12.4663
12.8208, 1.75294, 12.4663
12.8198, 1.78087, 12.4667
12.8198, 1.78087, 12.4667
12.8191, 1.80106, 12.4669
12.8182, 1.82886, 12.4674
12.8182, 1.82886, 12.4674
12.8173, 1.85242, 12.4678
12.8173, 1.85242, 12.4678
12.8159, 1.87931, 12.4679
12.8159, 1.87931, 12.4679
12.8147, 1.90593, 12.4684
12.8135, 1.93234, 12.469
12.8135, 1.93234, 12.469
12.8124, 1.95512, 12.4697
12.8124, 1.95512, 12.4697
12.8111, 1.98164, 12.4708
12.8102, 2.00522, 12.4718
12.8102, 2.00522, 12.4718
12.8086, 2.03251, 12.4732
12.8086, 2.03251, 12.4732
12.8071, 2.05816, 12.4746
12.8061, 2.08174, 12.4757
12.8061, 2.08174, 12.4757
12.8047, 2.10843, 12.4771
12.8047, 2.10843, 12.4771
12.8036, 2.13474, 12.4784
12.8023, 2.15921, 12.4798
12.8023, 2.15921, 12.4798
12.801, 2.18597, 12.4813
12.801, 2.18597, 12.4813
12.7997, 2.21298, 12.4829
12.7985, 2.23619, 12.4843
12.7985, 2.23619, 12.4843
12.7973, 2.26224, 12.4857
12.7973, 2.26224, 12.4857
12.796, 2.28879, 12.4875
12.796, 2.28879, 12.4875
12.7945, 2.31578, 12.489
12.793, 2.34092, 12.4904
12.793, 2.34092, 12.4904
12.7915, 2.36599, 12.4919
12.7915, 2.36599, 12.4919
12.7899, 2.39331, 12.4938
12.7887, 2.4175, 12.495
12.7887, 2.4175, 12.495
12.7874, 2.44254, 12.4964
12.7874, 2.44254, 12.4964
12.7857, 2.47001, 12.498
12.7841, 2.49698, 12.4992
12.7841, 2.49698, 12.4992
12.7825, 2.5243, 12.5003
12.7825, 2.5243, 12.5003
12.7811, 2.54779, 12.5014
12.7796, 2.5728, 12.5025
12.7796, 2.5728, 12.5025
12.778, 2.60069, 12.5036
12.778, 2.60069, 12.5036
12.7762, 2.62739, 12.5043
12.774, 2.65647, 12.5049
12.774, 2.65647, 12.5049
12.7725, 2.67987, 12.5051
12.7725, 2.67987, 12.5051
12.7705, 2.70663, 12.5044
12.7705, 2.70663, 12.5044
12.7687, 2.734, 12.5024
12.7687, 2.734, 12.5024
12.7672, 2.75663, 12.5011
12.7657, 2.78231, 12.5
12.7657, 2.78231, 12.5
12.764, 2.81026, 12.4991
12.764, 2.81026, 12.4991
12.7621, 2.83686, 12.4983
12.7604, 2.86009, 12.4979
12.7604, 2.86009, 12.4979
12.7581, 2.88926, 12.4967
12.7581, 2.88926, 12.4967
12.7562, 2.91441, 12.4958
12.7562, 2.91441, 12.4958
12.7544, 2.93945, 12.4952
12.7523, 2.96668, 12.4946
12.7523, 2.96668, 12.4946
12.7505, 2.98975, 12.4941
12.7505, 2.98975, 12.4941
12.7482, 3.01706, 12.4938
12.7461, 3.04166, 12.4937
12.7461, 3.04166, 12.4937
12.7441, 3.06642, 12.4939
12.7441, 3.06642, 12.4939
12.7421, 3.09313, 12.4941
12.7404, 3.11604, 12.4947
12.7404, 3.11604, 12.4947
12.7382, 3.14451, 12.4954
12.7382, 3.14451, 12.4954
12.7359, 3.16919, 12.4961
12.7335, 3.19575, 12.4968
12.7335, 3.19575, 12.4968
12.7314, 3.21871, 12.4973
12.7314, 3.21871, 12.4973
12.7292, 3.24355, 12.4978
12.7292, 3.24355, 12.4978
12.727, 3.27038, 12.4983
12.7248, 3.29699, 12.4989
12.7248, 3.29699, 12.4989
12.7221, 3.32003, 12.4993
12.7221, 3.32003, 12.4993
12.719, 3.34879, 12.4997
12.7164, 3.37342, 12.5
12.7164, 3.37342, 12.5
12.7138, 3.40033, 12.5003
12.7138, 3.40033, 12.5003
12.7115, 3.4247, 12.5006
12.709, 3.44953, 12.5008
12.709, 3.44953, 12.5008
12.7059, 3.47613, 12.5012
12.7059, 3.47613, 12.5012
12.7031, 3.50133, 12.5013
12.7, 3.52797, 12.5016
12.7, 3.52797, 12.5016
12.6972, 3.55504, 12.5019
12.6972, 3.55504, 12.5019
12.6948, 3.57828, 12.5024
12.692, 3.60667, 12.503
12.692, 3.60667, 12.503
12.6894, 3.62997, 12.5026
12.6894, 3.62997, 12.5026
12.6867, 3.65703, 12.5024
12.6841, 3.68242, 12.5023
12.6841, 3.68242, 12.5023
12.6817, 3.7084, 12.5024
12.6817, 3.7084, 12.5024
12.6791, 3.73383, 12.5026
12.6763, 3.76315, 12.5027
12.6763, 3.76315, 12.5027
12.6736, 3.78821, 12.5028
12.6736, 3.78821, 12.5028
12.6709, 3.81341, 12.5027
12.6684, 3.83673, 12.5028
12.6684, 3.83673, 12.5028
12.6655, 3.86414, 12.503
12.6655, 3.86414, 12.503
12.6627, 3.89351, 12.5033
12.6602, 3.91686, 12.5035
12.6602, 3.91686, 12.5035
12.6568, 3.9463, 12.5029
12.6568, 3.9463, 12.5029
12.6541, 3.97197, 12.5028
12.6513, 3.99765, 12.503
12.6513, 3.99765, 12.503
12.6486, 4.02504, 12.5034
12.6486, 4.02504, 12.5034
12.6462, 4.04868, 12.5041
12.6462, 4.04868, 12.5041
12.6433, 4.07414, 12.505
12.6402, 4.1008, 12.5059
12.6402, 4.1008, 12.5059
12.6368, 4.13063, 12.5072
12.6368, 4.13063, 12.5072
12.6344, 4.15442, 12.5079
12.6316, 4.18216, 12.5087
12.6316, 4.18216, 12.5087
12.6292, 4.20781, 12.5096
12.6292, 4.20781, 12.5096
12.627, 4.23449, 12.5102
12.6255, 4.25972, 12.511
12.6255, 4.25972, 12.511
12.6249, 4.28442, 12.5121
12.6249, 4.28442, 12.5121
12.6256, 4.31157, 12.5133
12.6256, 4.31157, 12.5133
12.6272, 4.3352, 12.5152
12.6304, 4.35943, 12.5168
12.6304, 4.35943, 12.5168
12.6337, 4.38194, 12.5184
12.6337, 4.38194, 12.5184
12.6385, 4.40512, 12.5197
12.6441, 4.42618, 12.5203
12.6441, 4.42618, 12.5203
12.6505, 4.44658, 12.5187
12.6505, 4.44658, 12.5187
12.6588, 4.46742, 12.5175
12.6672, 4.48585, 12.5167
12.6672, 4.48585, 12.5167
12.6752, 4.50619, 12.5162
12.6752, 4.50619, 12.5162
12.6835, 4.5249, 12.516
12.6835, 4.5249, 12.516
12.6923, 4.54285, 12.5161
12.7024, 4.56195, 12.5167
12.7024, 4.56195, 12.5167
12.7125, 4.57867, 12.5167
12.7125, 4.57867, 12.5167
12.7249, 4.59769, 12.5168
12.7349, 4.61421, 12.5172
12.7349, 4.61421, 12.5172
12.7455, 4.6303, 12.5178
12.7455, 4.6303, 12.5178
12.7575, 4.64691, 12.5186
12.7681, 4.66115, 12.5196
12.7681, 4.66115, 12.5196
12.7808, 4.6775, 12.5211
12.7808, 4.6775, 12.5211
12.7931, 4.69217, 12.5221
12.8053, 4.70636, 12.5231
12.8053, 4.70636, 12.5231
12.8187, 4.72114, 12.5239
12.8187, 4.72114, 12.5239
12.8325, 4.73618, 12.525
12.847, 4.75066, 12.5257
12.847, 4.75066, 12.5257
12.8607, 4.76386, 12.5264
12.8607, 4.76386, 12.5264
12.8745, 4.7767, 12.5272
12.8883, 4.78928, 12.528
12.8883, 4.78928, 12.528
12.9035, 4.80258, 12.5281
12.9035, 4.80258, 12.5281
12.9184, 4.81521, 12.5281
12.9328, 4.8273, 12.5282
12.9328, 4.8273, 12.5282
12.9485, 4.83988, 12.5283
12.9485, 4.83988, 12.5283
12.9633, 4.85143, 12.5285
12.9633, 4.85143, 12.5285
12.9785, 4.86267, 12.5287
12.995, 4.87464, 12.5292
12.995, 4.87464, 12.5292
13.0104, 4.88568, 12.5296
13.0104, 4.88568, 12.5296
13.0261, 4.89666, 12.5301
13.0431, 4.90835, 12.5307
13.0431, 4.90835, 12.5307
13.0596, 4.9192, 12.5314
13.0596, 4.9192, 12.5314
13.0745, 4.92853, 12.5321
13.0933, 4.94014, 12.5326
13.0933, 4.94014, 12.5326
13.1094, 4.95021, 12.5324
13.1094, 4.95021, 12.5324
13.1259, 4.96016, 12.5326
13.1433, 4.97069, 12.5326
13.1433, 4.97069, 12.5326
13.1609, 4.98098, 12.5325
13.1609, 4.98098, 12.5325
13.1765, 4.98918, 12.5325
13.1934, 4.99818, 12.5326
13.1934, 4.99818, 12.5326
13.2123, 5.00836, 12.5322
13.2302, 5.0175, 12.532
13.2302, 5.0175, 12.532
13.2465, 5.02599, 12.5319
13.2465, 5.02599, 12.5319
13.2645, 5.0349, 12.5316
13.2645, 5.0349, 12.5316
13.2843, 5.04415, 12.5311
13.2843, 5.04415, 12.5311
13.3006, 5.05149, 12.531
13.3182, 5.05964, 12.5309
13.3182, 5.05964, 12.5309
13.3361, 5.06797, 12.5308
13.3361, 5.06797, 12.5308
13.3567, 5.07734, 12.5306
13.3754, 5.08543, 12.5304
13.3754, 5.08543, 12.5304
13.3935, 5.09299, 12.5302
13.3935, 5.09299, 12.5302
13.4112, 5.10045, 12.5302
13.431, 5.1087, 12.5306
13.431, 5.1087, 12.5306
13.4505, 5.11728, 12.5311
13.4505, 5.11728, 12.5311
13.4681, 5.12493, 12.5318
13.4681, 5.12493, 12.5318
13.4881, 5.13264, 12.5324
13.4881, 5.13264, 12.5324
13.5083, 5.14004, 12.5332
13.5269, 5.14737, 12.5337
13.5269, 5.14737, 12.5337
13.5453, 5.15469, 12.5341
13.5453, 5.15469, 12.5341
13.5635, 5.16201, 12.5347
13.5841, 5.16995, 12.5354
13.5841, 5.16995, 12.5354
13.6046, 5.17751, 12.5358
13.6046, 5.17751, 12.5358
13.624, 5.18458, 12.536
13.624, 5.18458, 12.536
13.6427, 5.19147, 12.5363
13.6427, 5.19147, 12.5363
13.6634, 5.19934, 12.5364
13.6634, 5.19934, 12.5364
13.6831, 5.20681, 12.5363
13.7058, 5.21452, 12.5363
13.7058, 5.21452, 12.5363
13.7229, 5.22, 12.5365
13.7229, 5.22, 12.5365
13.7437, 5.22718, 12.5366
13.7637, 5.23408, 12.5365
13.7637, 5.23408, 12.5365
13.784, 5.24118, 12.5366
13.784, 5.24118, 12.5366
13.8031, 5.24794, 12.5367
13.8031, 5.24794, 12.5367
13.8256, 5.25514, 12.5366
13.8256, 5.25514, 12.5366
13.8465, 5.2618, 12.5368
13.8678, 5.26876, 12.5355
13.8678, 5.26876, 12.5355
13.8871, 5.275, 12.5345
13.8871, 5.275, 12.5345
13.9087, 5.2819, 12.5338
13.9087, 5.2819, 12.5338
13.9309, 5.28856, 12.5332
13.9508, 5.29413, 12.5329
13.9508, 5.29413, 12.5329
13.9727, 5.30073, 12.5326
13.9727, 5.30073, 12.5326
13.9931, 5.30687, 12.5325
14.0116, 5.31239, 12.5326
14.0116, 5.31239, 12.5326
14.0355, 5.31973, 12.5328
14.0355, 5.31973, 12.5328
14.0559, 5.32564, 12.533
14.0559, 5.32564, 12.533
14.0768, 5.33184, 12.5329
14.0958, 5.33737, 12.5329
14.0958, 5.33737, 12.5329
14.1202, 5.34356, 12.5338
14.1202, 5.34356, 12.5338
14.1411, 5.34956, 12.5339
14.1602, 5.35507, 12.5341
14.1602, 5.35507, 12.5341
14.1824, 5.36119, 12.5335
14.1824, 5.36119, 12.5335
14.2051, 5.36698, 12.5327
14.2277, 5.37293, 12.5321
14.2277, 5.37293, 12.5321
14.2485, 5.37833, 12.5317
14.2485, 5.37833, 12.5317
14.2696, 5.38357, 12.5316
14.2918, 5.38975, 12.5314
14.2918, 5.38975, 12.5314
14.3125, 5.39493, 12.5314
14.3125, 5.39493, 12.5314
14.3355, 5.40049, 12.5314
14.3355, 5.40049, 12.5314
14.3583, 5.40569, 12.5317
14.3799, 5.41116, 12.5315
14.3799, 5.41116, 12.5315
14.4006, 5.41646, 12.5313
14.4006, 5.41646, 12.5313
14.4224, 5.42221, 12.5307
14.4224, 5.42221, 12.5307
14.4423, 5.42625, 12.5302
14.4645, 5.43141, 12.5296
14.4645, 5.43141, 12.5296
14.488, 5.43594, 12.5294
14.488, 5.43594, 12.5294
14.5093, 5.44059, 12.5292
14.5313, 5.44558, 12.5291
14.5313, 5.44558, 12.5291
14.5553, 5.45127, 12.529
14.5553, 5.45127, 12.529
14.5776, 5.45504, 12.5294
14.5776, 5.45504, 12.5294
14.5983, 5.4589, 12.5297
14.623, 5.46412, 12.5297
14.623, 5.46412, 12.5297
14.6431, 5.46815, 12.5301
14.6431, 5.46815, 12.5301
14.6663, 5.47322, 12.5304
14.6891, 5.47829, 12.5308
14.6891, 5.47829, 12.5308
14.7113, 5.48216, 12.5313
14.7113, 5.48216, 12.5313
14.7371, 5.48624, 12.5321
14.7577, 5.48968, 12.5326
14.7577, 5.48968, 12.5326
14.7792, 5.49349, 12.5331
14.7792, 5.49349, 12.5331
14.8043, 5.49837, 12.5333
14.8043, 5.49837, 12.5333
14.826, 5.50126, 12.5342
14.8495, 5.50449, 12.5346
14.8495, 5.50449, 12.5346
14.8737, 5.50817, 12.5351
14.8737, 5.50817, 12.5351
14.9184, 5.51508, 12.5357
14.9424, 5.51871, 12.5363
14.9664, 5.52215, 12.5365
14.9664, 5.52215, 12.5365
14.9897, 5.52537, 12.5367
14.9897, 5.52537, 12.5367
15.011, 5.52881, 12.5368
15.011, 5.52881, 12.5368
15.0355, 5.53216, 12.5373
15.0581, 5.53568, 12.5376
15.0581, 5.53568, 12.5376
15.0814, 5.53953, 12.538
15.0814, 5.53953, 12.538
15.1048, 5.54273, 12.5383
15.13, 5.54568, 12.5389
15.13, 5.54568, 12.5389
15.1507, 5.54881, 12.5389
15.1507, 5.54881, 12.5389
15.1763, 5.55225, 12.5393
15.2009, 5.55569, 12.5396
15.2009, 5.55569, 12.5396
15.2219, 5.55852, 12.5397
15.2219, 5.55852, 12.5397
15.2482, 5.5611, 12.5389
15.2482, 5.5611, 12.5389
15.2686, 5.56371, 12.5382
15.2923, 5.56659, 12.5374
15.2923, 5.56659, 12.5374
15.3167, 5.56974, 12.5364
15.3167, 5.56974, 12.5364
15.3406, 5.57293, 12.5354
15.3639, 5.57612, 12.5346
15.3639, 5.57612, 12.5346
15.3858, 5.57838, 12.534
15.3858, 5.57838, 12.534
15.412, 5.58092, 12.5334
15.412, 5.58092, 12.5334
15.4343, 5.58338, 12.533
15.459, 5.58637, 12.5326
15.459, 5.58637, 12.5326
15.4835, 5.58949, 12.5321
15.4835, 5.58949, 12.5321
15.5062, 5.59219, 12.5318
15.5298, 5.59463, 12.5316
15.5298, 5.59463, 12.5316
15.5531, 5.5972, 12.5316
15.5531, 5.5972, 12.5316
15.5783, 5.59986, 12.532
15.6002, 5.6024, 12.5323
15.6002, 5.6024, 12.5323
15.6245, 5.60544, 12.5323
15.6245, 5.60544, 12.5323
15.6487, 5.60769, 12.5327
15.6733, 5.60977, 12.5327
15.6733, 5.60977, 12.5327
15.6947, 5.61153, 12.533
15.6947, 5.61153, 12.533
15.7195, 5.61398, 12.5333
15.7426, 5.61622, 12.5337
15.7426, 5.61622, 12.5337
15.7684, 5.619, 12.534
15.7684, 5.619, 12.534
15.7916, 5.62125, 12.5343
15.7916, 5.62125, 12.5343
15.8169, 5.62321, 12.5346
15.8403, 5.625, 12.5351
15.8403, 5.625, 12.5351
15.8622, 5.62667, 12.5355
15.8622, 5.62667, 12.5355
15.8883, 5.62876, 12.5362
15.9128, 5.63104, 12.5366
15.9128, 5.63104, 12.5366
15.9373, 5.63282, 12.5371
15.9373, 5.63282, 12.5371
15.9613, 5.63411, 12.5374
15.9869, 5.6354, 12.5378
15.9869, 5.6354, 12.5378
16.0105, 5.63699, 12.5369
16.0105, 5.63699, 12.5369
16.035, 5.63852, 12.5351
16.035, 5.63852, 12.5351
16.0581, 5.64031, 12.5337
16.0838, 5.64169, 12.5323
16.0838, 5.64169, 12.5323
16.1068, 5.64264, 12.5313
16.1068, 5.64264, 12.5313
16.1316, 5.64396, 12.5305
16.1551, 5.64523, 12.5299
16.1551, 5.64523, 12.5299
16.1801, 5.64674, 12.5293
16.1801, 5.64674, 12.5293
16.2051, 5.64834, 12.5283
16.2282, 5.64918, 12.5277
16.2282, 5.64918, 12.5277
16.2548, 5.64941, 12.5272
16.2548, 5.64941, 12.5272
16.2773, 5.6499, 12.5266
16.2773, 5.6499, 12.5266
16.3034, 5.65089, 12.5259
16.3267, 5.65174, 12.5257
16.3267, 5.65174, 12.5257
16.351, 5.65284, 12.5255
16.351, 5.65284, 12.5255
16.3757, 5.65384, 12.5255
16.3757, 5.65384, 12.5255
16.3995, 5.65508, 12.5249
16.4231, 5.65609, 12.5244
16.4231, 5.65609, 12.5244
16.4434, 5.65618, 12.524
16.4434, 5.65618, 12.524
16.4698, 5.65657, 12.5239
16.4698, 5.65657, 12.5239
16.4942, 5.6573, 12.524
16.5185, 5.65811, 12.5241
16.5185, 5.65811, 12.5241
16.5405, 5.65882, 12.5242
16.5405, 5.65882, 12.5242
16.5655, 5.65921, 12.5238
16.5655, 5.65921, 12.5238
16.5889, 5.65893, 12.5236
16.6104, 5.6591, 12.5234
16.6104, 5.6591, 12.5234
16.6369, 5.65888, 12.5236
16.6369, 5.65888, 12.5236
16.6605, 5.65869, 12.5242
16.6605, 5.65869, 12.5242
16.683, 5.6589, 12.5248
16.683, 5.6589, 12.5248
16.7068, 5.65861, 12.5253
16.7327, 5.65828, 12.5257
16.7327, 5.65828, 12.5257
16.7539, 5.65786, 12.5262
16.7539, 5.65786, 12.5262
16.7782, 5.65744, 12.5269
16.7782, 5.65744, 12.5269
16.8045, 5.65766, 12.5271
16.8284, 5.65755, 12.5274
16.8284, 5.65755, 12.5274
16.8502, 5.65682, 12.5277
16.8502, 5.65682, 12.5277
16.8759, 5.65641, 12.5278
16.8759, 5.65641, 12.5278
16.8977, 5.65595, 12.528
16.9225, 5.65573, 12.5279
16.9225, 5.65573, 12.5279
16.946, 5.65554, 12.528
16.9695, 5.65527, 12.5281
16.9965, 5.65432, 12.5284
16.9965, 5.65432, 12.5284
17.0185, 5.65368, 12.5285
17.0185, 5.65368, 12.5285
17.0455, 5.65326, 12.5283
17.0691, 5.65258, 12.5285
17.0691, 5.65258, 12.5285
17.0926, 5.65223, 12.5284
17.0926, 5.65223, 12.5284
17.1197, 5.65137, 12.5282
17.1197, 5.65137, 12.5282
17.1431, 5.65036, 12.5281
17.1684, 5.64921, 12.5283
17.1684, 5.64921, 12.5283
17.1919, 5.6485, 12.5285
17.1919, 5.6485, 12.5285
17.2156, 5.64767, 12.529
17.2156, 5.64767, 12.529
17.2405, 5.64718, 12.5292
17.2641, 5.6462, 12.5291
17.2641, 5.6462, 12.5291
17.2891, 5.64491, 12.5292
17.2891, 5.64491, 12.5292
17.3126, 5.64373, 12.5291
17.3383, 5.6424, 12.529
17.3383, 5.6424, 12.529
17.3617, 5.64142, 12.5287
17.3617, 5.64142, 12.5287
17.3872, 5.64045, 12.5284
17.4117, 5.63873, 12.5281
17.4117, 5.63873, 12.5281
17.4337, 5.63714, 12.528
17.4337, 5.63714, 12.528
17.4606, 5.6356, 12.5277
17.4833, 5.6342, 12.5275
17.4833, 5.6342, 12.5275
17.5091, 5.63284, 12.5269
17.5091, 5.63284, 12.5269
17.5332, 5.6316, 12.5264
17.5332, 5.6316, 12.5264
17.5576, 5.62979, 12.5256
17.5857, 5.62773, 12.5247
17.5857, 5.62773, 12.5247
17.6071, 5.62647, 12.5238
17.6071, 5.62647, 12.5238
17.6338, 5.62463, 12.5227
17.6338, 5.62463, 12.5227
17.6576, 5.62315, 12.5212
17.6816, 5.62174, 12.5196
17.6816, 5.62174, 12.5196
17.7068, 5.61965, 12.5185
17.7068, 5.61965, 12.5185
17.734, 5.6176, 12.5175
17.7586, 5.61549, 12.5169
17.7586, 5.61549, 12.5169
17.7816, 5.61396, 12.5166
17.7816, 5.61396, 12.5166
17.8079, 5.61198, 12.5166
17.8323, 5.61012, 12.5168
17.8323, 5.61012, 12.5168
17.857, 5.60771, 12.5171
17.857, 5.60771, 12.5171
17.8835, 5.60501, 12.5176
17.9094, 5.60269, 12.5179
17.9094, 5.60269, 12.5179
17.9359, 5.60041, 12.5183
17.9359, 5.60041, 12.5183
17.9593, 5.59832, 12.5188
17.9857, 5.59557, 12.5195
17.9857, 5.59557, 12.5195
18.0103, 5.59277, 12.52
18.0103, 5.59277, 12.52
18.0329, 5.59019, 12.5207
18.0609, 5.58734, 12.5214
18.0609, 5.58734, 12.5214
18.0836, 5.58491, 12.5221
18.0836, 5.58491, 12.5221
18.1095, 5.58228, 12.5227
18.1095, 5.58228, 12.5227
18.132, 5.57981, 12.5233
18.1602, 5.57644, 12.5235
18.1602, 5.57644, 12.5235
18.1865, 5.57306, 12.5239
18.1865, 5.57306, 12.5239
18.2094, 5.57029, 12.5243
18.2364, 5.56705, 12.5249
18.2364, 5.56705, 12.5249
18.2582, 5.56447, 12.5255
18.2582, 5.56447, 12.5255
18.287, 5.56066, 12.526
18.287, 5.56066, 12.526
18.3099, 5.55772, 12.5258
18.3364, 5.554, 12.5256
18.3364, 5.554, 12.5256
18.3612, 5.55076, 12.5251
18.3612, 5.55076, 12.5251
18.3877, 5.54735, 12.5245
18.3877, 5.54735, 12.5245
18.4135, 5.54402, 12.5239
18.4386, 5.54029, 12.5233
18.4386, 5.54029, 12.5233
18.4643, 5.53639, 12.5226
18.4643, 5.53639, 12.5226
18.4906, 5.53245, 12.522
18.5135, 5.52893, 12.5215
18.5135, 5.52893, 12.5215
18.54, 5.52488, 12.521
18.54, 5.52488, 12.521
18.5659, 5.52109, 12.5206
18.5908, 5.51695, 12.5204
18.5908, 5.51695, 12.5204
18.6175, 5.51242, 12.5203
18.6175, 5.51242, 12.5203
18.6418, 5.50826, 12.5204
18.6682, 5.50362, 12.5206
18.6682, 5.50362, 12.5206
18.6942, 5.49921, 12.5201
18.6942, 5.49921, 12.5201
18.7186, 5.49503, 12.5196
18.7436, 5.49062, 12.5192
18.7436, 5.49062, 12.5192
18.7677, 5.48624, 12.5188
18.7954, 5.48144, 12.518
18.7954, 5.48144, 12.518
18.8213, 5.47688, 12.517
18.8213, 5.47688, 12.517
18.8213, 5.47688, 12.517
18.8466, 5.47233, 12.5155
18.8704, 5.46812, 12.5144
18.8704, 5.46812, 12.5144
18.8963, 5.46337, 12.513
18.8963, 5.46337, 12.513
18.9232, 5.45836, 12.5113
18.9477, 5.45382, 12.5101
18.9722, 5.44924, 12.509
18.9722, 5.44924, 12.509
18.9985, 5.44428, 12.5079
18.9985, 5.44428, 12.5079
19.0249, 5.43919, 12.5068
19.0504, 5.43415, 12.5058
19.0504, 5.43415, 12.5058
19.0824, 5.42778, 12.5047
19.1008, 5.42407, 12.504
19.1276, 5.41855, 12.503
19.1276, 5.41855, 12.503
19.1532, 5.41322, 12.5022
19.176, 5.40848, 12.5016
19.176, 5.40848, 12.5016
19.2033, 5.4028, 12.4992
19.2033, 5.4028, 12.4992
19.2291, 5.39722, 12.4917
19.2543, 5.39165, 12.4767
19.2543, 5.39165, 12.4767
19.2788, 5.38599, 12.4542
19.2788, 5.38599, 12.4542
19.3025, 5.38052, 12.428
19.3025, 5.38052, 12.428
19.3263, 5.37486, 12.3995
19.3524, 5.36851, 12.3672
19.3524, 5.36851, 12.3672
19.3788, 5.36202, 12.3347
19.3788, 5.36202, 12.3347
19.4022, 5.35625, 12.3061
19.4267, 5.35006, 12.2758
19.4267, 5.35006, 12.2758
19.4575, 5.3423, 12.2382
19.4575, 5.3423, 12.2382
19.481, 5.33671, 12.2103
19.5093, 5.32972, 12.1761
19.5093, 5.32972, 12.1761
19.5323, 5.32408, 12.1484
19.5323, 5.32408, 12.1484
19.5586, 5.31752, 12.1165
19.5586, 5.31752, 12.1165
19.5825, 5.31134, 12.0868
19.6056, 5.30534, 12.0579
19.6056, 5.30534, 12.0579
19.6324, 5.29873, 12.025
19.6324, 5.29873, 12.025
19.6542, 5.29297, 11.9961
19.6762, 5.28724, 11.9665
19.6762, 5.28724, 11.9665
19.6975, 5.28154, 11.9366
19.6975, 5.28154, 11.9366
19.72, 5.27552, 11.9043
19.7406, 5.26985, 11.8738
19.7406, 5.26985, 11.8738
19.7632, 5.26372, 11.8407
19.7632, 5.26372, 11.8407
19.7853, 5.25781, 11.8076
19.8038, 5.25269, 11.7788
19.8038, 5.25269, 11.7788
19.8242, 5.2468, 11.7456
19.8242, 5.2468, 11.7456
19.8427, 5.24141, 11.7148
19.8625, 5.23586, 11.6819
19.8625, 5.23586, 11.6819
19.8826, 5.23048, 11.6486
19.8826, 5.23048, 11.6486
19.9012, 5.22571, 11.6176
19.9171, 5.22115, 11.5892
19.9171, 5.22115, 11.5892
19.9354, 5.21609, 11.5562
19.9354, 5.21609, 11.5562
19.9517, 5.21128, 11.5253
19.9693, 5.20629, 11.4922
19.9693, 5.20629, 11.4922
19.9859, 5.20191, 11.4614
19.9859, 5.20191, 11.4614
20.0038, 5.19686, 11.4259
20.0181, 5.19294, 11.3967
20.0181, 5.19294, 11.3967
20.0337, 5.18837, 11.3636
20.0337, 5.18837, 11.3636
20.0478, 5.18412, 11.3323
20.0633, 5.1799, 11.2986
20.0633, 5.1799, 11.2986
20.0785, 5.17575, 11.2653
20.0785, 5.17575, 11.2653
20.0922, 5.172, 11.2344
20.1054, 5.16823, 11.203
20.1054, 5.16823, 11.203
20.1188, 5.16426, 11.1696
20.1188, 5.16426, 11.1696
20.1301, 5.16091, 11.1398
20.1435, 5.15739, 11.1048
20.1435, 5.15739, 11.1048
20.1572, 5.15429, 11.0699
20.1572, 5.15429, 11.0699
20.1687, 5.15129, 11.0388
20.1687, 5.15129, 11.0388
20.1806, 5.14784, 11.0048
20.1914, 5.14474, 10.9733
20.1914, 5.14474, 10.9733
20.2023, 5.14135, 10.9395
20.2023, 5.14135, 10.9395
20.212, 5.13884, 10.9105
20.223, 5.13603, 10.8771
20.223, 5.13603, 10.8771
20.2333, 5.13323, 10.8438
20.2333, 5.13323, 10.8438
20.2426, 5.13064, 10.8127
20.2519, 5.12783, 10.7798
20.2519, 5.12783, 10.7798
20.2599, 5.12545, 10.751
20.2599, 5.12545, 10.751
20.2687, 5.12269, 10.7176
20.2687, 5.12269, 10.7176
20.2784, 5.12074, 10.6841
20.2861, 5.11885, 10.6554
20.2861, 5.11885, 10.6554
20.2947, 5.11614, 10.6202
20.302, 5.11388, 10.5893
20.302, 5.11388, 10.5893
20.309, 5.1118, 10.5583
20.309, 5.1118, 10.5583
20.3162, 5.10991, 10.5274
20.3162, 5.10991, 10.5274
20.3236, 5.10756, 10.4929
20.3301, 5.10593, 10.4626
20.3362, 5.10374, 10.4298
20.3362, 5.10374, 10.4298
20.3418, 5.10156, 10.3979
20.3469, 5.09934, 10.3661
20.3469, 5.09934, 10.3661
20.3527, 5.09784, 10.3352
20.3527, 5.09784, 10.3352
20.358, 5.09567, 10.3023
20.3637, 5.09402, 10.2682
20.3637, 5.09402, 10.2682
20.3684, 5.09221, 10.2368
20.3684, 5.09221, 10.2368
20.373, 5.09026, 10.2045
20.373, 5.09026, 10.2045
20.377, 5.08841, 10.1738
20.3823, 5.08729, 10.1403
20.3823, 5.08729, 10.1403
20.3868, 5.08573, 10.1077
20.3868, 5.08573, 10.1077
20.3909, 5.08419, 10.0767
20.3909, 5.08419, 10.0767
20.3946, 5.08255, 10.0461
20.398, 5.08084, 10.0153
20.398, 5.08084, 10.0153
20.4017, 5.0793, 9.98153
20.4017, 5.0793, 9.98153
20.4052, 5.07839, 9.95083
20.4085, 5.07724, 9.91881
20.4085, 5.07724, 9.91881
20.4112, 5.07629, 9.89087
20.4112, 5.07629, 9.89087
20.4141, 5.07462, 9.85573
20.4141, 5.07462, 9.85573
20.4166, 5.07308, 9.8224
20.4192, 5.07246, 9.79111
20.4192, 5.07246, 9.79111
20.4212, 5.07171, 9.76303
20.4212, 5.07171, 9.76303
20.4236, 5.07137, 9.7299
20.4254, 5.07067, 9.69958
20.4254, 5.07067, 9.69958
20.427, 5.06978, 9.66672
20.427, 5.06978, 9.66672
20.4285, 5.069, 9.63275
20.4299, 5.06854, 9.60221
20.4299, 5.06854, 9.60221
20.4316, 5.06827, 9.56936
20.4316, 5.06827, 9.56936
20.4329, 5.0679, 9.53676
20.434, 5.06739, 9.50404
20.434, 5.06739, 9.50404
20.4348, 5.06683, 9.47358
20.4348, 5.06683, 9.47358
20.4354, 5.06608, 9.44301
20.4362, 5.06577, 9.41014
20.4362, 5.06577, 9.41014
20.4369, 5.06569, 9.38197
20.4369, 5.06569, 9.38197
20.4375, 5.06534, 9.34696
20.4375, 5.06534, 9.34696
20.4376, 5.06438, 9.31769
20.4376, 5.06365, 9.2878
20.4376, 5.06365, 9.2878
20.4376, 5.06296, 9.2602
20.4376, 5.06296, 9.2602
20.4376, 5.06269, 9.22691
20.4376, 5.06269, 9.22691
20.4376, 5.06241, 9.19143
20.4374, 5.06222, 9.16685
20.4374, 5.06222, 9.16685
20.4373, 5.06238, 9.13551
20.4368, 5.06199, 9.10648
20.4368, 5.06199, 9.10648
20.4363, 5.0616, 9.07546
20.4363, 5.0616, 9.07546
20.436, 5.06167, 9.04744
20.4355, 5.06155, 9.01674
20.4355, 5.06155, 9.01674
20.4351, 5.06154, 8.99043
20.4351, 5.06154, 8.99043
20.4341, 5.06086, 8.95817
20.4341, 5.06086, 8.95817
20.4332, 5.06033, 8.9299
20.4321, 5.05968, 8.90183
20.4321, 5.05968, 8.90183
20.4313, 5.06007, 8.8707
20.4313, 5.06007, 8.8707
20.4305, 5.06024, 8.84433
20.4305, 5.06024, 8.84433
20.4292, 5.05989, 8.81376
20.4292, 5.05989, 8.81376
20.4279, 5.05982, 8.78204
20.4265, 5.0591, 8.75517
20.4265, 5.0591, 8.75517
20.4253, 5.05914, 8.72378
20.4253, 5.05914, 8.72378
20.4241, 5.05911, 8.69269
20.4241, 5.05911, 8.69269
20.4227, 5.05882, 8.66059
20.4215, 5.05868, 8.63335
20.4215, 5.05868, 8.63335
20.42, 5.0582, 8.6042
20.42, 5.0582, 8.6042
20.4183, 5.05757, 8.57539
20.4166, 5.05687, 8.54399
20.4166, 5.05687, 8.54399
20.4153, 5.057, 8.51492
20.4153, 5.057, 8.51492
20.414, 5.05728, 8.48406
20.4122, 5.05681, 8.45245
20.4122, 5.05681, 8.45245
20.4106, 5.05643, 8.42419
20.4106, 5.05643, 8.42419
20.409, 5.05601, 8.39806
20.4073, 5.05634, 8.36548
20.4073, 5.05634, 8.36548
20.4057, 5.05672, 8.3369
20.4057, 5.05672, 8.3369
20.4041, 5.05686, 8.30928
20.4041, 5.05686, 8.30928
20.4023, 5.05676, 8.28161
20.4003, 5.05628, 8.25193
20.4003, 5.05628, 8.25193
20.3981, 5.05561, 8.22255
20.3981, 5.05561, 8.22255
20.3967, 5.05638, 8.19642
20.3947, 5.05642, 8.16348
20.3947, 5.05642, 8.16348
20.3929, 5.05653, 8.1342
20.3929, 5.05653, 8.1342
20.391, 5.05654, 8.10623
20.3889, 5.05624, 8.07715
20.3889, 5.05624, 8.07715
20.3862, 5.05544, 8.04423
20.3862, 5.05544, 8.04423
20.3843, 5.05565, 8.01722
20.3819, 5.05605, 7.9853
20.3819, 5.05605, 7.9853
20.3796, 5.0567, 7.953
20.3796, 5.0567, 7.953
20.3772, 5.05667, 7.92399
20.3772, 5.05667, 7.92399
20.3747, 5.05638, 7.89424
20.3723, 5.05636, 7.86595
20.3723, 5.05636, 7.86595
20.3695, 5.05556, 7.83585
20.3695, 5.05556, 7.83585
20.367, 5.05476, 7.80822
20.3645, 5.05387, 7.78169
20.3645, 5.05387, 7.78169
20.3622, 5.05391, 7.753
20.3622, 5.05391, 7.753
20.3598, 5.05403, 7.72333
20.3579, 5.05428, 7.69869
20.3579, 5.05428, 7.69869
20.356, 5.05472, 7.67343
20.356, 5.05472, 7.67343
20.3534, 5.05402, 7.64314
20.351, 5.05334, 7.61538
20.351, 5.05334, 7.61538
20.3491, 5.05428, 7.59041
20.3491, 5.05428, 7.59041
20.3471, 5.05489, 7.56472
20.3471, 5.05489, 7.56472
20.3447, 5.05497, 7.53605
20.3427, 5.05554, 7.51048
20.3427, 5.05554, 7.51048
20.3403, 5.05523, 7.48312
20.3403, 5.05523, 7.48312
20.3381, 5.05539, 7.45841
20.3357, 5.05637, 7.43121
20.3357, 5.05637, 7.43121
20.3334, 5.05718, 7.40564
20.3334, 5.05718, 7.40564
20.3311, 5.05786, 7.38172
20.3285, 5.05856, 7.35509
20.3285, 5.05856, 7.35509
20.326, 5.05857, 7.33005
20.326, 5.05857, 7.33005
20.3234, 5.05791, 7.30374
20.3209, 5.05987, 7.27394
20.3209, 5.05987, 7.27394
20.3185, 5.06082, 7.24693
20.3185, 5.06082, 7.24693
20.3159, 5.06176, 7.21613
20.3159, 5.06176, 7.21613
20.3136, 5.06162, 7.19166
20.3107, 5.06192, 7.16091
20.3107, 5.06192, 7.16091
20.3082, 5.06221, 7.13453
20.3082, 5.06221, 7.13453
20.306, 5.06352, 7.10805
20.3037, 5.06502, 7.08001
20.3037, 5.06502, 7.08001
20.3013, 5.06502, 7.05444
20.3013, 5.06502, 7.05444
20.299, 5.06541, 7.02926
20.299, 5.06541, 7.02926
20.2967, 5.06553, 7.00475
20.2939, 5.06589, 6.97599
20.2939, 5.06589, 6.97599
20.2917, 5.06731, 6.95279
20.289, 5.06878, 6.92541
20.289, 5.06878, 6.92541
20.2866, 5.06942, 6.90081
20.2866, 5.06942, 6.90081
20.2838, 5.07006, 6.87317
20.2838, 5.07006, 6.87317
20.2813, 5.07002, 6.84832
20.2787, 5.07106, 6.82267
20.2787, 5.07106, 6.82267
20.2759, 5.07288, 6.79634
20.2759, 5.07288, 6.79634
20.2733, 5.07303, 6.77183
20.2706, 5.07364, 6.74728
20.2706, 5.07364, 6.74728
20.2679, 5.07397, 6.72302
20.2679, 5.07397, 6.72302
20.2652, 5.07406, 6.69881
20.2652, 5.07406, 6.69881
20.2623, 5.07498, 6.67179
20.2599, 5.07637, 6.64949
20.2599, 5.07637, 6.64949
20.2573, 5.07727, 6.62534
20.2573, 5.07727, 6.62534
20.2544, 5.07763, 6.5984
20.2544, 5.07763, 6.5984
20.2518, 5.07788, 6.57425
20.2492, 5.07777, 6.54962
20.2492, 5.07777, 6.54962
20.2463, 5.0786, 6.5238
20.2463, 5.0786, 6.5238
20.2439, 5.07989, 6.50176
20.2411, 5.08054, 6.47614
20.2411, 5.08054, 6.47614
20.2383, 5.08091, 6.45034
20.2383, 5.08091, 6.45034
20.2356, 5.08117, 6.4263
20.233, 5.08116, 6.40236
20.233, 5.08116, 6.40236
20.2303, 5.08198, 6.37835
20.2303, 5.08198, 6.37835
20.2274, 5.08394, 6.35126
20.2249, 5.08431, 6.32722
20.2249, 5.08431, 6.32722
20.2225, 5.08457, 6.30502
20.2225, 5.08457, 6.30502
20.2196, 5.08407, 6.27711
20.2196, 5.08407, 6.27711
20.2174, 5.08428, 6.2551
20.2149, 5.08506, 6.2296
20.2149, 5.08506, 6.2296
20.2125, 5.08545, 6.20364
20.2105, 5.08587, 6.18168
20.2105, 5.08587, 6.18168
20.2079, 5.08591, 6.15158
20.2079, 5.08591, 6.15158
20.2057, 5.08557, 6.12445
20.2057, 5.08557, 6.12445
20.2036, 5.08537, 6.09735
20.2015, 5.08599, 6.06919
20.2015, 5.08599, 6.06919
20.1995, 5.0864, 6.04288
20.1995, 5.0864, 6.04288
20.1972, 5.0863, 6.01473
20.1954, 5.08642, 5.99193
20.1954, 5.08642, 5.99193
20.1931, 5.08617, 5.96344
