5.09388, -2.49559, 12.5677
5.09074, -2.49694, 12.5676
5.09074, -2.49694, 12.5676
5.08825, -2.49793, 12.567
5.08825, -2.49793, 12.567
5.08599, -2.4988, 12.5666
5.08395, -2.49955, 12.5663
5.08395, -2.49955, 12.5663
5.08214, -2.50015, 12.566
5.08214, -2.50015, 12.566
5.08052, -2.50044, 12.566
5.08052, -2.50044, 12.566
5.07733, -2.50114, 12.5662
5.07541, -2.50065, 12.566
5.07541, -2.50065, 12.566
5.07255, -2.49958, 12.5664
5.07255, -2.49958, 12.5664
5.07056, -2.49715, 12.5665
5.06836, -2.49338, 12.5669
5.06836, -2.49338, 12.5669
5.06687, -2.48893, 12.5671
5.06687, -2.48893, 12.5671
5.0644, -2.48316, 12.5664
5.06224, -2.47712, 12.5659
5.06224, -2.47712, 12.5659
5.05995, -2.46973, 12.5658
5.05995, -2.46973, 12.5658
5.05857, -2.46149, 12.5656
5.05749, -2.45223, 12.5656
5.05749, -2.45223, 12.5656
5.057, -2.44159, 12.5651
5.057, -2.44159, 12.5651
5.0557, -2.43216, 12.5651
5.05413, -2.42108, 12.565
5.05413, -2.42108, 12.565
5.05321, -2.41034, 12.5649
5.05321, -2.41034, 12.5649
5.05245, -2.39999, 12.5648
5.05202, -2.38686, 12.5643
5.05202, -2.38686, 12.5643
5.05178, -2.37307, 12.5639
5.05178, -2.37307, 12.5639
5.05067, -2.36112, 12.5636
5.05, -2.34903, 12.5629
5.05, -2.34903, 12.5629
5.04951, -2.33646, 12.5624
5.04951, -2.33646, 12.5624
5.04932, -2.3221, 12.5619
5.04929, -2.30837, 12.5617
5.04929, -2.30837, 12.5617
5.04937, -2.2955, 12.5617
5.04937, -2.2955, 12.5617
5.04949, -2.28087, 12.5613
5.04945, -2.26697, 12.5614
5.04945, -2.26697, 12.5614
5.04971, -2.2543, 12.5615
5.04971, -2.2543, 12.5615
5.05035, -2.23866, 12.5613
5.05102, -2.22387, 12.5612
5.05102, -2.22387, 12.5612
5.05189, -2.20736, 12.5609
5.05189, -2.20736, 12.5609
5.0524, -2.19288, 12.5612
5.05331, -2.17746, 12.5606
5.05331, -2.17746, 12.5606
5.05403, -2.16294, 12.5606
5.05403, -2.16294, 12.5606
5.0549, -2.1479, 12.5604
5.0549, -2.1479, 12.5604
5.05606, -2.12963, 12.5601
5.057, -2.11504, 12.5603
5.057, -2.11504, 12.5603
5.05775, -2.09878, 12.5603
5.05775, -2.09878, 12.5603
5.0585, -2.08296, 12.5611
5.0595, -2.0668, 12.5615
5.0595, -2.0668, 12.5615
5.06055, -2.0505, 12.562
5.06055, -2.0505, 12.562
5.06176, -2.03291, 12.5624
5.06176, -2.03291, 12.5624
5.06296, -2.01511, 12.5628
5.06372, -2.00101, 12.5643
5.06372, -2.00101, 12.5643
5.06491, -1.98244, 12.5652
5.06607, -1.96574, 12.5656
5.06607, -1.96574, 12.5656
5.06737, -1.94791, 12.5665
5.06737, -1.94791, 12.5665
5.0686, -1.93199, 12.5665
5.0686, -1.93199, 12.5665
5.07003, -1.91241, 12.5671
5.0713, -1.89498, 12.5667
5.0713, -1.89498, 12.5667
5.07254, -1.87786, 12.5667
5.07254, -1.87786, 12.5667
5.07389, -1.85925, 12.567
5.07517, -1.84179, 12.5671
5.07517, -1.84179, 12.5671
5.07656, -1.8232, 12.567
5.07656, -1.8232, 12.567
5.07789, -1.8051, 12.5668
5.07916, -1.78607, 12.5663
5.07916, -1.78607, 12.5663
5.08037, -1.76852, 12.5658
5.08037, -1.76852, 12.5658
5.08162, -1.7507, 12.5652
5.08162, -1.7507, 12.5652
5.08307, -1.73046, 12.5643
5.08422, -1.7145, 12.564
5.08422, -1.7145, 12.564
5.08578, -1.69362, 12.5632
5.08578, -1.69362, 12.5632
5.08731, -1.67424, 12.5616
5.08731, -1.67424, 12.5616
5.0886, -1.65759, 12.5603
5.0902, -1.63781, 12.5592
5.0902, -1.63781, 12.5592
5.09184, -1.61755, 12.558
5.09184, -1.61755, 12.558
5.09328, -1.6003, 12.5573
5.09497, -1.57836, 12.5561
5.09497, -1.57836, 12.5561
5.09636, -1.56068, 12.5555
5.09636, -1.56068, 12.5555
5.09791, -1.54137, 12.5543
5.09968, -1.51928, 12.5534
5.09968, -1.51928, 12.5534
5.10126, -1.49987, 12.5526
5.10126, -1.49987, 12.5526
5.10301, -1.47867, 12.5517
5.10441, -1.45917, 12.5515
5.10441, -1.45917, 12.5515
5.10573, -1.44112, 12.5509
5.10573, -1.44112, 12.5509
5.10738, -1.41847, 12.5504
5.10881, -1.39872, 12.55
5.10881, -1.39872, 12.55
5.11041, -1.37762, 12.5495
5.11041, -1.37762, 12.5495
5.11202, -1.35663, 12.5491
5.1134, -1.33789, 12.5489
5.1134, -1.33789, 12.5489
5.11499, -1.31625, 12.5486
5.11499, -1.31625, 12.5486
5.11665, -1.29419, 12.5488
5.11804, -1.27533, 12.5483
5.11804, -1.27533, 12.5483
5.11978, -1.25183, 12.5483
5.11978, -1.25183, 12.5483
5.12118, -1.23283, 12.5483
5.12259, -1.21191, 12.5481
5.12259, -1.21191, 12.5481
5.1241, -1.18935, 12.5478
5.1241, -1.18935, 12.5478
5.12564, -1.16641, 12.548
5.127, -1.14595, 12.548
5.127, -1.14595, 12.548
5.12854, -1.12334, 12.5479
5.12854, -1.12334, 12.5479
5.12994, -1.10286, 12.548
5.13129, -1.08026, 12.5477
5.13129, -1.08026, 12.5477
5.1325, -1.06042, 12.5476
5.1325, -1.06042, 12.5476
5.13406, -1.03606, 12.5472
5.13548, -1.01459, 12.5471
5.13548, -1.01459, 12.5471
5.13704, -0.991733, 12.5474
5.13704, -0.991733, 12.5474
5.13863, -0.968923, 12.5473
5.13986, -0.948881, 12.5474
5.13986, -0.948881, 12.5474
5.1413, -0.925166, 12.5464
5.1413, -0.925166, 12.5464
5.14272, -0.903908, 12.5451
5.14272, -0.903908, 12.5451
5.14423, -0.880538, 12.5438
5.14566, -0.858998, 12.5426
5.14566, -0.858998, 12.5426
5.14712, -0.837435, 12.5414
5.14712, -0.837435, 12.5414
5.14832, -0.813795, 12.5403
5.14933, -0.791594, 12.5394
5.14933, -0.791594, 12.5394
5.15047, -0.769925, 12.5384
5.15047, -0.769925, 12.5384
5.15177, -0.746319, 12.5371
5.15309, -0.723077, 12.5358
5.15309, -0.723077, 12.5358
5.15426, -0.702747, 12.5347
5.15426, -0.702747, 12.5347
5.1551, -0.680305, 12.5336
5.15614, -0.654397, 12.5327
5.15614, -0.654397, 12.5327
5.15709, -0.632432, 12.5279
5.15709, -0.632432, 12.5279
5.15814, -0.610162, 12.5223
5.15938, -0.586231, 12.5174
5.15938, -0.586231, 12.5174
5.16056, -0.564023, 12.5131
5.16056, -0.564023, 12.5131
5.1614, -0.542803, 12.5097
5.16251, -0.516794, 12.5062
5.16251, -0.516794, 12.5062
5.1635, -0.495729, 12.5039
5.1635, -0.495729, 12.5039
5.16478, -0.471702, 12.502
5.1662, -0.446307, 12.5005
5.1662, -0.446307, 12.5005
5.16746, -0.423899, 12.4993
5.16746, -0.423899, 12.4993
5.16828, -0.402173, 12.4985
5.16939, -0.375189, 12.4978
5.16939, -0.375189, 12.4978
5.17048, -0.352318, 12.4974
5.17048, -0.352318, 12.4974
5.17135, -0.330864, 12.4972
5.17245, -0.304191, 12.497
5.17245, -0.304191, 12.497
5.17342, -0.281403, 12.497
5.17342, -0.281403, 12.497
5.1739, -0.257732, 12.4971
5.17445, -0.234213, 12.4969
5.17445, -0.234213, 12.4969
5.175, -0.208852, 12.4957
5.175, -0.208852, 12.4957
5.17582, -0.186066, 12.4951
5.17659, -0.160775, 12.4947
5.17659, -0.160775, 12.4947
5.17747, -0.137157, 12.4947
5.17747, -0.137157, 12.4947
5.17788, -0.115137, 12.4949
5.17788, -0.115137, 12.4949
5.17866, -0.0878803, 12.4954
5.17922, -0.065886, 12.4961
5.17922, -0.065886, 12.4961
5.17982, -0.0419318, 12.4971
5.17982, -0.0419318, 12.4971
5.18079, -0.015048, 12.498
5.18152, 0.00656607, 12.4985
5.18152, 0.00656607, 12.4985
5.18216, 0.0339072, 12.4977
5.18216, 0.0339072, 12.4977
5.18272, 0.0584309, 12.4971
5.18344, 0.0844804, 12.4968
5.18344, 0.0844804, 12.4968
5.18394, 0.107582, 12.4969
5.18394, 0.107582, 12.4969
5.18479, 0.132909, 12.4971
5.18545, 0.15715, 12.4975
5.18545, 0.15715, 12.4975
5.1857, 0.181472, 12.498
5.1857, 0.181472, 12.498
5.18603, 0.208857, 12.4983
5.18668, 0.232343, 12.4986
5.18668, 0.232343, 12.4986
5.18716, 0.258958, 12.4992
5.18716, 0.258958, 12.4992
5.18774, 0.28319, 12.4997
5.18825, 0.309848, 12.5003
5.18825, 0.309848, 12.5003
5.18833, 0.335718, 12.5012
5.18833, 0.335718, 12.5012
5.18864, 0.360806, 12.5018
5.18905, 0.387753, 12.5024
5.18905, 0.387753, 12.5024
5.1893, 0.412655, 12.5029
5.1893, 0.412655, 12.5029
5.18979, 0.441321, 12.5034
5.18979, 0.441321, 12.5034
5.1899, 0.46663, 12.5037
5.18998, 0.492314, 12.5043
5.18998, 0.492314, 12.5043
5.19009, 0.520591, 12.5052
5.19009, 0.520591, 12.5052
5.19041, 0.546964, 12.5059
5.19067, 0.570296, 12.5066
5.19067, 0.570296, 12.5066
5.19109, 0.596367, 12.5074
5.19109, 0.596367, 12.5074
5.19118, 0.621997, 12.5082
5.19106, 0.648215, 12.5091
5.19106, 0.648215, 12.5091
5.19116, 0.677387, 12.5099
5.19116, 0.677387, 12.5099
5.19124, 0.702978, 12.5106
5.19139, 0.728334, 12.5112
5.19139, 0.728334, 12.5112
5.19174, 0.753113, 12.5114
5.19174, 0.753113, 12.5114
5.19165, 0.781081, 12.5121
5.19152, 0.807436, 12.5127
5.19152, 0.807436, 12.5127
5.19152, 0.83545, 12.5134
5.19152, 0.83545, 12.5134
5.19159, 0.863146, 12.5143
5.19156, 0.886945, 12.5152
5.19156, 0.886945, 12.5152
5.19176, 0.915874, 12.5162
5.19176, 0.915874, 12.5162
5.19155, 0.943016, 12.5175
5.19155, 0.943016, 12.5175
5.1917, 0.970275, 12.5179
5.19164, 0.995099, 12.5179
5.19164, 0.995099, 12.5179
5.19171, 1.02296, 12.5175
5.19171, 1.02296, 12.5175
5.19173, 1.0487, 12.5173
5.1917, 1.07766, 12.5172
5.1917, 1.07766, 12.5172
5.19148, 1.10375, 12.5172
5.19148, 1.10375, 12.5172
5.19109, 1.13285, 12.5172
5.19075, 1.1596, 12.5173
5.19075, 1.1596, 12.5173
5.19049, 1.18618, 12.5176
5.19049, 1.18618, 12.5176
5.19019, 1.21475, 12.5181
5.19007, 1.24073, 12.5186
5.19007, 1.24073, 12.5186
5.18975, 1.27042, 12.5191
5.18975, 1.27042, 12.5191
5.18945, 1.29784, 12.5196
5.18912, 1.32749, 12.5204
5.18912, 1.32749, 12.5204
5.18901, 1.35416, 12.5207
5.18901, 1.35416, 12.5207
5.18895, 1.38052, 12.5209
5.18905, 1.40591, 12.5209
5.18905, 1.40591, 12.5209
5.18874, 1.4356, 12.5213
5.18874, 1.4356, 12.5213
5.18841, 1.46119, 12.5217
5.18841, 1.46119, 12.5217
5.18814, 1.49254, 12.5221
5.18805, 1.52002, 12.5224
5.18805, 1.52002, 12.5224
5.18803, 1.54607, 12.5227
5.18803, 1.54607, 12.5227
5.18807, 1.57396, 12.5225
5.1877, 1.60142, 12.5222
5.1877, 1.60142, 12.5222
5.18723, 1.62904, 12.5219
5.18723, 1.62904, 12.5219
5.18667, 1.65909, 12.5217
5.18636, 1.68607, 12.5215
5.18636, 1.68607, 12.5215
5.18611, 1.71464, 12.5213
5.18611, 1.71464, 12.5213
5.1859, 1.74111, 12.5212
5.18539, 1.76767, 12.5213
5.18539, 1.76767, 12.5213
5.18498, 1.7976, 12.5213
5.18498, 1.7976, 12.5213
5.18465, 1.82697, 12.5214
5.18433, 1.85413, 12.5215
5.18433, 1.85413, 12.5215
5.18405, 1.88003, 12.5214
5.18405, 1.88003, 12.5214
5.1838, 1.90713, 12.5211
5.1838, 1.90713, 12.5211
5.18319, 1.93949, 12.5207
5.18255, 1.97073, 12.518
5.18255, 1.97073, 12.518
5.1822, 1.99555, 12.5164
5.1822, 1.99555, 12.5164
5.18165, 2.02585, 12.5144
5.18125, 2.05461, 12.5131
5.18125, 2.05461, 12.5131
5.18087, 2.0791, 12.512
5.18087, 2.0791, 12.512
5.18008, 2.11301, 12.5109
5.17948, 2.14166, 12.5103
5.17948, 2.14166, 12.5103
5.1788, 2.17258, 12.5098
5.1788, 2.17258, 12.5098
5.17829, 2.19842, 12.5095
5.17829, 2.19842, 12.5095
5.17782, 2.22787, 12.5094
5.17739, 2.2566, 12.5095
5.17739, 2.2566, 12.5095
5.17702, 2.28365, 12.5096
5.17702, 2.28365, 12.5096
5.17669, 2.31039, 12.5098
5.17669, 2.31039, 12.5098
5.17623, 2.33979, 12.5099
5.17557, 2.36872, 12.5101
5.17557, 2.36872, 12.5101
5.17509, 2.39802, 12.5102
5.17509, 2.39802, 12.5102
5.17474, 2.42466, 12.5101
5.17422, 2.45247, 12.5102
5.17422, 2.45247, 12.5102
5.17381, 2.48233, 12.5102
5.17381, 2.48233, 12.5102
5.17317, 2.50985, 12.5104
5.17223, 2.53711, 12.5108
5.17223, 2.53711, 12.5108
5.1715, 2.56895, 12.5112
5.1715, 2.56895, 12.5112
5.17084, 2.59676, 12.5116
5.17022, 2.62214, 12.5121
5.17022, 2.62214, 12.5121
5.16953, 2.65372, 12.5127
5.16953, 2.65372, 12.5127
5.16868, 2.68194, 12.513
5.16779, 2.71235, 12.5131
5.16779, 2.71235, 12.5131
5.16698, 2.73854, 12.5132
5.16698, 2.73854, 12.5132
5.16621, 2.76849, 12.5132
5.16547, 2.79795, 12.5131
5.16547, 2.79795, 12.5131
5.16479, 2.82337, 12.513
5.16479, 2.82337, 12.513
5.16379, 2.85608, 12.513
5.16292, 2.88513, 12.5129
5.16292, 2.88513, 12.5129
5.16215, 2.9138, 12.513
5.16215, 2.9138, 12.513
5.16143, 2.94218, 12.5129
5.1607, 2.9722, 12.5128
5.1607, 2.9722, 12.5128
5.16, 2.99996, 12.5127
5.16, 2.99996, 12.5127
5.15906, 3.03163, 12.5126
5.15837, 3.06006, 12.5124
5.15837, 3.06006, 12.5124
5.15744, 3.09214, 12.5124
5.15744, 3.09214, 12.5124
5.15669, 3.1209, 12.5124
5.15597, 3.14931, 12.5124
5.15597, 3.14931, 12.5124
5.15527, 3.17742, 12.5124
5.15527, 3.17742, 12.5124
5.15441, 3.20651, 12.5123
5.15325, 3.23944, 12.5119
5.15325, 3.23944, 12.5119
5.15231, 3.27042, 12.5113
5.15231, 3.27042, 12.5113
5.15146, 3.2975, 12.5106
5.15061, 3.32815, 12.5096
5.15061, 3.32815, 12.5096
5.1497, 3.35909, 12.5083
5.1497, 3.35909, 12.5083
5.14846, 3.38919, 12.5072
5.14707, 3.42139, 12.5062
5.14707, 3.42139, 12.5062
5.1456, 3.45184, 12.5053
5.1456, 3.45184, 12.5053
5.14458, 3.47826, 12.5046
5.14333, 3.50924, 12.5039
5.14333, 3.50924, 12.5039
5.14219, 3.53771, 12.5028
5.14219, 3.53771, 12.5028
5.14086, 3.5673, 12.5018
5.13928, 3.59981, 12.5009
5.13928, 3.59981, 12.5009
5.13759, 3.63213, 12.5
5.13759, 3.63213, 12.5
5.13609, 3.66372, 12.4992
5.1347, 3.69273, 12.4984
5.1347, 3.69273, 12.4984
5.13337, 3.72114, 12.4978
5.13337, 3.72114, 12.4978
5.13161, 3.75349, 12.4974
5.13161, 3.75349, 12.4974
5.12957, 3.78734, 12.4973
5.12818, 3.81367, 12.4973
5.12818, 3.81367, 12.4973
5.12621, 3.84821, 12.4971
5.12621, 3.84821, 12.4971
5.12464, 3.87756, 12.4971
5.12317, 3.90658, 12.4972
5.12317, 3.90658, 12.4972
5.12137, 3.93934, 12.4974
5.12137, 3.93934, 12.4974
5.11946, 3.97142, 12.4978
5.1179, 3.99972, 12.4982
5.1179, 3.99972, 12.4982
5.11628, 4.03145, 12.4983
5.11467, 4.06279, 12.4986
5.11467, 4.06279, 12.4986
5.11297, 4.09386, 12.4991
5.11297, 4.09386, 12.4991
5.11105, 4.12525, 12.4991
5.11105, 4.12525, 12.4991
5.10911, 4.15579, 12.4962
5.10699, 4.1872, 12.4864
5.10699, 4.1872, 12.4864
5.10497, 4.21412, 12.4709
5.10497, 4.21412, 12.4709
5.10263, 4.24398, 12.4449
5.10039, 4.27203, 12.4148
5.10039, 4.27203, 12.4148
5.09781, 4.30192, 12.3827
5.09781, 4.30192, 12.3827
5.09515, 4.33445, 12.3469
5.09243, 4.36814, 12.3113
5.09243, 4.36814, 12.3113
5.09018, 4.39815, 12.2788
5.09018, 4.39815, 12.2788
5.08804, 4.42806, 12.2463
5.08603, 4.45743, 12.2142
5.08603, 4.45743, 12.2142
5.08395, 4.48813, 12.1827
5.08395, 4.48813, 12.1827
5.0816, 4.52184, 12.1497
5.07976, 4.55005, 12.1184
5.07976, 4.55005, 12.1184
5.07783, 4.57835, 12.0885
5.07783, 4.57835, 12.0885
5.07585, 4.6065, 12.0599
5.07402, 4.63374, 12.0292
5.07402, 4.63374, 12.0292
5.07217, 4.66388, 11.9978
5.07217, 4.66388, 11.9978
5.07049, 4.6912, 11.9682
5.06866, 4.72016, 11.9364
5.06866, 4.72016, 11.9364
5.06707, 4.74502, 11.9058
5.06707, 4.74502, 11.9058
5.06552, 4.76888, 11.875
5.06402, 4.79181, 11.8439
5.06402, 4.79181, 11.8439
5.06213, 4.82195, 11.8059
5.06213, 4.82195, 11.8059
5.06069, 4.84473, 11.7751
5.05924, 4.86788, 11.7415
5.05924, 4.86788, 11.7415
5.05773, 4.89115, 11.7054
5.05773, 4.89115, 11.7054
5.05621, 4.91347, 11.6688
5.05469, 4.93558, 11.6321
5.05469, 4.93558, 11.6321
5.05317, 4.95832, 11.5981
5.05317, 4.95832, 11.5981
5.05171, 4.97992, 11.5641
5.05047, 4.99794, 11.5328
5.05047, 4.99794, 11.5328
5.04901, 5.0199, 11.4962
5.04901, 5.0199, 11.4962
5.04773, 5.03841, 11.4625
5.0463, 5.05898, 11.4236
5.0463, 5.05898, 11.4236
5.04459, 5.07926, 11.3902
5.04459, 5.07926, 11.3902
5.0432, 5.09591, 11.3594
5.04163, 5.11514, 11.3235
5.04163, 5.11514, 11.3235
5.04001, 5.13441, 11.288
5.04001, 5.13441, 11.288
5.03874, 5.1496, 11.2572
5.03738, 5.16649, 11.2186
5.03738, 5.16649, 11.2186
5.0358, 5.18347, 11.1852
5.0358, 5.18347, 11.1852
5.03398, 5.20194, 11.1517
5.03245, 5.21837, 11.1156
5.03245, 5.21837, 11.1156
5.03107, 5.2329, 11.0825
5.03107, 5.2329, 11.0825
5.02978, 5.24656, 11.0493
5.02856, 5.25984, 11.0143
5.02856, 5.25984, 11.0143
5.0266, 5.27554, 10.9799
5.0266, 5.27554, 10.9799
5.02481, 5.28953, 10.9479
5.02481, 5.28953, 10.9479
5.02307, 5.3028, 10.9153
5.02118, 5.31695, 10.8797
5.02118, 5.31695, 10.8797
5.0197, 5.32832, 10.8472
5.0197, 5.32832, 10.8472
5.01804, 5.33987, 10.8141
5.01804, 5.33987, 10.8141
5.01529, 5.3554, 10.777
5.01327, 5.36727, 10.7442
5.01327, 5.36727, 10.7442
5.01137, 5.37869, 10.7087
5.00966, 5.38881, 10.6752
5.00966, 5.38881, 10.6752
5.00803, 5.39849, 10.6394
5.00803, 5.39849, 10.6394
5.00639, 5.40748, 10.6088
5.00639, 5.40748, 10.6088
5.0043, 5.41857, 10.5762
5.00239, 5.42893, 10.5417
5.00239, 5.42893, 10.5417
5.00064, 5.43836, 10.507
5.00064, 5.43836, 10.507
4.99877, 5.44776, 10.4749
4.99731, 5.45526, 10.4425
4.99731, 5.45526, 10.4425
4.99569, 5.46307, 10.4087
4.99569, 5.46307, 10.4087
4.99313, 5.47406, 10.3754
4.99079, 5.48398, 10.3398
4.99079, 5.48398, 10.3398
4.98912, 5.49105, 10.311
4.98912, 5.49105, 10.311
4.98757, 5.49779, 10.2766
4.98618, 5.50369, 10.2436
4.98618, 5.50369, 10.2436
4.9833, 5.51263, 10.2101
4.9833, 5.51263, 10.2101
4.98145, 5.51831, 10.1783
4.98145, 5.51831, 10.1783
4.97925, 5.52463, 10.1451
4.97722, 5.53016, 10.113
4.97722, 5.53016, 10.113
4.97535, 5.53507, 10.0786
4.97535, 5.53507, 10.0786
4.97372, 5.53923, 10.0465
4.9721, 5.5436, 10.0143
4.9721, 5.5436, 10.0143
4.96967, 5.55106, 9.97962
4.96967, 5.55106, 9.97962
4.96793, 5.55624, 9.94761
4.9664, 5.56071, 9.91549
4.9664, 5.56071, 9.91549
4.96506, 5.56449, 9.8811
4.96506, 5.56449, 9.8811
4.96389, 5.5676, 9.84681
4.96221, 5.57141, 9.81735
4.96221, 5.57141, 9.81735
4.96016, 5.57562, 9.78313
4.96016, 5.57562, 9.78313
4.95837, 5.57915, 9.75161
4.95635, 5.58284, 9.7181
4.95635, 5.58284, 9.7181
4.95501, 5.58487, 9.6841
4.95501, 5.58487, 9.6841
4.9538, 5.58654, 9.65508
4.95209, 5.58892, 9.62164
4.95209, 5.58892, 9.62164
4.94994, 5.59213, 9.59038
4.94994, 5.59213, 9.59038
4.94757, 5.59551, 9.55685
4.94594, 5.59727, 9.5254
4.94594, 5.59727, 9.5254
4.94452, 5.59844, 9.49239
4.94452, 5.59844, 9.49239
4.94364, 5.59858, 9.4626
4.94145, 5.60144, 9.42949
4.94145, 5.60144, 9.42949
4.93964, 5.60363, 9.39671
4.93964, 5.60363, 9.39671
4.93755, 5.60622, 9.3655
4.93755, 5.60622, 9.3655
4.93622, 5.60706, 9.33348
4.93509, 5.60752, 9.30231
4.93509, 5.60752, 9.30231
4.93421, 5.60721, 9.26839
4.93421, 5.60721, 9.26839
4.93245, 5.60819, 9.23641
4.93071, 5.60892, 9.20267
4.93071, 5.60892, 9.20267
4.92876, 5.61006, 9.17161
4.92876, 5.61006, 9.17161
4.92763, 5.60953, 9.13871
4.92666, 5.60873, 9.10786
4.92666, 5.60873, 9.10786
4.92585, 5.60758, 9.07761
4.92585, 5.60758, 9.07761
4.92424, 5.60759, 9.04717
4.92264, 5.60726, 9.01407
4.92264, 5.60726, 9.01407
4.92121, 5.60668, 8.98331
4.92121, 5.60668, 8.98331
4.91959, 5.60599, 8.94896
4.9186, 5.60439, 8.91666
4.9186, 5.60439, 8.91666
4.91816, 5.6019, 8.88503
4.91816, 5.6019, 8.88503
4.91637, 5.601, 8.84797
4.91475, 5.60067, 8.81864
4.91475, 5.60067, 8.81864
4.91348, 5.59958, 8.78706
4.91348, 5.59958, 8.78706
4.91249, 5.59773, 8.75336
4.91128, 5.59604, 8.72007
4.91128, 5.59604, 8.72007
4.91056, 5.5942, 8.69284
4.91056, 5.5942, 8.69284
4.909, 5.59295, 8.65842
4.90753, 5.59216, 8.63069
4.90753, 5.59216, 8.63069
4.906, 5.59063, 8.59667
4.906, 5.59063, 8.59667
4.90508, 5.58865, 8.56781
4.90443, 5.58587, 8.53634
4.90443, 5.58587, 8.53634
4.90381, 5.58359, 8.51022
4.90381, 5.58359, 8.51022
4.90244, 5.58217, 8.47922
4.90244, 5.58217, 8.47922
4.90137, 5.58023, 8.44825
4.90008, 5.57853, 8.41789
4.90008, 5.57853, 8.41789
4.89976, 5.57601, 8.39194
4.89976, 5.57601, 8.39194
4.89909, 5.573, 8.35899
4.89883, 5.56988, 8.33043
4.89883, 5.56988, 8.33043
4.89753, 5.56805, 8.30146
4.89753, 5.56805, 8.30146
4.8965, 5.56567, 8.27192
4.89512, 5.56383, 8.24488
4.89512, 5.56383, 8.24488
4.89499, 5.56004, 8.21432
4.89499, 5.56004, 8.21432
4.89416, 5.55734, 8.18684
4.89393, 5.5539, 8.15914
4.89393, 5.5539, 8.15914
4.89296, 5.55141, 8.12926
4.89296, 5.55141, 8.12926
4.89222, 5.54858, 8.10001
4.89149, 5.54607, 8.0749
4.89149, 5.54607, 8.0749
4.89113, 5.54246, 8.04548
4.89113, 5.54246, 8.04548
4.89061, 5.53889, 8.01672
4.89049, 5.53503, 7.99007
4.89049, 5.53503, 7.99007
4.88936, 5.53295, 7.96512
4.88936, 5.53295, 7.96512
4.88852, 5.5302, 7.93845
4.8877, 5.5268, 7.90768
4.8877, 5.5268, 7.90768
4.88734, 5.5234, 7.88109
4.88734, 5.5234, 7.88109
4.88722, 5.51935, 7.85231
4.88705, 5.51588, 7.82822
4.88705, 5.51588, 7.82822
4.88612, 5.51294, 7.79996
4.88612, 5.51294, 7.79996
4.88501, 5.51017, 7.77186
4.88441, 5.50727, 7.74781
4.88441, 5.50727, 7.74781
4.88427, 5.5029, 7.71738
4.88427, 5.5029, 7.71738
4.88438, 5.49916, 7.69301
4.8844, 5.49518, 7.66705
4.8844, 5.49518, 7.66705
4.88335, 5.49263, 7.64172
4.88335, 5.49263, 7.64172
4.88264, 5.48919, 7.61232
4.88264, 5.48919, 7.61232
4.88282, 5.48533, 7.58592
4.88253, 5.48171, 7.55812
4.88253, 5.48171, 7.55812
4.88266, 5.47794, 7.53259
4.88252, 5.47445, 7.50698
4.88252, 5.47445, 7.50698
4.88226, 5.47108, 7.47906
4.88226, 5.47108, 7.47906
4.88214, 5.46762, 7.45172
4.88214, 5.46762, 7.45172
4.88281, 5.44311, 7.26106
4.88273, 5.44018, 7.23534
4.88273, 5.44018, 7.23534
4.8831, 5.43651, 7.20891
4.8831, 5.43651, 7.20891
4.88313, 5.43274, 7.17903
4.88293, 5.42972, 7.15286
4.88293, 5.42972, 7.15286
4.88289, 5.42643, 7.12675
4.88289, 5.42643, 7.12675
4.8831, 5.42265, 7.09928
4.88351, 5.41859, 7.07129
4.88351, 5.41859, 7.07129
4.88378, 5.41527, 7.04824
4.88378, 5.41527, 7.04824
4.88441, 5.41086, 7.02046
4.8844, 5.40778, 6.9949
4.8844, 5.40778, 6.9949
4.88464, 5.40429, 6.96845
4.88464, 5.40429, 6.96845
4.88496, 5.40084, 6.94322
4.88538, 5.39723, 6.91817
4.88538, 5.39723, 6.91817
4.88589, 5.39347, 6.89333
4.88589, 5.39347, 6.89333
4.88645, 5.38931, 6.86484
4.8866, 5.38662, 6.84203
4.8866, 5.38662, 6.84203
4.88688, 5.38342, 6.81606
4.88688, 5.38342, 6.81606
4.88782, 5.37926, 6.7892
4.88834, 5.37588, 6.76554
4.88834, 5.37588, 6.76554
4.88914, 5.37213, 6.74155
4.88914, 5.37213, 6.74155
4.88988, 5.36846, 6.71738
4.89012, 5.3651, 6.69064
4.89012, 5.3651, 6.69064
4.89084, 5.36148, 6.66608
4.89084, 5.36148, 6.66608
4.89154, 5.35767, 6.63979
4.89207, 5.35426, 6.61576
4.89207, 5.35426, 6.61576
4.89302, 5.35008, 6.58917
4.89302, 5.35008, 6.58917
4.89382, 5.34637, 6.56476
4.89437, 5.34287, 6.53938
4.89437, 5.34287, 6.53938
4.8949, 5.33963, 6.51546
4.8949, 5.33963, 6.51546
4.89587, 5.33523, 6.48573
4.89587, 5.33523, 6.48573
4.89657, 5.33156, 6.46036
4.89864, 5.32352, 6.40772
4.89864, 5.32352, 6.40772
4.89951, 5.32011, 6.38163
4.90059, 5.31628, 6.35439
4.90059, 5.31628, 6.35439
4.90155, 5.31274, 6.32887
4.90155, 5.31274, 6.32887
4.90274, 5.30888, 6.30359
4.90416, 5.30456, 6.27642
4.90416, 5.30456, 6.27642
4.9053, 5.30107, 6.25188
4.9053, 5.30107, 6.25188
4.90646, 5.29752, 6.22524
4.90759, 5.29422, 6.20072
4.90759, 5.29422, 6.20072
4.90879, 5.29072, 6.17463
4.90879, 5.29072, 6.17463
4.91014, 5.28698, 6.14869
4.9114, 5.28341, 6.12465
4.9114, 5.28341, 6.12465
4.91284, 5.27941, 6.09862
4.91284, 5.27941, 6.09862
4.91422, 5.27571, 6.07463
4.91552, 5.27231, 6.05266
4.91552, 5.27231, 6.05266
4.9169, 5.26858, 6.02541
4.9169, 5.26858, 6.02541
4.91772, 5.26605, 6.00338
4.91892, 5.26262, 5.97553
4.91892, 5.26262, 5.97553
4.92102, 5.25677, 5.92849
4.92217, 5.2537, 5.90454
4.92327, 5.25096, 5.88084
4.92327, 5.25096, 5.88084
4.92425, 5.24845, 5.85353
4.9262, 5.24354, 5.80563
4.92748, 5.2404, 5.78019
4.92875, 5.23708, 5.75683
4.93056, 5.23015, 5.70711
4.93056, 5.23015, 5.70711
4.93132, 5.22613, 5.68604
4.93246, 5.21962, 5.66024
4.93246, 5.21962, 5.66024
4.93332, 5.21314, 5.6385
4.93332, 5.21314, 5.6385
4.93426, 5.20553, 5.61757
4.93453, 5.19755, 5.59577
4.93453, 5.19755, 5.59577
4.93477, 5.1894, 5.57617
4.93477, 5.1894, 5.57617
4.93508, 5.18031, 5.55713
4.93557, 5.16942, 5.53737
4.93557, 5.16942, 5.53737
4.93605, 5.15881, 5.51995
4.93678, 5.13651, 5.48657
4.9365, 5.12544, 5.46952
4.9365, 5.12544, 5.46952
4.93647, 5.1141, 5.45425
4.93659, 5.0886, 5.42416
4.93659, 5.0886, 5.42416
4.93659, 5.0886, 5.42416
4.93669, 5.07574, 5.41052
4.93669, 5.07574, 5.41052
4.93586, 5.04997, 5.38356
4.93566, 5.0354, 5.3702
4.93566, 5.0354, 5.3702
4.93543, 5.02286, 5.35929
4.93533, 5.00787, 5.34703
4.93533, 5.00787, 5.34703
4.93528, 4.99331, 5.33574
4.93528, 4.99331, 5.33574
4.93451, 4.97703, 5.3232
4.93411, 4.96344, 5.31361
4.93411, 4.96344, 5.31361
4.93332, 4.94795, 5.30299
4.9326, 4.91485, 5.28246
4.9326, 4.91485, 5.28246
4.93233, 4.89952, 5.27338
4.93233, 4.89952, 5.27338
4.93092, 4.88374, 5.26423
4.92983, 4.86741, 5.25542
4.92983, 4.86741, 5.25542
4.92885, 4.85331, 5.24817
4.92885, 4.85331, 5.24817
4.9278, 4.83455, 5.23933
4.9278, 4.83455, 5.23933
4.92645, 4.80334, 5.22577
4.92479, 4.78622, 5.21876
4.92479, 4.78622, 5.21876
4.92266, 4.75041, 5.20532
4.92082, 4.71438, 5.19351
4.92082, 4.71438, 5.19351
4.91975, 4.69722, 5.18851
4.91842, 4.67846, 5.18326
4.91842, 4.67846, 5.18326
4.91611, 4.6451, 5.17508
4.91611, 4.6451, 5.17508
4.91517, 4.6263, 5.17021
4.91328, 4.5861, 5.16012
4.91328, 4.5861, 5.16012
4.91187, 4.56918, 5.15639
4.91063, 4.55113, 5.15272
4.91063, 4.55113, 5.15272
4.90929, 4.53017, 5.14876
4.90839, 4.51167, 5.1453
4.9063, 4.4747, 5.13819
4.90469, 4.45371, 5.13503
4.90356, 4.43485, 5.13255
4.90356, 4.43485, 5.13255
4.90254, 4.41587, 5.13045
4.90254, 4.41587, 5.13045
4.90166, 4.3962, 5.12854
4.90166, 4.3962, 5.12854
4.90094, 4.37567, 5.12666
4.89831, 4.33767, 5.12412
4.89831, 4.33767, 5.12412
4.89714, 4.3155, 5.12203
4.8958, 4.29581, 5.12126
4.8958, 4.29581, 5.12126
4.89488, 4.27529, 5.12004
4.89488, 4.27529, 5.12004
4.89408, 4.25564, 5.11891
4.89294, 4.2366, 5.11813
4.89294, 4.2366, 5.11813
4.89078, 4.19595, 5.11606
4.89078, 4.19595, 5.11606
4.8896, 4.1744, 5.11544
4.88898, 4.15507, 5.11395
4.88898, 4.15507, 5.11395
4.88798, 4.13393, 5.11322
4.88798, 4.13393, 5.11322
4.88504, 4.09238, 5.11061
4.88389, 4.0707, 5.10838
4.88389, 4.0707, 5.10838
4.88188, 4.03009, 5.10493
4.88105, 4.00987, 5.10364
4.87981, 3.98753, 5.10228
4.87872, 3.96858, 5.10158
4.87748, 3.94756, 5.10114
4.87748, 3.94756, 5.10114
4.8765, 3.92494, 5.09984
4.8765, 3.92494, 5.09984
4.87551, 3.90514, 5.09942
4.87477, 3.88469, 5.09796
4.87477, 3.88469, 5.09796
4.87342, 3.86066, 5.09715
4.87342, 3.86066, 5.09715
4.87259, 3.84008, 5.09581
4.87152, 3.81922, 5.09562
4.87152, 3.81922, 5.09562
4.87071, 3.79688, 5.09469
4.87071, 3.79688, 5.09469
4.86913, 3.75503, 5.09353
4.86797, 3.7317, 5.09284
4.86797, 3.7317, 5.09284
4.86697, 3.70996, 5.09247
4.86507, 3.66485, 5.09218
4.86438, 3.64473, 5.09201
4.86363, 3.61976, 5.09127
4.86257, 3.59745, 5.09169
4.86257, 3.59745, 5.09169
4.8618, 3.57544, 5.09149
4.8618, 3.57544, 5.09149
4.86114, 3.55511, 5.0914
4.86053, 3.52983, 5.09068
4.86001, 3.5094, 5.09035
4.85828, 3.46157, 5.08962
4.85742, 3.43921, 5.0892
4.85675, 3.41875, 5.08842
4.85675, 3.41875, 5.08842
4.85578, 3.39291, 5.08815
4.85503, 3.3706, 5.08777
4.85413, 3.34641, 5.08724
4.85322, 3.3236, 5.08659
4.85322, 3.3236, 5.08659
4.85224, 3.3006, 5.08647
4.85141, 3.27629, 5.08561
4.85141, 3.27629, 5.08561
4.85068, 3.25385, 5.08507
4.85068, 3.25385, 5.08507
4.84997, 3.23127, 5.08468
4.84997, 3.23127, 5.08468
4.84922, 3.20821, 5.08436
4.84825, 3.18331, 5.08442
4.84825, 3.18331, 5.08442
4.84751, 3.16077, 5.08403
4.84751, 3.16077, 5.08403
4.8468, 3.13637, 5.08342
4.8462, 3.11536, 5.08317
4.8462, 3.11536, 5.08317
4.84562, 3.09257, 5.08273
4.84562, 3.09257, 5.08273
4.84497, 3.06616, 5.08235
4.84442, 3.04341, 5.08185
4.84442, 3.04341, 5.08185
4.84336, 2.99632, 5.08047
4.84285, 2.97348, 5.07984
4.84285, 2.97348, 5.07984
4.84234, 2.94895, 5.07888
4.84234, 2.94895, 5.07888
4.84194, 2.92768, 5.07831
4.84146, 2.90214, 5.07807
4.84146, 2.90214, 5.07807
4.84108, 2.87885, 5.07771
4.84108, 2.87885, 5.07771
4.84071, 2.85592, 5.07691
4.84031, 2.82878, 5.07679
4.84031, 2.82878, 5.07679
4.84, 2.80558, 5.07627
4.84, 2.80558, 5.07627
4.83934, 2.75911, 5.07559
4.83902, 2.73575, 5.07541
4.83902, 2.73575, 5.07541
4.83869, 2.7101, 5.07502
4.83838, 2.68549, 5.07408
4.83838, 2.68549, 5.07408
4.83807, 2.66202, 5.073
4.83807, 2.66202, 5.073
4.83771, 2.63874, 5.07147
4.83735, 2.61337, 5.07053
4.83735, 2.61337, 5.07053
4.83705, 2.588, 5.06984
4.83705, 2.588, 5.06984
4.83679, 2.56461, 5.06927
4.83628, 2.51598, 5.06902
4.83628, 2.51598, 5.06902
4.83605, 2.46775, 5.06802
4.83604, 2.44239, 5.06783
4.83591, 2.39562, 5.06683
4.83591, 2.39562, 5.06683
4.83592, 2.34698, 5.06554
4.83592, 2.34698, 5.06554
4.83641, 2.32278, 5.06554
4.83667, 2.29879, 5.06517
4.83667, 2.29879, 5.06517
4.83705, 2.27498, 5.06476
4.83705, 2.27498, 5.06476
4.83721, 2.24943, 5.06401
4.83735, 2.22246, 5.0633
4.83735, 2.22246, 5.0633
4.83762, 2.20007, 5.06277
4.83762, 2.20007, 5.06277
4.83817, 2.17551, 5.06253
4.83884, 2.14897, 5.0626
4.83884, 2.14897, 5.0626
4.83923, 2.12326, 5.06221
4.83985, 2.07456, 5.06176
4.83985, 2.07456, 5.06176
4.84042, 2.04802, 5.06148
4.84173, 1.99646, 5.0616
4.84173, 1.99646, 5.0616
4.84216, 1.97221, 5.06165
4.84216, 1.97221, 5.06165
4.84251, 1.94618, 5.06148
4.8428, 1.92145, 5.06132
4.8428, 1.92145, 5.06132
4.84363, 1.89519, 5.06134
4.84363, 1.89519, 5.06134
4.84459, 1.84551, 5.05986
4.84563, 1.79256, 5.05864
4.8458, 1.76975, 5.05785
4.8458, 1.76975, 5.05785
4.8469, 1.74077, 5.05769
4.8469, 1.74077, 5.05769
4.84833, 1.68908, 5.05645
4.84945, 1.64121, 5.05515
4.84983, 1.61441, 5.05418
4.85047, 1.5877, 5.05334
4.85141, 1.56256, 5.05315
4.85235, 1.51123, 5.05253
4.85269, 1.48623, 5.05259
4.85312, 1.45966, 5.05313
4.85397, 1.43635, 5.05364
4.85397, 1.43635, 5.05364
4.85461, 1.40881, 5.05391
4.85461, 1.40881, 5.05391
4.85518, 1.38424, 5.05435
4.85556, 1.35722, 5.05467
4.85556, 1.35722, 5.05467
4.85619, 1.30596, 5.0555
4.85702, 1.27867, 5.05589
4.85702, 1.27867, 5.05589
4.85832, 1.2512, 5.05672
4.85832, 1.2512, 5.05672
4.85917, 1.22597, 5.05716
4.85994, 1.20087, 5.05758
4.85994, 1.20087, 5.05758
4.86059, 1.17554, 5.0579
4.86292, 1.12044, 5.05819
4.86292, 1.12044, 5.05819
4.86414, 1.09477, 5.05833
4.86414, 1.09477, 5.05833
4.86484, 1.06936, 5.05805
4.8662, 1.0425, 5.05874
4.8662, 1.0425, 5.05874
4.86704, 1.01515, 5.05878
4.86785, 0.992052, 5.05925
4.86982, 0.962754, 5.05988
4.87116, 0.935915, 5.06029
4.87189, 0.910321, 5.06016
4.87325, 0.88427, 5.06083
4.87407, 0.858396, 5.06093
4.87504, 0.832503, 5.0611
4.87793, 0.77683, 5.06118
4.8796, 0.749375, 5.06172
4.88163, 0.695566, 5.06146
4.88163, 0.695566, 5.06146
4.88281, 0.669661, 5.06132
4.88281, 0.669661, 5.06132
4.88638, 0.617666, 5.06147
4.88788, 0.591741, 5.06167
4.88788, 0.591741, 5.06167
4.88961, 0.565511, 5.06241
4.89072, 0.538791, 5.06239
4.89072, 0.538791, 5.06239
4.89198, 0.510952, 5.06226
4.89198, 0.510952, 5.06226
4.89402, 0.483402, 5.06213
4.89402, 0.483402, 5.06213
4.89587, 0.458982, 5.06236
4.8975, 0.432981, 5.06248
4.8975, 0.432981, 5.06248
4.89888, 0.405098, 5.06241
4.89888, 0.405098, 5.06241
4.90048, 0.377083, 5.0629
4.90189, 0.352958, 5.06323
4.90189, 0.352958, 5.06323
4.90403, 0.324538, 5.06327
4.90403, 0.324538, 5.06327
4.90596, 0.29819, 5.06343
4.90817, 0.269811, 5.06389
4.90817, 0.269811, 5.06389
4.91091, 0.217333, 5.06362
4.91232, 0.188974, 5.0632
4.91232, 0.188974, 5.0632
4.91459, 0.16029, 5.0628
4.91459, 0.16029, 5.0628
4.91849, 0.107467, 5.06153
4.92015, 0.0809205, 5.06053
4.92015, 0.0809205, 5.06053
4.92164, 0.0544278, 5.05964
4.92374, 0.0256954, 5.05892
4.92374, 0.0256954, 5.05892
4.92632, -0.00304347, 5.05806
4.93078, -0.0545213, 5.05704
4.93316, -0.0834059, 5.05676
4.93478, -0.112163, 5.05602
4.93686, -0.140679, 5.05548
4.93686, -0.140679, 5.05548
4.93933, -0.167714, 5.05493
4.93933, -0.167714, 5.05493
4.94156, -0.19361, 5.05445
4.944, -0.222594, 5.05413
4.944, -0.222594, 5.05413
4.94564, -0.249481, 5.05362
4.94564, -0.249481, 5.05362
4.94876, -0.305057, 5.05201
4.95145, -0.333973, 5.05118
4.95145, -0.333973, 5.05118
4.95385, -0.358879, 5.05069
4.95581, -0.389543, 5.05003
4.95581, -0.389543, 5.05003
4.9576, -0.415736, 5.04988
4.96095, -0.469818, 5.04896
4.96095, -0.469818, 5.04896
4.96237, -0.500997, 5.04645
4.96237, -0.500997, 5.04645
4.96328, -0.527717, 5.04458
4.96495, -0.552027, 5.04325
4.96495, -0.552027, 5.04325
4.96716, -0.581316, 5.0418
4.96716, -0.581316, 5.0418
4.97087, -0.635849, 5.0397
4.9724, -0.664147, 5.03833
4.97379, -0.688554, 5.03748
4.97828, -0.743034, 5.03631
4.9803, -0.769361, 5.03586
4.9803, -0.769361, 5.03586
4.98253, -0.799401, 5.03533
4.98402, -0.825664, 5.03446
4.98402, -0.825664, 5.03446
4.98703, -0.880448, 5.03282
4.9893, -0.904263, 5.03238
4.9893, -0.904263, 5.03238
4.99289, -0.95666, 5.03164
4.99429, -0.984927, 5.03117
4.99429, -0.984927, 5.03117
4.99818, -1.03848, 5.03044
5.00124, -1.06917, 5.03004
5.00124, -1.06917, 5.03004
5.00341, -1.09377, 5.02994
5.00341, -1.09377, 5.02994
5.00529, -1.1204, 5.02988
5.00529, -1.1204, 5.02988
5.00825, -1.17526, 5.0297
5.01063, -1.20329, 5.0296
5.01063, -1.20329, 5.0296
5.01267, -1.23267, 5.02908
5.01267, -1.23267, 5.02908
5.01446, -1.25737, 5.02836
5.01638, -1.28577, 5.02775
5.01638, -1.28577, 5.02775
5.01752, -1.31548, 5.02706
5.0189, -1.34246, 5.02665
5.0211, -1.37138, 5.02631
5.02309, -1.39828, 5.02614
5.02309, -1.39828, 5.02614
5.02484, -1.42311, 5.02618
5.02484, -1.42311, 5.02618
5.02663, -1.45323, 5.02637
5.02914, -1.50729, 5.02626
5.03133, -1.53617, 5.02512
5.03501, -1.5924, 5.02275
5.03501, -1.5924, 5.02275
5.03655, -1.61733, 5.02208
5.03655, -1.61733, 5.02208
5.03783, -1.64648, 5.02165
5.04023, -1.67429, 5.02168
5.04023, -1.67429, 5.02168
5.04229, -1.70142, 5.0216
5.04229, -1.70142, 5.0216
5.04922, -1.75633, 5.02229
5.05316, -1.78335, 5.02275
5.06437, -1.83531, 5.02441
5.07128, -1.85741, 5.02529
5.08032, -1.88235, 5.02619
5.08918, -1.90465, 5.0269
5.08918, -1.90465, 5.0269
5.09955, -1.92787, 5.02765
5.09955, -1.92787, 5.02765
5.11006, -1.94856, 5.02844
5.12132, -1.96886, 5.02932
5.12132, -1.96886, 5.02932
5.13405, -1.9901, 5.03009
5.13405, -1.9901, 5.03009
5.14655, -2.00916, 5.03089
5.16051, -2.02885, 5.03184
5.17365, -2.04647, 5.03201
5.18631, -2.06239, 5.03255
5.2014, -2.08042, 5.03301
5.2014, -2.08042, 5.03301
5.21725, -2.09847, 5.03352
5.21725, -2.09847, 5.03352
5.23232, -2.11482, 5.03395
5.23232, -2.11482, 5.03395
5.24789, -2.1311, 5.03474
5.26455, -2.14784, 5.03515
5.26455, -2.14784, 5.03515
5.28024, -2.16311, 5.03546
5.28024, -2.16311, 5.03546
5.29816, -2.17952, 5.03566
5.31699, -2.19612, 5.03602
5.31699, -2.19612, 5.03602
5.33213, -2.20913, 5.0363
5.33213, -2.20913, 5.0363
5.35169, -2.22546, 5.03633
5.36909, -2.23961, 5.03648
5.36909, -2.23961, 5.03648
5.38781, -2.25441, 5.03659
5.38781, -2.25441, 5.03659
5.40485, -2.26727, 5.03677
5.42391, -2.2811, 5.03678
5.42391, -2.2811, 5.03678
5.46501, -2.30993, 5.03648
5.48401, -2.32291, 5.03612
5.48401, -2.32291, 5.03612
5.50436, -2.33659, 5.03547
5.50436, -2.33659, 5.03547
5.52588, -2.35054, 5.03485
5.54614, -2.36332, 5.03432
5.54614, -2.36332, 5.03432
5.56624, -2.37591, 5.03367
5.56624, -2.37591, 5.03367
5.58608, -2.38819, 5.03307
5.60745, -2.40125, 5.03249
5.60745, -2.40125, 5.03249
5.6272, -2.41312, 5.03203
5.6272, -2.41312, 5.03203
5.65091, -2.42626, 5.03162
5.65091, -2.42626, 5.03162
5.67395, -2.43893, 5.03103
5.69522, -2.4505, 5.03044
5.69522, -2.4505, 5.03044
5.71623, -2.46184, 5.02994
5.71623, -2.46184, 5.02994
5.73872, -2.47393, 5.02931
5.75957, -2.48506, 5.02867
5.75957, -2.48506, 5.02867
5.78168, -2.49628, 5.02801
5.80646, -2.50845, 5.0271
5.80646, -2.50845, 5.0271
5.8287, -2.51938, 5.0257
5.8287, -2.51938, 5.0257
5.85007, -2.53, 5.02431
5.85007, -2.53, 5.02431
5.87407, -2.54158, 5.02261
5.89577, -2.5521, 5.02125
5.89577, -2.5521, 5.02125
5.92111, -2.56374, 5.01963
5.92111, -2.56374, 5.01963
5.94437, -2.57449, 5.01841
5.96673, -2.5848, 5.0173
5.96673, -2.5848, 5.0173
5.98929, -2.59521, 5.01633
5.98929, -2.59521, 5.01633
6.01315, -2.60623, 5.01537
6.05851, -2.62648, 5.01328
6.10756, -2.64731, 5.01138
6.10756, -2.64731, 5.01138
6.12935, -2.65679, 5.01095
6.17937, -2.67805, 5.0105
6.17937, -2.67805, 5.0105
6.20301, -2.68745, 5.01044
6.20301, -2.68745, 5.01044
6.22888, -2.69738, 5.0101
6.25085, -2.70595, 5.00969
6.25085, -2.70595, 5.00969
6.27627, -2.71582, 5.00911
6.27627, -2.71582, 5.00911
6.29869, -2.72484, 5.0086
6.32251, -2.73374, 5.0079
6.34837, -2.74308, 5.00734
6.37401, -2.75237, 5.00674
6.39731, -2.76073, 5.00597
6.39731, -2.76073, 5.00597
6.42285, -2.76977, 5.00498
6.42285, -2.76977, 5.00498
6.44472, -2.77786, 5.00443
6.44472, -2.77786, 5.00443
6.46839, -2.78642, 5.00374
6.49224, -2.79443, 5.00308
6.49224, -2.79443, 5.00308
6.51968, -2.80332, 5.00227
6.51968, -2.80332, 5.00227
6.54376, -2.81135, 5.00185
6.56728, -2.81923, 5.00161
6.59247, -2.82775, 5.00118
6.61811, -2.83634, 5.00058
6.64405, -2.84435, 4.99973
6.64405, -2.84435, 4.99973
6.66894, -2.85235, 4.99825
6.66894, -2.85235, 4.99825
6.69497, -2.86078, 4.99639
6.74089, -2.87549, 4.99229
6.74089, -2.87549, 4.99229
6.76903, -2.8844, 4.98984
6.81935, -2.89955, 4.98645
6.81935, -2.89955, 4.98645
6.84659, -2.90764, 4.98424
6.84659, -2.90764, 4.98424
6.89746, -2.92317, 4.98147
6.92082, -2.92991, 4.98018
6.92082, -2.92991, 4.98018
6.95081, -2.93827, 4.97889
6.97381, -2.94498, 4.97846
6.97381, -2.94498, 4.97846
7.00078, -2.95271, 4.97773
7.00078, -2.95271, 4.97773
7.02775, -2.96026, 4.97614
7.05025, -2.96684, 4.97549
7.05025, -2.96684, 4.97549
7.07869, -2.97475, 4.9741
7.07869, -2.97475, 4.9741
7.12732, -2.98774, 4.97191
7.15621, -2.99524, 4.97024
7.15621, -2.99524, 4.97024
7.17876, -3.00133, 4.96948
7.20391, -3.00783, 4.96751
7.20391, -3.00783, 4.96751
7.25872, -3.02149, 4.96489
7.28266, -3.02718, 4.96375
7.28266, -3.02718, 4.96375
7.31029, -3.03376, 4.96239
7.31029, -3.03376, 4.96239
7.33717, -3.04047, 4.9618
7.33717, -3.04047, 4.9618
7.36382, -3.04713, 4.96119
7.38946, -3.05307, 4.96004
7.38946, -3.05307, 4.96004
7.41616, -3.05859, 4.95875
7.44355, -3.06477, 4.95833
7.44355, -3.06477, 4.95833
7.46668, -3.07012, 4.9583
7.46668, -3.07012, 4.9583
7.52144, -3.08235, 4.9582
7.54518, -3.08706, 4.95828
7.54518, -3.08706, 4.95828
7.57089, -3.09177, 4.95851
7.6005, -3.09712, 4.95898
7.6005, -3.09712, 4.95898
7.65137, -3.10674, 4.96044
7.67845, -3.11205, 4.96045
7.67845, -3.11205, 4.96045
7.70203, -3.11603, 4.96036
7.70203, -3.11603, 4.96036
7.72795, -3.12016, 4.96052
7.72795, -3.12016, 4.96052
7.75674, -3.12505, 4.96089
7.7844, -3.12934, 4.96101
7.7844, -3.12934, 4.96101
7.80745, -3.13344, 4.96152
7.86325, -3.14198, 4.96206
7.86325, -3.14198, 4.96206
7.89015, -3.14636, 4.96278
7.89015, -3.14636, 4.96278
7.91649, -3.14984, 4.96312
7.94388, -3.15406, 4.96336
7.94388, -3.15406, 4.96336
7.96762, -3.1576, 4.9633
7.96762, -3.1576, 4.9633
7.99506, -3.16195, 4.96358
8.02082, -3.16564, 4.96382
8.04694, -3.16911, 4.96409
8.07325, -3.17269, 4.96445
8.07325, -3.17269, 4.96445
8.10108, -3.17635, 4.96469
8.12895, -3.18048, 4.96475
8.12895, -3.18048, 4.96475
8.15292, -3.18393, 4.96435
8.18124, -3.18774, 4.96427
8.18124, -3.18774, 4.96427
8.23788, -3.1943, 4.96352
8.2907, -3.20099, 4.96278
8.2907, -3.20099, 4.96278
8.31862, -3.20467, 4.96271
8.31862, -3.20467, 4.96271
8.34525, -3.20732, 4.96259
8.37, -3.20949, 4.96227
8.37, -3.20949, 4.96227
8.40154, -3.21248, 4.96187
8.40154, -3.21248, 4.96187
8.42521, -3.21515, 4.96194
8.45348, -3.21827, 4.96195
8.45348, -3.21827, 4.96195
8.47987, -3.22085, 4.96148
8.50626, -3.22289, 4.96131
8.50626, -3.22289, 4.96131
8.53466, -3.22503, 4.96115
8.53466, -3.22503, 4.96115
8.58744, -3.2286, 4.96071
8.61761, -3.23135, 4.96094
8.61761, -3.23135, 4.96094
8.64181, -3.23334, 4.96086
8.64181, -3.23334, 4.96086
8.67026, -3.23522, 4.96101
8.72538, -3.23866, 4.9614
8.77957, -3.24214, 4.96213
8.77957, -3.24214, 4.96213
8.80815, -3.24439, 4.96267
8.8599, -3.24697, 4.96351
8.88852, -3.24872, 4.9641
8.91543, -3.25005, 4.96453
8.94594, -3.2523, 4.96523
8.94594, -3.2523, 4.96523
8.97062, -3.25394, 4.96559
8.97062, -3.25394, 4.96559
9.02599, -3.25598, 4.96639
9.05466, -3.2567, 4.96663
9.05466, -3.2567, 4.96663
9.08289, -3.25799, 4.96713
9.10918, -3.25916, 4.96748
9.10918, -3.25916, 4.96748
9.13569, -3.26043, 4.96786
9.13569, -3.26043, 4.96786
9.16241, -3.26049, 4.96827
9.18907, -3.26072, 4.96852
9.18907, -3.26072, 4.96852
9.21895, -3.26135, 4.96872
9.21895, -3.26135, 4.96872
9.27344, -3.26215, 4.96858
9.29985, -3.26287, 4.96857
9.29985, -3.26287, 4.96857
9.32577, -3.26223, 4.96809
9.32577, -3.26223, 4.96809
9.38297, -3.26136, 4.96712
9.40966, -3.26087, 4.96615
9.40966, -3.26087, 4.96615
9.43434, -3.26122, 4.96609
9.46649, -3.26135, 4.96577
9.46649, -3.26135, 4.96577
9.4907, -3.26024, 4.96553
9.4907, -3.26024, 4.96553
9.5169, -3.25945, 4.96546
9.54717, -3.25906, 4.96557
9.54717, -3.25906, 4.96557
9.57382, -3.25865, 4.96552
9.57382, -3.25865, 4.96552
9.60049, -3.25876, 4.96578
9.6289, -3.25827, 4.96549
9.6289, -3.25827, 4.96549
9.8216, -3.25111, 4.95952
9.84808, -3.2491, 4.95829
9.87495, -3.24832, 4.95813
9.89962, -3.2471, 4.95738
9.89962, -3.2471, 4.95738
9.92849, -3.24612, 4.95676
9.92849, -3.24612, 4.95676
9.98571, -3.24212, 4.95443
10.0368, -3.23938, 4.95378
10.0675, -3.23765, 4.95329
10.0675, -3.23765, 4.95329
10.0944, -3.23646, 4.95298
10.149, -3.23279, 4.95226
10.1777, -3.2307, 4.95203
10.2038, -3.22827, 4.95118
10.2305, -3.22648, 4.95088
10.2305, -3.22648, 4.95088
10.2572, -3.22476, 4.95061
10.2572, -3.22476, 4.95061
10.284, -3.22276, 4.95044
10.313, -3.21984, 4.95046
10.313, -3.21984, 4.95046
10.3391, -3.21712, 4.95041
10.3391, -3.21712, 4.95041
10.3654, -3.21461, 4.9503
10.3936, -3.21177, 4.95007
10.3936, -3.21177, 4.95007
10.4203, -3.20955, 4.95021
10.4203, -3.20955, 4.95021
10.4487, -3.20624, 4.94986
10.4749, -3.20276, 4.94969
10.4749, -3.20276, 4.94969
10.5294, -3.19629, 4.94773
10.5294, -3.19629, 4.94773
10.5848, -3.19037, 4.94524
10.6096, -3.18773, 4.94371
10.6678, -3.182, 4.94023
10.6678, -3.182, 4.94023
10.6959, -3.17865, 4.93889
10.6959, -3.17865, 4.93889
10.7194, -3.17493, 4.93749
10.7474, -3.17115, 4.93659
10.7474, -3.17115, 4.93659
10.7734, -3.16768, 4.93559
10.7734, -3.16768, 4.93559
10.8016, -3.16421, 4.93495
10.8276, -3.16063, 4.93266
10.8276, -3.16063, 4.93266
10.8515, -3.15754, 4.9321
10.8515, -3.15754, 4.9321
10.8799, -3.1519, 4.93066
10.9299, -3.14324, 4.92938
10.9299, -3.14324, 4.92938
10.9577, -3.13895, 4.92918
10.9844, -3.13489, 4.92907
10.9844, -3.13489, 4.92907
11.0099, -3.13059, 4.92894
11.0099, -3.13059, 4.92894
11.0358, -3.12435, 4.92857
11.0601, -3.11865, 4.92821
11.0601, -3.11865, 4.92821
11.0853, -3.11373, 4.9285
11.0853, -3.11373, 4.9285
11.113, -3.10874, 4.9289
11.1371, -3.10473, 4.92927
11.1371, -3.10473, 4.92927
11.166, -3.09841, 4.92908
11.166, -3.09841, 4.92908
11.1886, -3.09256, 4.92913
11.2136, -3.08673, 4.92925
11.2388, -3.08106, 4.9289
11.2684, -3.07498, 4.92919
11.294, -3.06953, 4.92942
11.294, -3.06953, 4.92942
11.3188, -3.06282, 4.92926
11.3188, -3.06282, 4.92926
11.346, -3.05639, 4.93021
11.3701, -3.04895, 4.93018
11.3701, -3.04895, 4.93018
11.4199, -3.03627, 4.93126
11.4482, -3.02969, 4.93191
11.4482, -3.02969, 4.93191
11.4981, -3.01472, 4.93206
11.5229, -3.00823, 4.93263
11.5229, -3.00823, 4.93263
11.549, -3.00022, 4.93196
11.549, -3.00022, 4.93196
11.5746, -2.99327, 4.93136
11.5746, -2.99327, 4.93136
11.5999, -2.98652, 4.93073
11.6246, -2.97859, 4.93016
11.6246, -2.97859, 4.93016
11.6523, -2.969, 4.92933
11.6772, -2.96191, 4.92961
11.7286, -2.94589, 4.92952
11.7286, -2.94589, 4.92952
11.7815, -2.92843, 4.95086
11.8074, -2.91932, 4.97665
11.8074, -2.91932, 4.97665
11.8604, -2.90112, 5.04152
11.8859, -2.89316, 5.07305
11.8859, -2.89316, 5.07305
11.9136, -2.885, 5.10664
11.9136, -2.885, 5.10664
11.9348, -2.87676, 5.13273
11.9596, -2.8681, 5.16113
11.9596, -2.8681, 5.16113
11.9844, -2.85975, 5.18764
11.9844, -2.85975, 5.18764
12.0053, -2.85258, 5.2076
12.0297, -2.84484, 5.23101
12.0297, -2.84484, 5.23101
12.054, -2.83741, 5.2532
12.054, -2.83741, 5.2532
12.0737, -2.83011, 5.26947
12.096, -2.82057, 5.28935
12.096, -2.82057, 5.28935
12.1186, -2.81233, 5.31312
12.1186, -2.81233, 5.31312
12.1376, -2.80521, 5.33367
12.1617, -2.79736, 5.36292
12.1617, -2.79736, 5.36292
12.1805, -2.791, 5.38587
12.1805, -2.791, 5.38587
12.2, -2.78309, 5.41208
12.222, -2.7736, 5.44284
12.222, -2.7736, 5.44284
12.2419, -2.76595, 5.47153
12.2419, -2.76595, 5.47153
12.2591, -2.75926, 5.49658
12.2591, -2.75926, 5.49658
12.2794, -2.75224, 5.52717
12.2988, -2.74458, 5.55751
12.2988, -2.74458, 5.55751
12.3161, -2.73661, 5.58696
12.3323, -2.7302, 5.61513
12.3323, -2.7302, 5.61513
12.3515, -2.72167, 5.64994
12.3515, -2.72167, 5.64994
12.3682, -2.71492, 5.68065
12.3861, -2.70817, 5.71356
12.3861, -2.70817, 5.71356
12.4025, -2.70207, 5.74366
12.4025, -2.70207, 5.74366
12.4173, -2.69385, 5.77373
12.4324, -2.68654, 5.80465
12.4324, -2.68654, 5.80465
12.4486, -2.67937, 5.83828
12.4486, -2.67937, 5.83828
12.4629, -2.67225, 5.86951
12.4787, -2.66595, 5.90373
12.4787, -2.66595, 5.90373
12.4931, -2.6603, 5.93563
12.4931, -2.6603, 5.93563
12.5066, -2.65311, 5.96845
12.5192, -2.64564, 6.0004
12.5192, -2.64564, 6.0004
12.5323, -2.63939, 6.03279
12.5323, -2.63939, 6.03279
12.5461, -2.63336, 6.06754
12.5461, -2.63336, 6.06754
12.5581, -2.62806, 6.09895
12.5702, -2.62299, 6.13138
12.5702, -2.62299, 6.13138
12.5817, -2.61522, 6.16607
12.5817, -2.61522, 6.16607
12.594, -2.60878, 6.20166
12.6047, -2.60302, 6.23344
12.6047, -2.60302, 6.23344
12.6173, -2.59655, 6.27159
12.6173, -2.59655, 6.27159
12.6274, -2.59232, 6.30189
12.6389, -2.58742, 6.33755
12.6389, -2.58742, 6.33755
12.6483, -2.58211, 6.36816
12.6483, -2.58211, 6.36816
12.6592, -2.57576, 6.40487
12.6692, -2.5692, 6.44033
12.6692, -2.5692, 6.44033
12.6781, -2.56414, 6.47161
12.6781, -2.56414, 6.47161
12.6874, -2.55929, 6.50491
12.6974, -2.5529, 6.5434
12.6974, -2.5529, 6.5434
12.7058, -2.54782, 6.57636
12.7058, -2.54782, 6.57636
12.713, -2.54229, 6.60712
12.713, -2.54229, 6.60712
12.7218, -2.53603, 6.645
12.7288, -2.53137, 6.67476
12.7288, -2.53137, 6.67476
12.7371, -2.52676, 6.70898
12.7371, -2.52676, 6.70898
12.7444, -2.52224, 6.74049
12.7515, -2.51595, 6.77503
12.7515, -2.51595, 6.77503
12.7582, -2.51112, 6.8076
12.7582, -2.51112, 6.8076
12.7647, -2.50669, 6.84009
12.7723, -2.50232, 6.87771
12.7723, -2.50232, 6.87771
12.7784, -2.4986, 6.90976
12.7784, -2.4986, 6.90976
12.7849, -2.49461, 6.94531
12.7901, -2.48988, 6.97865
12.7901, -2.48988, 6.97865
12.795, -2.48488, 7.01198
12.795, -2.48488, 7.01198
12.8006, -2.48084, 7.04753
12.8056, -2.47726, 7.0805
12.8056, -2.47726, 7.0805
12.8105, -2.474, 7.11328
12.8105, -2.474, 7.11328
12.8149, -2.47032, 7.14647
12.8193, -2.46626, 7.1821
12.8193, -2.46626, 7.1821
12.8233, -2.46203, 7.21788
12.8233, -2.46203, 7.21788
12.8272, -2.45887, 7.25113
12.8308, -2.4565, 7.28128
12.8308, -2.4565, 7.28128
12.835, -2.45322, 7.31835
12.835, -2.45322, 7.31835
12.8385, -2.44914, 7.35083
12.8385, -2.44914, 7.35083
12.8418, -2.44545, 7.38137
12.8456, -2.4426, 7.41594
12.8456, -2.4426, 7.41594
12.8488, -2.43895, 7.44776
12.8488, -2.43895, 7.44776
12.8523, -2.43614, 7.4821
12.8554, -2.4333, 7.51421
12.8554, -2.4333, 7.51421
12.8583, -2.43052, 7.54532
12.8583, -2.43052, 7.54532
12.8611, -2.42726, 7.58013
12.8637, -2.42437, 7.61225
12.8637, -2.42437, 7.61225
12.8662, -2.42179, 7.64484
12.8662, -2.42179, 7.64484
12.8715, -2.41717, 7.71436
12.8738, -2.41491, 7.74667
12.8738, -2.41491, 7.74667
12.876, -2.41231, 7.77968
12.8782, -2.41052, 7.81238
12.8782, -2.41052, 7.81238
12.8806, -2.40796, 7.85064
12.8806, -2.40796, 7.85064
12.8824, -2.4062, 7.88141
12.8843, -2.4047, 7.91422
12.8843, -2.4047, 7.91422
12.8862, -2.4028, 7.95257
12.8862, -2.4028, 7.95257
12.8874, -2.40053, 7.98225
12.8874, -2.40053, 7.98225
12.889, -2.39803, 8.02087
12.8902, -2.39633, 8.05148
12.8902, -2.39633, 8.05148
12.8915, -2.39486, 8.08417
12.8915, -2.39486, 8.08417
12.8928, -2.39332, 8.1181
12.8935, -2.39199, 8.14751
12.8935, -2.39199, 8.14751
12.8943, -2.39044, 8.18218
12.8943, -2.39044, 8.18218
12.8949, -2.3891, 8.21303
12.8949, -2.3891, 8.21303
12.8957, -2.38769, 8.25072
12.8962, -2.38678, 8.28331
12.8962, -2.38678, 8.28331
12.8968, -2.38604, 8.31625
12.8967, -2.38497, 8.34704
12.8967, -2.38497, 8.34704
12.8965, -2.3837, 8.38656
12.8965, -2.3837, 8.38656
12.8966, -2.38313, 8.41686
12.8966, -2.38313, 8.41686
12.8963, -2.38228, 8.45015
12.8964, -2.38201, 8.48485
12.8964, -2.38201, 8.48485
12.8961, -2.38158, 8.51893
12.8961, -2.38158, 8.51893
12.896, -2.38082, 8.55061
12.8959, -2.38024, 8.58293
12.8959, -2.38024, 8.58293
12.8958, -2.37971, 8.62035
12.8958, -2.37971, 8.62035
12.8957, -2.37961, 8.65049
12.8955, -2.37938, 8.68338
12.8955, -2.37938, 8.68338
12.8953, -2.37943, 8.71761
12.8953, -2.37943, 8.71761
12.8948, -2.37923, 8.75331
12.8943, -2.37931, 8.78647
12.8943, -2.37931, 8.78647
12.8937, -2.37958, 8.82473
12.8937, -2.37958, 8.82473
12.8932, -2.37985, 8.85796
12.8926, -2.38018, 8.89127
12.8926, -2.38018, 8.89127
12.892, -2.38061, 8.92495
12.892, -2.38061, 8.92495
12.8911, -2.38101, 8.95812
12.8911, -2.38101, 8.95812
12.8899, -2.38149, 8.99419
12.8889, -2.38199, 9.02733
12.8889, -2.38199, 9.02733
12.8879, -2.38252, 9.05963
12.8866, -2.38321, 9.09579
12.8866, -2.38321, 9.09579
12.8854, -2.38382, 9.132
12.8854, -2.38382, 9.132
12.8842, -2.38407, 9.1655
12.883, -2.38438, 9.19895
12.883, -2.38438, 9.19895
12.8817, -2.38476, 9.23467
12.8817, -2.38476, 9.23467
12.8806, -2.38512, 9.26562
12.8792, -2.38562, 9.30155
12.8792, -2.38562, 9.30155
12.8779, -2.38618, 9.33741
12.8779, -2.38618, 9.33741
12.8764, -2.38686, 9.37082
12.8748, -2.38761, 9.4045
12.8748, -2.38761, 9.4045
12.8734, -2.38825, 9.43721
12.8734, -2.38825, 9.43721
12.8718, -2.38903, 9.47087
12.8718, -2.38903, 9.47087
12.8702, -2.38982, 9.50666
12.8687, -2.39058, 9.54247
12.8687, -2.39058, 9.54247
12.8671, -2.39156, 9.57748
12.8658, -2.39251, 9.60804
12.8658, -2.39251, 9.60804
12.8642, -2.39367, 9.64351
12.8642, -2.39367, 9.64351
12.8628, -2.3945, 9.67388
12.8628, -2.3945, 9.67388
12.8611, -2.39563, 9.70905
12.8592, -2.39677, 9.74691
12.8592, -2.39677, 9.74691
12.8576, -2.39811, 9.77572
12.8576, -2.39811, 9.77572
12.8559, -2.39943, 9.80623
12.8542, -2.40065, 9.83652
12.8542, -2.40065, 9.83652
12.8524, -2.40207, 9.86943
12.8524, -2.40207, 9.86943
12.8507, -2.4032, 9.90033
12.8488, -2.40465, 9.93643
12.8488, -2.40465, 9.93643
12.8468, -2.40623, 9.96815
12.8468, -2.40623, 9.96815
12.8448, -2.40772, 9.99974
12.8427, -2.40915, 10.0342
12.8427, -2.40915, 10.0342
12.8407, -2.41053, 10.0672
12.8407, -2.41053, 10.0672
12.8387, -2.41183, 10.099
12.8368, -2.41317, 10.131
12.8368, -2.41317, 10.131
12.8351, -2.41472, 10.1633
12.8351, -2.41472, 10.1633
12.8333, -2.41649, 10.198
12.8315, -2.41788, 10.2328
12.8315, -2.41788, 10.2328
12.83, -2.41916, 10.2629
12.83, -2.41916, 10.2629
12.8282, -2.42043, 10.298
12.8264, -2.42181, 10.333
12.8264, -2.42181, 10.333
12.8247, -2.42373, 10.3651
12.8247, -2.42373, 10.3651
12.823, -2.42553, 10.3961
12.8212, -2.42758, 10.43
12.8212, -2.42758, 10.43
12.8195, -2.42917, 10.4618
12.8195, -2.42917, 10.4618
12.807, -2.4415, 10.6947
12.805, -2.44302, 10.7299
12.805, -2.44302, 10.7299
12.8034, -2.44489, 10.7626
12.8034, -2.44489, 10.7626
12.8019, -2.44697, 10.7952
12.8, -2.44856, 10.8305
12.8, -2.44856, 10.8305
12.7983, -2.45, 10.8635
12.7983, -2.45, 10.8635
12.7963, -2.45132, 10.8988
12.7946, -2.4527, 10.9314
12.7946, -2.4527, 10.9314
12.7928, -2.45489, 10.9671
12.7928, -2.45489, 10.9671
12.7911, -2.45611, 10.9972
12.7893, -2.45795, 11.0333
12.7893, -2.45795, 11.0333
12.7874, -2.45934, 11.0678
12.7858, -2.46063, 11.0972
12.7858, -2.46063, 11.0972
12.7838, -2.46201, 11.1302
12.7838, -2.46201, 11.1302
12.7817, -2.46383, 11.165
12.7817, -2.46383, 11.165
12.7801, -2.46546, 11.1946
12.7781, -2.46718, 11.2305
12.7781, -2.46718, 11.2305
12.7763, -2.46787, 11.2612
12.7763, -2.46787, 11.2612
12.7742, -2.46843, 11.3002
12.7742, -2.46843, 11.3002
12.7723, -2.46832, 11.3341
12.7705, -2.46774, 11.3654
12.7705, -2.46774, 11.3654
12.7685, -2.46559, 11.4014
12.7667, -2.46273, 11.4356
12.7667, -2.46273, 11.4356
12.7651, -2.45808, 11.4722
12.7651, -2.45808, 11.4722
12.7637, -2.45226, 11.5049
12.7637, -2.45226, 11.5049
12.7624, -2.4459, 11.5413
12.7624, -2.4459, 11.5413
12.7615, -2.43913, 11.5717
12.7605, -2.4296, 11.6089
12.7605, -2.4296, 11.6089
12.76, -2.42186, 11.638
12.76, -2.42186, 11.638
12.7595, -2.41118, 11.671
12.7592, -2.39959, 11.7041
12.7592, -2.39959, 11.7041
12.7593, -2.38888, 11.7321
12.7593, -2.38888, 11.7321
12.7596, -2.37739, 11.7607
12.7596, -2.37739, 11.7607
12.7602, -2.36633, 11.7874
12.7607, -2.35312, 11.8146
12.7607, -2.35312, 11.8146
12.7613, -2.33973, 11.8403
12.7613, -2.33973, 11.8403
12.762, -2.32714, 11.8624
12.763, -2.3112, 11.8895
12.763, -2.3112, 11.8895
12.7639, -2.29672, 11.9121
12.7639, -2.29672, 11.9121
12.7648, -2.28206, 11.9337
12.7665, -2.26863, 11.9565
12.7665, -2.26863, 11.9565
12.7679, -2.25638, 11.9755
12.7679, -2.25638, 11.9755
12.7695, -2.24005, 11.9974
12.7695, -2.24005, 11.9974
12.7709, -2.2269, 12.0149
12.7725, -2.21087, 12.0346
12.7725, -2.21087, 12.0346
12.774, -2.19577, 12.0526
12.7762, -2.18136, 12.072
12.7762, -2.18136, 12.072
12.7778, -2.16824, 12.0869
12.7778, -2.16824, 12.0869
12.7799, -2.15289, 12.1049
12.7799, -2.15289, 12.1049
12.7816, -2.13778, 12.1208
12.7837, -2.12013, 12.1385
12.7837, -2.12013, 12.1385
12.7858, -2.10474, 12.1523
12.7858, -2.10474, 12.1523
12.7878, -2.08876, 12.1652
12.7901, -2.07324, 12.1779
12.7901, -2.07324, 12.1779
12.7926, -2.05774, 12.1908
12.7926, -2.05774, 12.1908
12.7947, -2.04134, 12.2029
12.7972, -2.02229, 12.2163
12.7972, -2.02229, 12.2163
12.7996, -2.00555, 12.2271
12.7996, -2.00555, 12.2271
12.8023, -1.98849, 12.2378
12.8049, -1.96985, 12.2489
12.8049, -1.96985, 12.2489
12.8075, -1.953, 12.2592
12.8075, -1.953, 12.2592
12.8096, -1.93721, 12.268
12.8118, -1.91707, 12.2776
12.8118, -1.91707, 12.2776
12.8142, -1.89782, 12.2862
12.8142, -1.89782, 12.2862
12.8168, -1.87982, 12.2941
12.8168, -1.87982, 12.2941
12.8193, -1.86159, 12.3018
12.8216, -1.84333, 12.3091
12.8216, -1.84333, 12.3091
12.8238, -1.82427, 12.3161
12.8238, -1.82427, 12.3161
12.8263, -1.80417, 12.3234
12.8284, -1.78538, 12.3296
12.8284, -1.78538, 12.3296
12.832, -1.76561, 12.3363
12.832, -1.76561, 12.3363
12.8349, -1.7467, 12.3423
12.8349, -1.7467, 12.3423
12.8382, -1.72652, 12.3486
12.8407, -1.70743, 12.3543
12.8407, -1.70743, 12.3543
12.8432, -1.68818, 12.3598
12.8456, -1.66874, 12.365
12.8456, -1.66874, 12.365
12.8485, -1.64941, 12.3699
12.8485, -1.64941, 12.3699
12.8515, -1.63005, 12.3745
12.8515, -1.63005, 12.3745
12.8541, -1.60922, 12.3789
12.8565, -1.58801, 12.3832
12.8565, -1.58801, 12.3832
12.8588, -1.56827, 12.3865
12.8588, -1.56827, 12.3865
12.8618, -1.54727, 12.3885
12.8647, -1.52593, 12.3909
12.8647, -1.52593, 12.3909
12.8673, -1.50588, 12.3934
12.8673, -1.50588, 12.3934
12.8701, -1.48579, 12.3957
12.8724, -1.46552, 12.3982
12.8724, -1.46552, 12.3982
12.8747, -1.44365, 12.4008
12.8747, -1.44365, 12.4008
12.8776, -1.42367, 12.4027
12.8806, -1.40387, 12.4045
12.8806, -1.40387, 12.4045
12.8833, -1.38363, 12.4063
12.8833, -1.38363, 12.4063
12.886, -1.3617, 12.4082
12.8884, -1.34033, 12.4101
12.8884, -1.34033, 12.4101
12.8906, -1.31978, 12.4119
12.8906, -1.31978, 12.4119
12.8932, -1.29769, 12.4141
12.8963, -1.27887, 12.4156
12.8963, -1.27887, 12.4156
12.8988, -1.25656, 12.4178
12.8988, -1.25656, 12.4178
12.9016, -1.23423, 12.4198
12.9038, -1.21324, 12.4217
12.9038, -1.21324, 12.4217
12.9058, -1.19233, 12.4236
12.9058, -1.19233, 12.4236
12.9085, -1.1708, 12.4256
12.9085, -1.1708, 12.4256
12.9113, -1.14863, 12.4276
12.9139, -1.12584, 12.4297
12.9139, -1.12584, 12.4297
12.9162, -1.10696, 12.431
12.9162, -1.10696, 12.431
12.9185, -1.08391, 12.4323
12.9206, -1.06243, 12.4334
12.9206, -1.06243, 12.4334
12.9235, -1.04098, 12.4332
12.9262, -1.01773, 12.4331
12.9262, -1.01773, 12.4331
12.9291, -0.994757, 12.4328
12.9291, -0.994757, 12.4328
12.9311, -0.973088, 12.4326
12.9332, -0.951622, 12.4319
12.9332, -0.951622, 12.4319
12.9352, -0.928225, 12.4317
12.9352, -0.928225, 12.4317
12.938, -0.905102, 12.4313
12.938, -0.905102, 12.4313
12.9399, -0.885059, 12.4318
12.9426, -0.861692, 12.4319
12.9426, -0.861692, 12.4319
12.9448, -0.8385, 12.4327
12.9448, -0.8385, 12.4327
12.9467, -0.81657, 12.4335
12.9489, -0.793119, 12.4344
12.9489, -0.793119, 12.4344
12.9515, -0.770986, 12.4356
12.9539, -0.74883, 12.4368
12.9539, -0.74883, 12.4368
12.9561, -0.726603, 12.4381
12.9561, -0.726603, 12.4381
12.9583, -0.702612, 12.4394
12.9583, -0.702612, 12.4394
12.9605, -0.678526, 12.4407
12.9622, -0.656098, 12.442
12.9622, -0.656098, 12.442
12.9641, -0.633665, 12.4435
12.9663, -0.610956, 12.4449
12.9663, -0.610956, 12.4449
12.9685, -0.586623, 12.4463
12.9685, -0.586623, 12.4463
12.9703, -0.563827, 12.4475
12.9703, -0.563827, 12.4475
12.9722, -0.540017, 12.4486
12.9737, -0.517052, 12.4499
12.9737, -0.517052, 12.4499
12.9761, -0.492558, 12.451
12.9761, -0.492558, 12.451
12.9777, -0.469564, 12.4521
12.9791, -0.448312, 12.453
12.9791, -0.448312, 12.453
12.981, -0.423579, 12.4538
12.981, -0.423579, 12.4538
12.9825, -0.398625, 12.4547
12.984, -0.373893, 12.4552
12.984, -0.373893, 12.4552
12.9852, -0.352387, 12.4558
12.9852, -0.352387, 12.4558
12.9871, -0.327089, 12.4561
12.9885, -0.301816, 12.4565
12.9885, -0.301816, 12.4565
12.9898, -0.278427, 12.4568
12.9898, -0.278427, 12.4568
12.9911, -0.254794, 12.4568
12.9922, -0.230778, 12.4569
12.9922, -0.230778, 12.4569
12.9937, -0.205884, 12.4569
12.9937, -0.205884, 12.4569
12.9948, -0.184376, 12.4568
12.9948, -0.184376, 12.4568
12.9963, -0.157599, 12.4564
12.9974, -0.135892, 12.4563
12.9974, -0.135892, 12.4563
12.9984, -0.110443, 12.4565
12.9984, -0.110443, 12.4565
12.9993, -0.0875568, 12.4569
13.0004, -0.0612169, 12.4575
13.0004, -0.0612169, 12.4575
13.0014, -0.0391734, 12.4577
13.0014, -0.0391734, 12.4577
13.0024, -0.0125522, 12.4555
13.0032, 0.0110725, 12.4528
13.0032, 0.0110725, 12.4528
13.004, 0.0368547, 12.4506
13.004, 0.0368547, 12.4506
13.0046, 0.0588753, 12.4495
13.0057, 0.086331, 12.4478
13.0057, 0.086331, 12.4478
13.0065, 0.108371, 12.4469
13.0065, 0.108371, 12.4469
13.0074, 0.135748, 12.4463
13.008, 0.157646, 12.4461
13.008, 0.157646, 12.4461
13.0086, 0.181816, 12.4464
13.0086, 0.181816, 12.4464
13.0093, 0.20743, 12.4469
13.01, 0.232955, 12.4473
13.01, 0.232955, 12.4473
13.0105, 0.25695, 12.448
13.0105, 0.25695, 12.448
13.011, 0.281017, 12.4489
13.0115, 0.307009, 12.4498
13.0115, 0.307009, 12.4498
13.0118, 0.331219, 12.4506
13.0118, 0.331219, 12.4506
13.0122, 0.357298, 12.4514
13.0126, 0.379686, 12.4521
13.0126, 0.379686, 12.4521
13.0129, 0.405706, 12.4526
13.0129, 0.405706, 12.4526
13.0132, 0.430038, 12.4533
13.0133, 0.454461, 12.4541
13.0133, 0.454461, 12.4541
13.0135, 0.480818, 12.4552
13.0135, 0.480818, 12.4552
13.0136, 0.507085, 12.4561
13.0138, 0.531206, 12.4569
13.0138, 0.531206, 12.4569
13.0139, 0.555226, 12.4578
13.0139, 0.555226, 12.4578
13.014, 0.577613, 12.4586
13.0142, 0.603685, 12.4594
13.0142, 0.603685, 12.4594
13.0143, 0.631894, 12.4605
13.0143, 0.631894, 12.4605
13.0144, 0.656361, 12.4613
13.0147, 0.680349, 12.4621
13.0147, 0.680349, 12.4621
13.015, 0.704639, 12.463
13.015, 0.704639, 12.463
13.0151, 0.729073, 12.4639
13.0152, 0.755387, 12.4649
13.0152, 0.755387, 12.4649
13.0152, 0.781824, 12.4659
13.0152, 0.781824, 12.4659
13.0152, 0.805943, 12.4666
13.0152, 0.830278, 12.4674
13.0152, 0.830278, 12.4674
13.0151, 0.853813, 12.4681
13.0151, 0.853813, 12.4681
13.015, 0.88028, 12.4688
13.0148, 0.904893, 12.4694
13.0148, 0.904893, 12.4694
13.0146, 0.930978, 12.4703
13.0146, 0.930978, 12.4703
13.0143, 0.957646, 12.4713
13.014, 0.980191, 12.4723
13.014, 0.980191, 12.4723
13.0136, 1.0066, 12.4732
13.0136, 1.0066, 12.4732
13.0132, 1.03114, 12.4741
13.0128, 1.0578, 12.4751
13.0128, 1.0578, 12.4751
13.0124, 1.08263, 12.476
13.0124, 1.08263, 12.476
13.012, 1.10712, 12.477
13.0113, 1.13179, 12.4781
13.0113, 1.13179, 12.4781
13.0104, 1.16037, 12.479
13.0104, 1.16037, 12.479
13.0096, 1.18324, 12.4796
13.0088, 1.21, 12.48
13.0088, 1.21, 12.48
13.0079, 1.23695, 12.4802
13.0079, 1.23695, 12.4802
13.007, 1.2601, 12.4788
13.0061, 1.28506, 12.4775
13.0061, 1.28506, 12.4775
13.0049, 1.31216, 12.476
13.0049, 1.31216, 12.476
13.0038, 1.34023, 12.4748
13.0038, 1.34023, 12.4748
13.0028, 1.36337, 12.474
13.0018, 1.39046, 12.4735
13.0018, 1.39046, 12.4735
13.0007, 1.4177, 12.4732
13.0007, 1.4177, 12.4732
12.9995, 1.44285, 12.4731
12.9983, 1.47006, 12.4732
12.9983, 1.47006, 12.4732
12.9971, 1.49529, 12.4734
12.9971, 1.49529, 12.4734
12.9961, 1.51875, 12.4738
12.9949, 1.54515, 12.474
12.9949, 1.54515, 12.474
12.9936, 1.57257, 12.4738
12.9936, 1.57257, 12.4738
12.9919, 1.59997, 12.4735
12.9905, 1.62468, 12.4735
12.9905, 1.62468, 12.4735
12.9891, 1.65198, 12.474
12.9891, 1.65198, 12.474
12.9875, 1.67573, 12.4742
12.9858, 1.70531, 12.4747
12.9858, 1.70531, 12.4747
12.9842, 1.73005, 12.4752
12.9842, 1.73005, 12.4752
12.9822, 1.75723, 12.476
12.9806, 1.78287, 12.4767
12.9806, 1.78287, 12.4767
12.9787, 1.80843, 12.4776
12.9787, 1.80843, 12.4776
12.977, 1.83583, 12.4784
12.9754, 1.85954, 12.4794
12.9754, 1.85954, 12.4794
12.9736, 1.88722, 12.4803
12.9736, 1.88722, 12.4803
12.972, 1.91477, 12.4814
12.972, 1.91477, 12.4814
12.9703, 1.94048, 12.4825
12.9686, 1.96796, 12.4834
12.9686, 1.96796, 12.4834
12.967, 1.99378, 12.4841
12.9652, 2.02151, 12.4848
12.9652, 2.02151, 12.4848
12.9637, 2.0455, 12.4856
12.9637, 2.0455, 12.4856
12.9617, 2.0735, 12.4864
12.9602, 2.09763, 12.4869
12.9602, 2.09763, 12.4869
12.9581, 2.12778, 12.4877
12.9581, 2.12778, 12.4877
12.9565, 2.15189, 12.4881
12.9546, 2.18027, 12.4886
12.9546, 2.18027, 12.4886
12.9527, 2.20861, 12.4892
12.9527, 2.20861, 12.4892
12.9511, 2.23279, 12.4897
12.9492, 2.26076, 12.4903
12.9492, 2.26076, 12.4903
12.9473, 2.289, 12.4908
12.9473, 2.289, 12.4908
12.9455, 2.31656, 12.4915
12.9455, 2.31656, 12.4915
12.9439, 2.34082, 12.4922
12.9418, 2.36904, 12.4933
12.9418, 2.36904, 12.4933
12.9398, 2.39524, 12.4941
12.9398, 2.39524, 12.4941
12.9375, 2.42557, 12.4949
12.9357, 2.44983, 12.4955
12.9357, 2.44983, 12.4955
12.9337, 2.47606, 12.496
12.9317, 2.50248, 12.4965
12.9317, 2.50248, 12.4965
12.9294, 2.5324, 12.497
12.9294, 2.5324, 12.497
12.9271, 2.55889, 12.4976
12.9249, 2.5852, 12.498
12.9249, 2.5852, 12.498
12.9227, 2.61151, 12.4983
12.9227, 2.61151, 12.4983
12.9204, 2.64026, 12.4985
12.9179, 2.66875, 12.4989
12.9179, 2.66875, 12.4989
12.9158, 2.69322, 12.4994
12.9158, 2.69322, 12.4994
12.9132, 2.72195, 12.4998
12.9132, 2.72195, 12.4998
12.911, 2.74873, 12.5001
12.9085, 2.77763, 12.5005
12.9085, 2.77763, 12.5005
12.9062, 2.80452, 12.5008
12.9062, 2.80452, 12.5008
12.904, 2.83135, 12.5011
12.9017, 2.85794, 12.5014
12.9017, 2.85794, 12.5014
12.8989, 2.88684, 12.5017
12.8989, 2.88684, 12.5017
12.896, 2.91571, 12.5021
12.8933, 2.94469, 12.5023
12.8933, 2.94469, 12.5023
12.8908, 2.97158, 12.5028
12.8908, 2.97158, 12.5028
12.8882, 2.99848, 12.5034
12.8856, 3.02332, 12.5041
12.8856, 3.02332, 12.5041
12.8818, 3.05486, 12.505
12.8818, 3.05486, 12.505
12.8791, 3.07979, 12.5055
12.8757, 3.10894, 12.5064
12.8757, 3.10894, 12.5064
12.8726, 3.13592, 12.5069
12.8726, 3.13592, 12.5069
12.8693, 3.16512, 12.5076
12.8663, 3.1902, 12.5079
12.8663, 3.1902, 12.5079
12.8624, 3.2195, 12.5086
12.8624, 3.2195, 12.5086
12.8588, 3.24878, 12.5089
12.8558, 3.27392, 12.5091
12.8558, 3.27392, 12.5091
12.8519, 3.30518, 12.5096
12.8519, 3.30518, 12.5096
12.8485, 3.33308, 12.5099
12.8452, 3.35847, 12.5104
12.8452, 3.35847, 12.5104
12.841, 3.39019, 12.5108
12.841, 3.39019, 12.5108
12.8376, 3.41573, 12.5111
12.8339, 3.44533, 12.5112
12.8339, 3.44533, 12.5112
12.8306, 3.47069, 12.5114
12.8306, 3.47069, 12.5114
12.8266, 3.50223, 12.5111
12.8228, 3.53155, 12.5109
12.8228, 3.53155, 12.5109
12.8192, 3.5586, 12.511
12.8192, 3.5586, 12.511
12.816, 3.58409, 12.5109
12.816, 3.58409, 12.5109
12.8119, 3.61592, 12.5112
12.8083, 3.64351, 12.5113
12.8083, 3.64351, 12.5113
12.8045, 3.67304, 12.511
12.8045, 3.67304, 12.511
12.8011, 3.70055, 12.5108
12.7973, 3.728, 12.5106
12.7973, 3.728, 12.5106
12.7932, 3.75758, 12.5107
12.7895, 3.78506, 12.5107
12.7895, 3.78506, 12.5107
12.7855, 3.8145, 12.5105
12.7855, 3.8145, 12.5105
12.782, 3.83989, 12.5102
12.7777, 3.86944, 12.5101
12.7777, 3.86944, 12.5101
12.7735, 3.89687, 12.5098
12.7735, 3.89687, 12.5098
12.769, 3.92623, 12.5097
12.769, 3.92623, 12.5097
12.7649, 3.95371, 12.5097
12.761, 3.97963, 12.5098
12.761, 3.97963, 12.5098
12.7567, 4.00924, 12.5098
12.7567, 4.00924, 12.5098
12.7516, 4.03887, 12.5097
12.747, 4.0664, 12.5097
12.747, 4.0664, 12.5097
12.7422, 4.09603, 12.5097
12.7422, 4.09603, 12.5097
12.7378, 4.12356, 12.5098
12.7336, 4.14895, 12.51
12.7336, 4.14895, 12.51
12.729, 4.17839, 12.5103
12.729, 4.17839, 12.5103
12.7245, 4.20588, 12.5107
12.7193, 4.23677, 12.5111
12.7193, 4.23677, 12.5111
12.7157, 4.26192, 12.511
12.7157, 4.26192, 12.511
12.7119, 4.29312, 12.5111
12.7097, 4.31775, 12.5113
12.7097, 4.31775, 12.5113
12.7084, 4.34395, 12.5117
12.7084, 4.34395, 12.5117
12.708, 4.36977, 12.5121
12.7091, 4.39688, 12.5127
12.7091, 4.39688, 12.5127
12.7115, 4.42315, 12.5134
12.7115, 4.42315, 12.5134
12.7157, 4.44852, 12.5136
12.721, 4.47103, 12.5107
12.721, 4.47103, 12.5107
12.7275, 4.49297, 12.5071
12.7275, 4.49297, 12.5071
12.7358, 4.51577, 12.5033
12.744, 4.53447, 12.5014
12.744, 4.53447, 12.5014
12.7546, 4.55559, 12.499
12.7546, 4.55559, 12.499
12.7638, 4.57614, 12.496
12.7716, 4.59321, 12.4929
12.7716, 4.59321, 12.4929
12.7813, 4.61114, 12.4903
12.7813, 4.61114, 12.4903
12.7925, 4.62951, 12.4882
12.8036, 4.64621, 12.4864
12.8036, 4.64621, 12.4864
12.817, 4.66491, 12.4848
12.817, 4.66491, 12.4848
12.828, 4.68079, 12.484
12.8391, 4.69625, 12.4833
12.8391, 4.69625, 12.4833
12.8507, 4.71112, 12.4827
12.8507, 4.71112, 12.4827
12.863, 4.7258, 12.482
12.8765, 4.74137, 12.4813
12.8765, 4.74137, 12.4813
12.8911, 4.75643, 12.4807
12.8911, 4.75643, 12.4807
12.9041, 4.76977, 12.4801
12.9183, 4.78357, 12.4797
12.9183, 4.78357, 12.4797
12.9323, 4.79695, 12.4794
12.9323, 4.79695, 12.4794
12.9458, 4.80852, 12.4795
12.9603, 4.82088, 12.4797
12.9603, 4.82088, 12.4797
12.9772, 4.83474, 12.4799
12.9772, 4.83474, 12.4799
12.991, 4.84581, 12.4798
12.991, 4.84581, 12.4798
13.0065, 4.85767, 12.4798
13.0215, 4.86881, 12.4798
13.0215, 4.86881, 12.4798
13.0367, 4.87977, 12.4799
13.0367, 4.87977, 12.4799
13.0533, 4.89148, 12.48
13.0694, 4.90234, 12.4803
13.0694, 4.90234, 12.4803
13.0853, 4.91241, 12.4809
13.1002, 4.92169, 12.4814
13.1002, 4.92169, 12.4814
13.1175, 4.93222, 12.4821
13.1175, 4.93222, 12.4821
13.1359, 4.94304, 12.483
13.1359, 4.94304, 12.483
13.1525, 4.95266, 12.4838
13.1701, 4.9626, 12.4846
13.1701, 4.9626, 12.4846
13.1864, 4.97137, 12.4852
13.1864, 4.97137, 12.4852
13.2042, 4.98081, 12.486
13.2211, 4.9896, 12.4868
13.2211, 4.9896, 12.4868
13.2366, 4.99756, 12.4873
13.2366, 4.99756, 12.4873
13.2563, 5.00755, 12.4881
13.2737, 5.01623, 12.489
13.2737, 5.01623, 12.489
13.2907, 5.02449, 12.4894
13.2907, 5.02449, 12.4894
13.3094, 5.0335, 12.49
13.3268, 5.04176, 12.4907
13.3268, 5.04176, 12.4907
13.3429, 5.04935, 12.4912
13.3429, 5.04935, 12.4912
13.362, 5.05829, 12.492
13.381, 5.06692, 12.4929
13.381, 5.06692, 12.4929
13.3984, 5.07458, 12.4937
13.3984, 5.07458, 12.4937
13.4161, 5.08231, 12.4946
13.434, 5.0901, 12.4955
13.434, 5.0901, 12.4955
13.4534, 5.09856, 12.4965
13.4534, 5.09856, 12.4965
13.4729, 5.10688, 12.4975
13.4916, 5.11503, 12.498
13.4916, 5.11503, 12.498
13.5104, 5.12275, 12.4985
13.5104, 5.12275, 12.4985
13.5284, 5.13016, 12.4985
13.5467, 5.13759, 12.4985
13.5467, 5.13759, 12.4985
13.5649, 5.14483, 12.4985
13.5649, 5.14483, 12.4985
13.5839, 5.15255, 12.4986
13.6036, 5.16035, 12.4985
13.6036, 5.16035, 12.4985
13.6218, 5.16735, 12.4986
13.6218, 5.16735, 12.4986
13.6433, 5.17575, 12.499
13.6605, 5.1823, 12.4995
13.6605, 5.1823, 12.4995
13.6794, 5.18946, 12.5002
13.6981, 5.19652, 12.5007
13.6981, 5.19652, 12.5007
13.715, 5.2028, 12.5006
13.715, 5.2028, 12.5006
13.7356, 5.21029, 12.5005
13.7356, 5.21029, 12.5005
13.757, 5.21807, 12.5004
13.7746, 5.22442, 12.5004
13.7746, 5.22442, 12.5004
13.7969, 5.23248, 12.5007
13.7969, 5.23248, 12.5007
13.8165, 5.23941, 12.501
13.8347, 5.24587, 12.5013
13.8347, 5.24587, 12.5013
13.8557, 5.25338, 12.5017
13.8557, 5.25338, 12.5017
13.8752, 5.26023, 12.5022
13.8964, 5.2676, 12.5027
13.8964, 5.2676, 12.5027
13.915, 5.27407, 12.5031
13.915, 5.27407, 12.5031
13.938, 5.28192, 12.504
13.938, 5.28192, 12.504
13.9583, 5.28878, 12.5044
13.9779, 5.29511, 12.5047
13.9779, 5.29511, 12.5047
13.9978, 5.30156, 12.5048
14.0179, 5.30808, 12.5048
14.0179, 5.30808, 12.5048
14.0415, 5.31565, 12.5049
14.0415, 5.31565, 12.5049
14.0599, 5.32145, 12.505
14.0599, 5.32145, 12.505
14.0836, 5.32886, 12.505
14.1024, 5.33451, 12.5048
14.1024, 5.33451, 12.5048
14.1228, 5.34062, 12.5048
14.1228, 5.34062, 12.5048
14.1466, 5.34778, 12.5048
14.1672, 5.3539, 12.5049
14.1672, 5.3539, 12.5049
14.188, 5.36003, 12.5051
14.188, 5.36003, 12.5051
14.2103, 5.36654, 12.5049
14.2294, 5.37208, 12.5045
14.2294, 5.37208, 12.5045
14.2517, 5.37842, 12.5042
14.2517, 5.37842, 12.5042
14.2742, 5.38485, 12.5039
14.2953, 5.39077, 12.5034
14.2953, 5.39077, 12.5034
14.3165, 5.39663, 12.5029
14.3375, 5.40221, 12.5024
14.3375, 5.40221, 12.5024
14.3611, 5.40835, 12.5019
14.3611, 5.40835, 12.5019
14.3818, 5.41366, 12.5016
14.3818, 5.41366, 12.5016
14.4043, 5.41936, 12.5012
14.4273, 5.42518, 12.501
14.4273, 5.42518, 12.501
14.4489, 5.43059, 12.5009
14.4696, 5.43589, 12.5008
14.4696, 5.43589, 12.5008
14.4937, 5.44212, 12.5008
14.4937, 5.44212, 12.5008
14.5153, 5.44755, 12.5006
14.5153, 5.44755, 12.5006
14.5371, 5.45298, 12.5003
14.5371, 5.45298, 12.5003
14.5607, 5.45875, 12.4999
14.5826, 5.46405, 12.4995
14.5826, 5.46405, 12.4995
14.6047, 5.4693, 12.4991
14.6047, 5.4693, 12.4991
14.6282, 5.47482, 12.4987
14.6503, 5.47996, 12.4983
14.6503, 5.47996, 12.4983
14.6752, 5.48556, 12.498
14.6752, 5.48556, 12.498
14.6985, 5.49075, 12.4976
14.7209, 5.49565, 12.4974
14.7209, 5.49565, 12.4974
14.7437, 5.50085, 12.4973
14.7437, 5.50085, 12.4973
14.7681, 5.50629, 12.4972
14.7901, 5.51112, 12.4971
14.7901, 5.51112, 12.4971
14.8143, 5.51631, 12.497
14.8143, 5.51631, 12.497
14.8371, 5.52112, 12.497
14.8371, 5.52112, 12.497
14.8606, 5.52602, 12.4971
14.8835, 5.53086, 12.4972
14.8835, 5.53086, 12.4972
14.9075, 5.53609, 12.4967
14.9075, 5.53609, 12.4967
14.9303, 5.5409, 12.4963
14.9546, 5.54592, 12.4957
14.9546, 5.54592, 12.4957
14.9782, 5.55066, 12.4951
14.9782, 5.55066, 12.4951
15.0011, 5.55519, 12.4944
15.0011, 5.55519, 12.4944
15.0245, 5.56015, 12.4936
15.0473, 5.56482, 12.4931
15.0473, 5.56482, 12.4931
15.0719, 5.56973, 12.4927
15.0969, 5.57458, 12.4925
15.0969, 5.57458, 12.4925
15.1199, 5.57891, 12.4923
15.1199, 5.57891, 12.4923
15.1651, 5.58752, 12.4919
15.1651, 5.58752, 12.4919
15.1912, 5.59278, 12.4913
15.1912, 5.59278, 12.4913
15.2611, 5.60593, 12.4905
15.2863, 5.61043, 12.4907
15.3097, 5.61494, 12.4905
15.3097, 5.61494, 12.4905
15.3344, 5.61953, 12.4898
15.3588, 5.62399, 12.4892
15.3588, 5.62399, 12.4892
15.3822, 5.62815, 12.4886
15.3822, 5.62815, 12.4886
15.4057, 5.6322, 12.4882
15.4057, 5.6322, 12.4882
15.433, 5.63693, 12.4879
15.4569, 5.64117, 12.488
15.4569, 5.64117, 12.488
15.481, 5.64546, 12.4882
15.481, 5.64546, 12.4882
15.5062, 5.64942, 12.4886
15.5302, 5.65342, 12.4891
15.5302, 5.65342, 12.4891
15.5542, 5.65717, 12.489
15.5542, 5.65717, 12.489
15.5781, 5.66093, 12.4889
15.6019, 5.66478, 12.4885
15.6019, 5.66478, 12.4885
15.6277, 5.66876, 12.4883
15.6277, 5.66876, 12.4883
15.6533, 5.67275, 12.488
15.6754, 5.67588, 12.4879
15.6754, 5.67588, 12.4879
15.703, 5.67985, 12.4877
15.703, 5.67985, 12.4877
15.7271, 5.68325, 12.4877
15.7514, 5.68699, 12.4878
15.7514, 5.68699, 12.4878
15.7758, 5.6908, 12.488
15.7758, 5.6908, 12.488
15.802, 5.69449, 12.4884
15.8243, 5.69768, 12.4888
15.8243, 5.69768, 12.4888
15.8505, 5.7012, 12.4891
15.8505, 5.7012, 12.4891
15.8765, 5.7046, 12.4893
15.8991, 5.70754, 12.4892
15.8991, 5.70754, 12.4892
15.9274, 5.71109, 12.4893
15.9274, 5.71109, 12.4893
15.9519, 5.71399, 12.4894
15.9782, 5.71706, 12.488
15.9782, 5.71706, 12.488
16.0024, 5.7197, 12.4868
16.0024, 5.7197, 12.4868
16.0288, 5.7225, 12.4854
16.0533, 5.72513, 12.4843
16.0533, 5.72513, 12.4843
16.0793, 5.72783, 12.4831
16.0793, 5.72783, 12.4831
16.1038, 5.7303, 12.4817
16.1285, 5.73273, 12.4806
16.1285, 5.73273, 12.4806
16.1549, 5.73525, 12.4798
16.1549, 5.73525, 12.4798
16.177, 5.73734, 12.479
16.2037, 5.73995, 12.4784
16.2037, 5.73995, 12.4784
16.2286, 5.74231, 12.4778
16.2286, 5.74231, 12.4778
16.2552, 5.74475, 12.4775
16.2552, 5.74475, 12.4775
16.2817, 5.74715, 12.477
16.3084, 5.74935, 12.4767
16.3084, 5.74935, 12.4767
16.3334, 5.75141, 12.4765
16.3568, 5.75332, 12.4764
16.3568, 5.75332, 12.4764
16.3819, 5.75522, 12.4766
16.3819, 5.75522, 12.4766
16.4091, 5.75722, 12.4771
16.434, 5.75892, 12.4779
16.434, 5.75892, 12.4779
16.461, 5.76065, 12.4789
16.461, 5.76065, 12.4789
16.4878, 5.76235, 12.4803
16.5129, 5.76386, 12.4817
16.5129, 5.76386, 12.4817
16.54, 5.7654, 12.4831
16.54, 5.7654, 12.4831
16.5632, 5.76668, 12.4843
16.5632, 5.76668, 12.4843
16.5904, 5.76807, 12.4853
16.6154, 5.7693, 12.4863
16.6154, 5.7693, 12.4863
16.642, 5.77049, 12.4871
16.642, 5.77049, 12.4871
16.6671, 5.77153, 12.4881
16.6923, 5.77247, 12.4892
16.6923, 5.77247, 12.4892
16.7195, 5.77336, 12.4908
16.7195, 5.77336, 12.4908
16.7444, 5.77408, 12.492
16.7735, 5.77489, 12.494
16.7735, 5.77489, 12.494
16.7986, 5.77545, 12.4958
16.7986, 5.77545, 12.4958
16.822, 5.77584, 12.4974
16.8504, 5.77621, 12.4993
16.8504, 5.77621, 12.4993
16.8767, 5.77648, 12.5006
16.8767, 5.77648, 12.5006
16.8998, 5.77667, 12.5014
16.9251, 5.77679, 12.502
16.9251, 5.77679, 12.502
16.9543, 5.77698, 12.5003
16.9543, 5.77698, 12.5003
16.9816, 5.77721, 12.4989
17.0083, 5.7774, 12.4974
17.0083, 5.7774, 12.4974
17.0317, 5.77751, 12.4965
17.0317, 5.77751, 12.4965
17.0572, 5.77756, 12.4958
17.0572, 5.77756, 12.4958
17.0857, 5.77756, 12.4952
17.0857, 5.77756, 12.4952
17.1094, 5.77775, 12.4947
17.1094, 5.77775, 12.4947
17.138, 5.77782, 12.4943
17.1615, 5.77784, 12.4942
17.1615, 5.77784, 12.4942
17.191, 5.77775, 12.4944
17.191, 5.77775, 12.4944
17.2165, 5.77759, 12.4949
17.2411, 5.77747, 12.4953
17.2411, 5.77747, 12.4953
17.2688, 5.77737, 12.4958
17.2688, 5.77737, 12.4958
17.2966, 5.77727, 12.4966
17.2966, 5.77727, 12.4966
17.3225, 5.77705, 12.4972
17.3479, 5.77678, 12.498
17.3479, 5.77678, 12.498
17.3756, 5.7764, 12.4989
17.3756, 5.7764, 12.4989
17.3989, 5.77594, 12.4996
17.427, 5.77533, 12.5005
17.427, 5.77533, 12.5005
17.4551, 5.77457, 12.5014
17.4551, 5.77457, 12.5014
17.4792, 5.77384, 12.5025
17.5092, 5.77279, 12.5036
17.5092, 5.77279, 12.5036
17.5352, 5.77176, 12.5045
17.5352, 5.77176, 12.5045
17.5615, 5.77066, 12.5057
17.5895, 5.76936, 12.5065
17.5895, 5.76936, 12.5065
17.6178, 5.76799, 12.5073
17.6178, 5.76799, 12.5073
17.6421, 5.76671, 12.5082
17.6702, 5.76514, 12.5092
17.6702, 5.76514, 12.5092
17.6975, 5.76353, 12.5104
17.6975, 5.76353, 12.5104
17.7224, 5.76187, 12.512
17.7483, 5.76003, 12.5129
17.7483, 5.76003, 12.5129
17.7756, 5.75808, 12.5138
17.7756, 5.75808, 12.5138
17.8017, 5.75618, 12.5146
17.8017, 5.75618, 12.5146
17.8312, 5.75405, 12.5151
17.8572, 5.75209, 12.5157
17.8572, 5.75209, 12.5157
17.8832, 5.75, 12.516
17.8832, 5.75, 12.516
17.9135, 5.74729, 12.5163
17.9398, 5.74486, 12.5167
17.9398, 5.74486, 12.5167
17.9674, 5.74228, 12.5172
17.9674, 5.74228, 12.5172
17.9934, 5.73976, 12.5177
18.0196, 5.73712, 12.5183
18.0196, 5.73712, 12.5183
18.0432, 5.73469, 12.5186
18.0432, 5.73469, 12.5186
18.0711, 5.7315, 12.519
18.0979, 5.72843, 12.5192
18.0979, 5.72843, 12.5192
18.1267, 5.72501, 12.5197
18.1267, 5.72501, 12.5197
18.156, 5.72155, 12.5198
18.156, 5.72155, 12.5198
18.1802, 5.71857, 12.5201
18.2085, 5.71489, 12.5204
18.2085, 5.71489, 12.5204
18.2351, 5.71129, 12.5206
18.2635, 5.70742, 12.5207
18.2635, 5.70742, 12.5207
18.2899, 5.70364, 12.5212
18.2899, 5.70364, 12.5212
18.3161, 5.69992, 12.5216
18.3161, 5.69992, 12.5216
18.3443, 5.69591, 12.5219
18.3729, 5.69171, 12.5223
18.3729, 5.69171, 12.5223
18.3974, 5.68798, 12.5227
18.3974, 5.68798, 12.5227
18.4237, 5.68394, 12.523
18.4542, 5.67914, 12.5233
18.4542, 5.67914, 12.5233
18.4787, 5.67525, 12.5237
18.4787, 5.67525, 12.5237
18.5051, 5.67105, 12.5241
18.5337, 5.66638, 12.5244
18.5337, 5.66638, 12.5244
18.5603, 5.66191, 12.5244
18.5603, 5.66191, 12.5244
18.5885, 5.65714, 12.5243
18.615, 5.65258, 12.5243
18.615, 5.65258, 12.5243
18.6454, 5.64727, 12.5245
18.6454, 5.64727, 12.5245
18.6695, 5.64304, 12.5244
18.6979, 5.63786, 12.5247
18.6979, 5.63786, 12.5247
18.7259, 5.63268, 12.5248
18.7259, 5.63268, 12.5248
18.7521, 5.62775, 12.5251
18.7521, 5.62775, 12.5251
18.7778, 5.62267, 12.5256
18.8032, 5.61763, 12.5262
18.8032, 5.61763, 12.5262
18.8305, 5.6121, 12.5268
18.8559, 5.60692, 12.5277
18.8559, 5.60692, 12.5277
18.8792, 5.60212, 12.5288
18.8792, 5.60212, 12.5288
18.9077, 5.59618, 12.5298
18.9077, 5.59618, 12.5298
18.9328, 5.59081, 12.531
18.9596, 5.58495, 12.5321
18.9596, 5.58495, 12.5321
19.0115, 5.57342, 12.5334
19.0115, 5.57342, 12.5334
19.0367, 5.56768, 12.5342
19.0367, 5.56768, 12.5342
19.0599, 5.56233, 12.535
19.0599, 5.56233, 12.535
19.0881, 5.55543, 12.5361
19.1128, 5.54928, 12.5369
19.1128, 5.54928, 12.5369
19.1393, 5.54263, 12.5374
19.1393, 5.54263, 12.5374
19.1621, 5.53679, 12.5382
19.1869, 5.53041, 12.5382
19.1869, 5.53041, 12.5382
19.2131, 5.52357, 12.5382
19.2131, 5.52357, 12.5382
19.2393, 5.51654, 12.5382
19.2651, 5.50941, 12.5374
19.2651, 5.50941, 12.5374
19.2887, 5.50286, 12.5323
19.2887, 5.50286, 12.5323
19.3123, 5.49627, 12.5205
19.3354, 5.48975, 12.5017
19.3354, 5.48975, 12.5017
19.362, 5.48214, 12.4722
19.362, 5.48214, 12.4722
19.3831, 5.47604, 12.4452
19.4075, 5.46886, 12.4128
19.4075, 5.46886, 12.4128
19.4316, 5.4617, 12.38
19.4316, 5.4617, 12.38
19.4576, 5.45397, 12.3453
19.4818, 5.44669, 12.3133
19.4818, 5.44669, 12.3133
19.508, 5.43882, 12.2787
19.508, 5.43882, 12.2787
19.5323, 5.43113, 12.2472
19.5563, 5.42348, 12.2181
19.5563, 5.42348, 12.2181
19.5817, 5.41554, 12.1854
19.5817, 5.41554, 12.1854
19.6049, 5.40811, 12.1559
19.6295, 5.40031, 12.1243
19.6295, 5.40031, 12.1243
19.6518, 5.39314, 12.0964
19.6518, 5.39314, 12.0964
19.6724, 5.386, 12.0703
19.6951, 5.37806, 12.0409
19.6951, 5.37806, 12.0409
19.7157, 5.37095, 12.0122
19.7157, 5.37095, 12.0122
19.7374, 5.36345, 11.9804
19.7571, 5.35658, 11.9508
19.7571, 5.35658, 11.9508
19.7763, 5.34984, 11.9206
19.7763, 5.34984, 11.9206
19.7971, 5.34217, 11.8877
19.7971, 5.34217, 11.8877
19.816, 5.33516, 11.8571
19.8346, 5.32812, 11.8269
19.8346, 5.32812, 11.8269
19.854, 5.32097, 11.7935
19.8716, 5.31441, 11.7622
19.8716, 5.31441, 11.7622
19.8884, 5.30815, 11.7318
19.8884, 5.30815, 11.7318
19.907, 5.30056, 11.6976
19.907, 5.30056, 11.6976
19.9238, 5.29362, 11.6661
19.9416, 5.28617, 11.6321
19.9416, 5.28617, 11.6321
19.9586, 5.2792, 11.5977
19.9586, 5.2792, 11.5977
19.9742, 5.2726, 11.5661
19.9893, 5.26625, 11.5344
19.9893, 5.26625, 11.5344
20.0042, 5.25952, 11.5024
20.0042, 5.25952, 11.5024
20.0198, 5.25261, 11.4677
20.0339, 5.24633, 11.4355
20.0339, 5.24633, 11.4355
20.0485, 5.23988, 11.401
20.0485, 5.23988, 11.401
20.0622, 5.23387, 11.3677
20.0742, 5.22856, 11.3379
20.0742, 5.22856, 11.3379
20.0879, 5.22202, 11.3033
20.0879, 5.22202, 11.3033
20.1011, 5.21599, 11.2682
20.113, 5.21067, 11.2353
20.113, 5.21067, 11.2353
20.1248, 5.20506, 11.2026
20.1248, 5.20506, 11.2026
20.136, 5.20006, 11.1701
20.136, 5.20006, 11.1701
20.1483, 5.19418, 11.1334
20.1594, 5.18842, 11.0988
20.1594, 5.18842, 11.0988
20.1697, 5.18337, 11.0659
20.1697, 5.18337, 11.0659
20.1788, 5.17888, 11.0363
20.1893, 5.17383, 11.0011
20.1893, 5.17383, 11.0011
20.1988, 5.16923, 10.9685
20.1988, 5.16923, 10.9685
20.2085, 5.16438, 10.934
20.2173, 5.15951, 10.9015
20.2173, 5.15951, 10.9015
20.2265, 5.15453, 10.866
20.2265, 5.15453, 10.866
20.2348, 5.14981, 10.8331
20.2435, 5.1452, 10.7977
20.2435, 5.1452, 10.7977
20.2519, 5.14085, 10.7628
20.2519, 5.14085, 10.7628
20.2589, 5.13697, 10.7325
20.2661, 5.13282, 10.6995
20.2661, 5.13282, 10.6995
20.2742, 5.12813, 10.6616
20.2742, 5.12813, 10.6616
20.2808, 5.12461, 10.6301
20.2878, 5.12051, 10.5946
20.2878, 5.12051, 10.5946
20.2944, 5.11685, 10.5603
20.2944, 5.11685, 10.5603
20.3002, 5.11302, 10.527
20.3002, 5.11302, 10.527
20.3058, 5.10938, 10.4944
20.3117, 5.10562, 10.4591
20.3117, 5.10562, 10.4591
20.3172, 5.10212, 10.4251
20.3172, 5.10212, 10.4251
20.3224, 5.09887, 10.3924
20.3274, 5.09582, 10.3598
20.3274, 5.09582, 10.3598
20.3324, 5.09249, 10.3248
20.3324, 5.09249, 10.3248
20.3365, 5.08928, 10.2925
20.3409, 5.08585, 10.2576
20.3409, 5.08585, 10.2576
20.3449, 5.08298, 10.2255
20.3449, 5.08298, 10.2255
20.3488, 5.08026, 10.1936
20.3523, 5.07784, 10.1645
20.3523, 5.07784, 10.1645
20.3559, 5.07502, 10.1304
20.3559, 5.07502, 10.1304
20.3591, 5.07243, 10.0985
20.3623, 5.06968, 10.0639
20.3623, 5.06968, 10.0639
20.3656, 5.06721, 10.029
20.3656, 5.06721, 10.029
20.3686, 5.06501, 9.99701
20.3715, 5.06291, 9.96485
20.3715, 5.06291, 9.96485
20.374, 5.06075, 9.92971
20.374, 5.06075, 9.92971
20.3762, 5.0581, 9.88602
20.3779, 5.05612, 9.8521
20.3779, 5.05612, 9.8521
20.3801, 5.05398, 9.8135
20.3801, 5.05398, 9.8135
20.3821, 5.05204, 9.77802
20.3842, 5.05011, 9.74087
20.3842, 5.05011, 9.74087
20.3853, 5.04843, 9.70887
20.3853, 5.04843, 9.70887
20.3861, 5.04639, 9.6698
20.3869, 5.04472, 9.63721
20.3869, 5.04472, 9.63721
20.388, 5.04302, 9.60229
20.388, 5.04302, 9.60229
20.3885, 5.04141, 9.56971
20.3893, 5.04003, 9.5401
20.3893, 5.04003, 9.5401
20.3893, 5.03825, 9.50368
20.3893, 5.03825, 9.50368
20.3892, 5.03669, 9.47232
20.3892, 5.03669, 9.47232
20.3892, 5.03521, 9.44034
20.3892, 5.03388, 9.4096
20.3892, 5.03388, 9.4096
20.3893, 5.03264, 9.37847
20.3893, 5.03264, 9.37847
20.3894, 5.03126, 9.34289
20.3887, 5.02989, 9.31231
20.3887, 5.02989, 9.31231
20.3883, 5.0286, 9.28135
20.3883, 5.0286, 9.28135
20.3871, 5.0272, 9.25097
20.3865, 5.02598, 9.22042
20.3865, 5.02598, 9.22042
20.386, 5.02483, 9.1885
20.386, 5.02483, 9.1885
20.3854, 5.02355, 9.15119
20.3841, 5.02218, 9.11958
20.3841, 5.02218, 9.11958
20.3831, 5.0208, 9.0858
20.3831, 5.0208, 9.0858
20.3821, 5.0195, 9.05464
20.3812, 5.01834, 9.02672
20.3812, 5.01834, 9.02672
20.3804, 5.01718, 8.99644
20.3804, 5.01718, 8.99644
20.3798, 5.01603, 8.96412
20.3783, 5.01473, 8.93046
20.3783, 5.01473, 8.93046
20.3766, 5.01358, 8.90335
20.3766, 5.01358, 8.90335
20.3752, 5.01237, 8.87181
20.3734, 5.0112, 8.84367
20.3734, 5.0112, 8.84367
20.3722, 5.01016, 8.8129
20.3722, 5.01016, 8.8129
20.3708, 5.00914, 8.78281
20.3685, 5.00796, 8.75395
20.3685, 5.00796, 8.75395
20.3664, 5.00679, 8.72482
20.3664, 5.00679, 8.72482
20.3646, 5.00567, 8.69446
20.3629, 5.00463, 8.66558
20.3629, 5.00463, 8.66558
20.3614, 5.00368, 8.63696
20.3614, 5.00368, 8.63696
20.3598, 5.00266, 8.60697
20.3598, 5.00266, 8.60697
20.3574, 5.00199, 8.57847
20.3552, 5.00137, 8.55077
20.3552, 5.00137, 8.55077
20.3531, 5.0008, 8.5228
20.3531, 5.0008, 8.5228
20.3513, 5.00022, 8.49351
20.3495, 4.9997, 8.46336
20.3495, 4.9997, 8.46336
20.3479, 4.99926, 8.43535
20.3479, 4.99926, 8.43535
20.3451, 4.99857, 8.40742
20.3425, 4.99797, 8.38028
20.3425, 4.99797, 8.38028
20.3396, 4.9973, 8.34884
20.3396, 4.9973, 8.34884
20.3375, 4.99681, 8.32184
20.3354, 4.99636, 8.29137
20.3354, 4.99636, 8.29137
20.3336, 4.99598, 8.26632
20.3336, 4.99598, 8.26632
20.3297, 4.99537, 8.23757
20.3268, 4.99494, 8.21036
20.3268, 4.99494, 8.21036
20.3241, 4.99454, 8.18311
20.3241, 4.99454, 8.18311
20.3216, 4.99419, 8.15372
20.3193, 4.99389, 8.12437
20.3193, 4.99389, 8.12437
20.3173, 4.99362, 8.09717
20.3173, 4.99362, 8.09717
20.3141, 4.99324, 8.06987
20.3112, 4.99284, 8.04272
20.3112, 4.99284, 8.04272
20.3086, 4.99248, 8.01558
20.3086, 4.99248, 8.01558
20.3061, 4.99215, 7.98846
20.3033, 4.99183, 7.957
20.3033, 4.99183, 7.957
20.3012, 4.99162, 7.92738
20.3012, 4.99162, 7.92738
20.2979, 4.99138, 7.89993
20.2943, 4.99115, 7.87267
20.2943, 4.99115, 7.87267
20.2915, 4.99099, 7.84336
20.2915, 4.99099, 7.84336
20.289, 4.99085, 7.81474
20.2866, 4.99068, 7.78424
20.2866, 4.99068, 7.78424
20.284, 4.9905, 7.75638
20.284, 4.9905, 7.75638
20.2806, 4.99029, 7.72917
20.2768, 4.99006, 7.70048
20.2768, 4.99006, 7.70048
20.2739, 4.9899, 7.67161
20.2739, 4.9899, 7.67161
20.2713, 4.98975, 7.64548
20.2713, 4.98975, 7.64548
20.2689, 4.98961, 7.61944
20.2663, 4.98945, 7.59175
20.2663, 4.98945, 7.59175
20.2629, 4.98927, 7.56639
20.2597, 4.9891, 7.53878
20.2597, 4.9891, 7.53878
20.2569, 4.98898, 7.51557
20.2569, 4.98898, 7.51557
20.2536, 4.98882, 7.48793
20.2511, 4.98872, 7.46237
20.2511, 4.98872, 7.46237
20.2484, 4.98862, 7.43448
20.2484, 4.98862, 7.43448
20.2443, 4.98845, 7.40957
20.2443, 4.98845, 7.40957
20.2411, 4.98831, 7.3824
20.2383, 4.98817, 7.35682
20.2383, 4.98817, 7.35682
20.2356, 4.98806, 7.32972
20.2356, 4.98806, 7.32972
20.2337, 4.98798, 7.30612
20.2308, 4.98784, 7.27924
20.2308, 4.98784, 7.27924
20.2276, 4.98767, 7.25359
20.2276, 4.98767, 7.25359
20.2247, 4.98747, 7.22638
20.2215, 4.98724, 7.19975
20.2215, 4.98724, 7.19975
20.2191, 4.98706, 7.17504
20.2191, 4.98706, 7.17504
20.2169, 4.9869, 7.15259
20.2146, 4.98673, 7.12602
20.2112, 4.98648, 7.09901
20.2112, 4.98648, 7.09901
20.2082, 4.98629, 7.07501
20.2058, 4.9861, 7.04742
20.2058, 4.9861, 7.04742
20.2037, 4.98594, 7.02286
20.2037, 4.98594, 7.02286
20.2017, 4.9858, 6.99825
20.1989, 4.9856, 6.97143
20.1989, 4.9856, 6.97143
20.1961, 4.98542, 6.9468
20.1961, 4.98542, 6.9468
20.1936, 4.98527, 6.92431
20.1936, 4.98527, 6.92431
20.1912, 4.9851, 6.89718
20.1891, 4.98492, 6.87289
20.1891, 4.98492, 6.87289
20.1872, 4.98476, 6.84864
20.1872, 4.98476, 6.84864
20.1851, 4.98467, 6.82263
20.1825, 4.98487, 6.80124
20.1825, 4.98487, 6.80124
20.1799, 4.98499, 6.77331
20.1799, 4.98499, 6.77331
20.1772, 4.98517, 6.74856
20.1751, 4.98526, 6.725
20.1751, 4.98526, 6.725
20.1731, 4.98526, 6.69931
20.1731, 4.98526, 6.69931
20.1706, 4.9856, 6.67487
20.1706, 4.9856, 6.67487
20.1681, 4.98599, 6.65073
20.1659, 4.98634, 6.62874
20.1659, 4.98634, 6.62874
20.1634, 4.98669, 6.60155
20.1634, 4.98669, 6.60155
20.1618, 4.98675, 6.57879
20.1598, 4.98695, 6.55443
20.1598, 4.98695, 6.55443
20.1574, 4.98736, 6.53116
20.1574, 4.98736, 6.53116
20.155, 4.98781, 6.50788
20.1528, 4.98814, 6.48347
20.1528, 4.98814, 6.48347
20.1509, 4.98841, 6.46055
20.1509, 4.98841, 6.46055
20.1491, 4.98855, 6.43501
20.1491, 4.98855, 6.43501
20.1472, 4.98876, 6.41036
20.1451, 4.98923, 6.38757
20.1451, 4.98923, 6.38757
20.1429, 4.98969, 6.36354
20.1429, 4.98969, 6.36354
20.1409, 4.99008, 6.34042
20.1388, 4.99056, 6.31642
20.1388, 4.99056, 6.31642
20.1373, 4.99078, 6.29127
20.1373, 4.99078, 6.29127
20.136, 4.991, 6.27
20.1342, 4.99194, 6.24511
20.1342, 4.99194, 6.24511
20.1326, 4.99275, 6.22015
20.1326, 4.99275, 6.22015
20.1311, 4.99353, 6.19895
20.1295, 4.99437, 6.17444
20.1295, 4.99437, 6.17444
20.1284, 4.99484, 6.15139
20.1284, 4.99484, 6.15139
20.1273, 4.99514, 6.12642
20.1273, 4.99514, 6.12642
20.1254, 4.99621, 6.10467
20.1236, 4.99706, 6.07863
20.1236, 4.99706, 6.07863
20.1217, 4.99814, 6.05609
20.1217, 4.99814, 6.05609
20.1204, 4.99878, 6.03292
20.1191, 4.99923, 6.00781
20.1191, 4.99923, 6.00781
20.1178, 4.9998, 5.98502
