39.99885, 40.01793, 5.03356
39.99934, 40.01840, 5.03546
39.99968, 40.01885, 5.03607
40.00017, 40.01942, 5.03770
40.00046, 40.01954, 5.03907
40.00050, 40.01908, 5.03928
40.00081, 40.01818, 5.04055
40.00114, 40.01622, 5.04109
40.00137, 40.01265, 5.04136
40.00156, 40.00812, 5.04202
40.00160, 40.00013, 5.04273
40.00161, 39.98987, 5.04390
40.00182, 39.96265, 5.04744
40.00179, 39.94312, 5.04876
40.00179, 39.94312, 5.04876
40.00172, 39.91816, 5.04969
40.00152, 39.86033, 5.05011
40.00149, 39.82583, 5.04945
40.00152, 39.75096, 5.04740
40.00156, 39.69947, 5.04560
40.00162, 39.65659, 5.04422
40.00123, 39.55160, 5.04074
40.00100, 39.49375, 5.03908
40.00076, 39.42727, 5.03778
40.00060, 39.37650, 5.03731
40.00027, 39.24874, 5.03544
40.00007, 39.18249, 5.03499
39.99970, 39.11878, 5.03415
39.99970, 39.11878, 5.03415
39.99807, 38.99017, 5.03261
39.99718, 38.91724, 5.03213
39.99584, 38.78106, 5.02982
39.99504, 38.71665, 5.02847
39.99335, 38.64557, 5.02730
39.99075, 38.50015, 5.02487
39.98972, 38.42850, 5.02377
39.98877, 38.36513, 5.02307
39.98640, 38.28322, 5.02250
39.98462, 38.21218, 5.02197
39.98294, 38.13781, 5.02142
39.97960, 37.98330, 5.02126
39.97738, 37.90673, 5.02099
39.97503, 37.82316, 5.02060
39.97042, 37.66144, 5.02053
39.96863, 37.58868, 5.02030
39.96446, 37.42127, 5.01863
39.96217, 37.33904, 5.01745
39.96057, 37.25993, 5.01598
39.95826, 37.16784, 5.01434
39.95660, 37.08811, 5.01336
39.95512, 37.01244, 5.01289
39.95512, 37.01244, 5.01289
39.95258, 36.91937, 5.01253
39.95024, 36.83163, 5.01269
39.94579, 36.65523, 5.01440
39.94417, 36.57556, 5.01536
39.93926, 36.39403, 5.01774
39.93724, 36.30273, 5.01883
39.93546, 36.21301, 5.02002
39.93393, 36.12735, 5.02134
39.93227, 36.03786, 5.02280
39.92929, 35.93857, 5.02537
39.92729, 35.84995, 5.02733
39.92562, 35.75630, 5.02926
39.92257, 35.57420, 5.03478
39.91897, 35.38164, 5.03906
39.91751, 35.28841, 5.04118
39.91630, 35.19450, 5.04329
39.91532, 35.10147, 5.04517
39.91458, 35.00922, 5.04675
39.91259, 34.91556, 5.04857
39.91095, 34.81518, 5.05014
39.90961, 34.71504, 5.05177
39.90798, 34.53443, 5.05443
39.90672, 34.43244, 5.05726
39.90429, 34.22723, 5.06034
39.90347, 34.12685, 5.06177
39.90239, 34.02890, 5.06485
39.90168, 33.93522, 5.06671
39.90000, 33.82419, 5.06960
39.89921, 33.71907, 5.07100
39.89858, 33.61866, 5.07237
39.89809, 33.52287, 5.07364
39.89752, 33.41984, 5.07574
39.89552, 33.21697, 5.07736
39.89452, 33.11692, 5.07801
39.89356, 32.99967, 5.07900
39.89271, 32.89939, 5.08043
39.89221, 32.78891, 5.08004
39.89138, 32.68332, 5.08007
39.89065, 32.58761, 5.08046
39.89038, 32.47870, 5.07993
39.88965, 32.26797, 5.08081
39.88934, 32.16817, 5.07912
39.88878, 32.05923, 5.07806
39.88816, 31.85874, 5.07587
39.88859, 31.65232, 5.07194
39.88832, 31.42868, 5.06718
39.88835, 31.32017, 5.06499
39.88845, 31.21721, 5.06328
39.88845, 31.21721, 5.06328
39.88873, 31.11388, 5.06170
39.88903, 30.89698, 5.05967
39.88905, 30.79665, 5.05932
39.88972, 30.55611, 5.05902
39.89045, 30.46448, 5.05796
39.89063, 30.34838, 5.05729
39.89074, 30.22752, 5.05679
39.89116, 30.12401, 5.05590
39.89186, 30.01448, 5.05466
39.89315, 29.79805, 5.05266
39.89345, 29.68212, 5.05165
39.89371, 29.57990, 5.05103
39.89439, 29.46497, 5.04998
39.89507, 29.35906, 5.04902
39.89649, 29.14131, 5.04688
39.89672, 29.02551, 5.04585
39.89731, 28.79682, 5.04438
39.89847, 28.57375, 5.04340
39.89959, 28.34553, 5.04209
39.90010, 28.23289, 5.04226
39.90096, 28.12849, 5.04203
39.90198, 28.02314, 5.04170
39.90265, 27.90096, 5.04196
39.90339, 27.77951, 5.04224
39.90555, 27.55326, 5.04110
39.90666, 27.44634, 5.04059
39.90753, 27.34090, 5.04037
39.90930, 27.11261, 5.03960
39.91021, 26.99328, 5.03944
39.91238, 26.76466, 5.03734
39.91304, 26.65231, 5.03662
39.91388, 26.53367, 5.03572
39.91561, 26.30553, 5.03424
39.91663, 26.18982, 5.03338
39.91885, 25.82962, 5.03138
39.91963, 25.72368, 5.03036
39.92062, 25.60920, 5.02911
39.92062, 25.60920, 5.02911
39.92162, 25.48221, 5.02764
39.92242, 25.37171, 5.02649
39.92437, 25.14356, 5.02418
39.92547, 25.02865, 5.02317
39.92645, 24.92596, 5.02248
39.92773, 24.78522, 5.02122
39.93012, 24.54288, 5.01901
39.93134, 24.43198, 5.01787
39.93398, 24.19534, 5.01534
39.93523, 24.07331, 5.01426
39.93523, 24.07331, 5.01426
39.93766, 23.84275, 5.01243
39.93766, 23.84275, 5.01243
39.93875, 23.74179, 5.01173
39.93998, 23.62517, 5.01120
39.94228, 23.40805, 5.01067
39.94348, 23.29299, 5.01035
39.94581, 23.06947, 5.00839
39.94691, 22.96140, 5.00727
39.94826, 22.83770, 5.00604
39.94945, 22.72488, 5.00496
39.95045, 22.62825, 5.00390
39.95168, 22.50390, 5.00264
39.95276, 22.39268, 5.00161
39.95390, 22.27264, 5.00063
39.95508, 22.15426, 4.99972
39.95609, 22.04548, 4.99903
39.95724, 21.91162, 4.99844
39.95809, 21.81049, 4.99810
39.95904, 21.70244, 4.99791
39.96021, 21.57362, 4.99783
39.96125, 21.46296, 4.99779
39.96362, 21.22861, 4.99744
39.96593, 20.98700, 4.99714
39.96688, 20.87898, 4.99708
39.96780, 20.77105, 4.99711
39.96883, 20.64487, 4.99705
39.96971, 20.53569, 4.99707
39.97073, 20.41322, 4.99688
39.97157, 20.30448, 4.99673
39.97253, 20.18112, 4.99657
39.97319, 20.07008, 4.99647
39.97370, 19.96410, 4.99631
39.97433, 19.83309, 4.99581
39.97486, 19.72248, 4.99525
39.97537, 19.60336, 4.99453
39.97584, 19.48552, 4.99387
39.97632, 19.37193, 4.99343
39.97725, 19.14272, 4.99358
39.97769, 19.02765, 4.99160
39.97812, 18.90886, 4.98990
39.97853, 18.80633, 4.98847
39.97896, 18.69073, 4.98703
39.97937, 18.56836, 4.98538
39.97971, 18.46477, 4.98373
39.98036, 18.22754, 4.97972
39.98036, 18.22754, 4.97972
39.98079, 18.11414, 4.97714
39.98167, 17.88680, 4.97418
39.98211, 17.78078, 4.97275
39.98244, 17.68577, 4.97197
39.98289, 17.56565, 4.97108
39.98349, 17.45286, 4.97082
39.98400, 17.35627, 4.97084
39.98540, 17.13575, 4.97064
39.98591, 17.01675, 4.97077
39.98658, 16.92022, 4.97076
39.98724, 16.81608, 4.97089
39.98823, 16.70150, 4.97049
39.98983, 16.49310, 4.97025
39.99037, 16.39367, 4.97060
39.99151, 16.27557, 4.97083
39.99243, 16.17646, 4.97124
39.99344, 16.05758, 4.97197
39.99399, 15.97280, 4.97266
39.99466, 15.86092, 4.97368
39.99541, 15.76175, 4.97450
39.99625, 15.65898, 4.97523
39.99713, 15.54917, 4.97598
39.99757, 15.45531, 4.97649
39.99757, 15.45531, 4.97649
39.99866, 15.24669, 4.97749
39.99933, 15.13959, 4.97799
40.00086, 14.94601, 4.97860
40.00141, 14.85403, 4.97906
40.00188, 14.75361, 4.97960
40.00245, 14.65281, 4.98012
40.00371, 14.54257, 4.98082
40.00526, 14.34234, 4.98240
40.00650, 14.14942, 4.98427
40.00713, 14.05720, 4.98526
40.00872, 13.86088, 4.98756
40.00958, 13.75732, 4.98915
40.00958, 13.75732, 4.98915
40.01019, 13.66213, 4.99042
40.01074, 13.56866, 4.99160
40.01275, 13.36844, 4.99376
40.01343, 13.27386, 4.99461
40.01402, 13.18552, 4.99533
40.01468, 13.09303, 4.99605
40.01559, 12.99800, 4.99664
40.01658, 12.89884, 4.99749
40.01750, 12.81180, 4.99847
40.01854, 12.70150, 4.99988
40.01929, 12.61370, 5.00117
40.01991, 12.51453, 5.00268
40.02119, 12.41952, 5.00459
40.02278, 12.23513, 5.00692
40.02362, 12.13539, 5.00809
40.02416, 12.03253, 5.00874
40.02493, 11.93616, 5.00943
40.02576, 11.85917, 5.01013
40.02646, 11.76422, 5.01048
40.02705, 11.67098, 5.01065
40.02772, 11.57190, 5.01070
40.02850, 11.47649, 5.01067
40.02850, 11.47649, 5.01067
40.02923, 11.38237, 5.01065
40.02986, 11.28691, 5.01053
40.03040, 11.18737, 5.01035
40.03090, 11.09933, 5.00978
40.03142, 11.00415, 5.00941
40.03258, 10.82183, 5.00935
40.03303, 10.72342, 5.00937
40.03303, 10.72342, 5.00937
40.03343, 10.63379, 5.00940
40.03385, 10.53128, 5.00966
40.03424, 10.44047, 5.00965
40.03476, 10.35723, 5.00933
40.03555, 10.15670, 5.00896
40.03578, 10.05825, 5.00870
40.03632, 9.87876, 5.00835
40.03685, 9.78353, 5.00814
40.03716, 9.69630, 5.00798
40.03742, 9.59353, 5.00783
40.03786, 9.41636, 5.00764
40.03861, 9.31145, 5.00756
40.03911, 9.23054, 5.00719
40.03979, 9.03623, 5.00608
40.04001, 8.94141, 5.00570
40.04030, 8.85282, 5.00559
40.04104, 8.66171, 5.00585
40.04129, 8.56513, 5.00600
40.04181, 8.37796, 5.00682
40.04207, 8.28999, 5.00734
40.04239, 8.18612, 5.00831
40.04248, 8.09871, 5.00894
40.04271, 8.00276, 5.01014
40.04284, 7.81887, 5.01196
40.04305, 7.72508, 5.01287
40.04315, 7.62945, 5.01365
40.04324, 7.44181, 5.01532
40.04331, 7.34775, 5.01632
40.04340, 7.25522, 5.01634
40.04341, 7.16027, 5.01611
40.04351, 7.06519, 5.01568
40.04354, 6.97225, 5.01519
40.04360, 6.88316, 5.01472
40.04351, 6.78232, 5.01425
40.04343, 6.68855, 5.01399
40.04338, 6.59959, 5.01383
40.04329, 6.50047, 5.01370
40.04319, 6.40194, 5.01372
40.04311, 6.31512, 5.01383
40.04311, 6.21694, 5.01342
40.04307, 6.02830, 5.01191
40.04305, 5.93401, 5.01135
40.04301, 5.83691, 5.01102
40.04291, 5.74972, 5.01093
40.04272, 5.65633, 5.01084
40.04253, 5.56660, 5.01092
40.04227, 5.46138, 5.01099
40.04202, 5.38119, 5.01116
40.04167, 5.27829, 5.01161
40.04115, 5.17224, 5.01230
40.04058, 5.08562, 5.01294
40.04002, 4.99216, 5.01368
40.03938, 4.89338, 5.01453
40.03938, 4.89338, 5.01453
40.03883, 4.79954, 5.01458
40.03821, 4.70373, 5.01476
40.03754, 4.61011, 5.01510
40.03685, 4.51136, 5.01557
40.03545, 4.32014, 5.01751
40.03484, 4.23212, 5.01854
40.03420, 4.13156, 5.01961
40.03361, 4.03200, 5.02074
40.03304, 3.93452, 5.02163
40.03262, 3.85962, 5.02191
40.03203, 3.76585, 5.02278
40.03148, 3.66704, 5.02330
40.03098, 3.57521, 5.02325
40.02975, 3.37393, 5.02281
40.02885, 3.28667, 5.02263
40.02885, 3.28667, 5.02263
40.02792, 3.19601, 5.02202
40.02698, 3.10462, 5.02157
40.02579, 3.01231, 5.02143
40.02341, 2.82278, 5.02162
40.02252, 2.74150, 5.02186
40.02042, 2.55618, 5.02283
40.01845, 2.36779, 5.02355
40.01728, 2.27480, 5.02417
40.01634, 2.18274, 5.02462
40.01539, 2.08535, 5.02500
40.01539, 2.08535, 5.02500
40.01447, 1.99784, 5.02514
40.01350, 1.89912, 5.02506
40.01246, 1.82081, 5.02525
40.01123, 1.72235, 5.02533
40.01005, 1.62580, 5.02572
40.00889, 1.52887, 5.02630
40.00782, 1.44800, 5.02718
40.00666, 1.34347, 5.02782
40.00527, 1.24361, 5.02878
40.00441, 1.16788, 5.02916
40.00320, 1.06503, 5.02989
40.00227, 0.96815, 5.03033
40.00227, 0.96815, 5.03033
40.00137, 0.87801, 5.03086
40.00013, 0.77659, 5.03178
39.99927, 0.68417, 5.03196
39.99807, 0.59272, 5.03292
39.99712, 0.50814, 5.03353
39.99607, 0.40578, 5.03437
39.99502, 0.30532, 5.03516
39.99414, 0.21622, 5.03578
39.99327, 0.11948, 5.03631
39.99095, -0.16603, 5.03778
39.99027, -0.25317, 5.03796
39.98958, -0.36036, 5.03766
39.98901, -0.45008, 5.03769
39.98845, -0.55643, 5.03771
39.98795, -0.65619, 5.03762
39.98768, -0.74628, 5.03688
39.98725, -0.84840, 5.03640
39.98692, -0.95288, 5.03580
39.98670, -1.04681, 5.03513
39.98650, -1.13786, 5.03483
39.98632, -1.24276, 5.03444
39.98588, -1.33287, 5.03429
39.98551, -1.42094, 5.03356
39.98551, -1.42094, 5.03356
39.98506, -1.51171, 5.03288
39.98467, -1.60655, 5.03223
39.98395, -1.80139, 5.03100
39.98366, -1.90622, 5.03041
39.98313, -1.99970, 5.02982
39.98249, -2.09961, 5.02961
39.98206, -2.19493, 5.02923
39.98151, -2.29264, 5.02865
39.98086, -2.38456, 5.02783
39.98027, -2.48114, 5.02717
39.97962, -2.58204, 5.02664
39.97914, -2.68803, 5.02580
39.97865, -2.78106, 5.02538
39.97802, -2.96843, 5.02460
39.97729, -3.06814, 5.02438
39.97665, -3.16147, 5.02262
39.97589, -3.26845, 5.01889
39.97589, -3.26845, 5.01889
39.97532, -3.36382, 5.01625
39.97440, -3.46051, 5.01325
39.97351, -3.55835, 5.01090
39.97183, -3.75391, 5.00628
39.97119, -3.84435, 5.00479
39.97061, -3.93691, 5.00346
39.97013, -4.03349, 5.00242
39.96960, -4.14032, 5.00147
39.96908, -4.23944, 5.00083
39.96865, -4.33737, 5.00044
39.96828, -4.41793, 5.00025
39.96785, -4.51675, 5.00034
39.96754, -4.62123, 5.00050
39.96655, -4.90108, 5.00212
39.96632, -4.99141, 5.00295
39.96619, -5.10204, 5.00395
39.96592, -5.20320, 5.00510
39.96568, -5.28691, 5.00587
39.96544, -5.38374, 5.00668
39.96520, -5.48782, 5.00750
39.96497, -5.57811, 5.00833
39.96473, -5.68053, 5.00912
39.96450, -5.77776, 5.01003
39.96411, -5.88058, 5.01118
39.96368, -5.96860, 5.01217
39.96334, -6.07232, 5.01272
39.96303, -6.15788, 5.01332
39.96238, -6.36482, 5.01425
39.96206, -6.46283, 5.01501
39.96186, -6.55119, 5.01567
39.96170, -6.65014, 5.01631
39.96153, -6.73734, 5.01711
39.96120, -6.83236, 5.01837
39.96098, -6.92587, 5.01924
39.96083, -7.03091, 5.01997
39.96070, -7.12193, 5.02110
39.96066, -7.22116, 5.02183
39.96066, -7.22116, 5.02183
39.96063, -7.31610, 5.02256
39.96063, -7.41857, 5.02359
39.96081, -7.61081, 5.02499
39.96092, -7.71191, 5.02553
39.96164, -8.00206, 5.02614
39.96198, -8.09832, 5.02616
39.96229, -8.19519, 5.02593
39.96257, -8.28605, 5.02561
39.96287, -8.36739, 5.02528
39.96318, -8.47803, 5.02470
39.96349, -8.56854, 5.02415
39.96349, -8.56854, 5.02415
39.96380, -8.67063, 5.02327
39.96406, -8.76774, 5.02227
39.96437, -8.87035, 5.02104
39.96464, -8.96146, 5.02005
39.96539, -9.15572, 5.01767
39.96539, -9.15572, 5.01767
39.96581, -9.26048, 5.01633
39.96613, -9.35751, 5.01530
39.96644, -9.45384, 5.01437
39.96689, -9.55884, 5.01344
39.96742, -9.74295, 5.01178
39.96742, -9.74295, 5.01178
39.96742, -9.74295, 5.01178
39.96770, -9.85179, 5.01086
39.96829, -10.03564, 5.00933
39.96854, -10.12520, 5.00855
39.96884, -10.21841, 5.00705
39.96931, -10.32121, 5.00495
39.96985, -10.42557, 5.00306
39.97029, -10.52412, 5.00188
39.97085, -10.60529, 5.00103
39.97294, -10.81332, 4.99973
39.97385, -10.90851, 4.99930
39.97491, -11.01554, 4.99901
39.97620, -11.11655, 4.99901
39.97620, -11.11655, 4.99901
39.97710, -11.20457, 4.99906
39.97848, -11.31268, 4.99945
39.97956, -11.40614, 4.99954
39.98058, -11.49063, 4.99966
39.98162, -11.59389, 4.99983
39.98266, -11.69386, 4.99993
39.98357, -11.78175, 5.00025
39.98466, -11.87534, 5.00062
39.98588, -11.98736, 5.00088
39.98655, -12.06108, 5.00062
39.98655, -12.06108, 5.00062
39.98789, -12.25922, 4.99996
39.98789, -12.25922, 4.99996
39.98859, -12.36044, 4.99975
39.99000, -12.56494, 4.99827
39.99059, -12.64906, 4.99789
39.99188, -12.85620, 4.99738
39.99289, -12.94329, 4.99726
39.99407, -13.05724, 4.99725
39.99497, -13.14808, 4.99711
39.99586, -13.25077, 4.99704
39.99674, -13.35841, 4.99695
39.99757, -13.45236, 4.99668
39.99924, -13.64882, 4.99495
40.00002, -13.74761, 4.99314
40.00106, -13.85159, 4.99172
40.00199, -13.95430, 4.99063
40.00284, -14.05753, 4.98972
40.00363, -14.15226, 4.98912
40.00363, -14.15226, 4.98912
40.00437, -14.25239, 4.98876
40.00505, -14.35391, 4.98851
40.00572, -14.45321, 4.98845
40.00649, -14.55587, 4.98843
40.00710, -14.65296, 4.98848
40.00765, -14.74557, 4.98854
40.00816, -14.84760, 4.98870
40.00864, -14.93863, 4.98862
40.00910, -15.03404, 4.98832
40.00946, -15.13564, 4.98786
40.00986, -15.33076, 4.98681
40.01004, -15.43449, 4.98602
40.01004, -15.43449, 4.98602
40.01019, -15.53369, 4.98561
40.01027, -15.63047, 4.98549
40.01034, -15.71047, 4.98526
40.01040, -15.79453, 4.98514
40.01045, -15.89855, 4.98496
40.01051, -16.00598, 4.98486
40.01057, -16.09656, 4.98482
40.01061, -16.20456, 4.98494
40.01063, -16.29908, 4.98504
40.01064, -16.40307, 4.98523
40.01058, -16.50401, 4.98544
40.01052, -16.59573, 4.98565
40.01051, -16.69535, 4.98590
40.01065, -16.89667, 4.98628
40.01066, -16.99448, 4.98629
40.01066, -16.99448, 4.98629
40.01064, -17.19893, 4.98630
40.01032, -17.30370, 4.98651
40.00970, -17.49553, 4.98654
40.00937, -17.59555, 4.98644
40.00918, -17.68861, 4.98655
40.00907, -17.78690, 4.98676
40.00894, -17.89840, 4.98693
40.00889, -17.99131, 4.98703
40.00879, -18.08892, 4.98695
40.00868, -18.19651, 4.98649
40.00855, -18.28857, 4.98579
40.00844, -18.37865, 4.98520
40.00699, -18.58387, 4.98344
40.00634, -18.67036, 4.98206
40.00575, -18.76006, 4.98018
40.00510, -18.86435, 4.97846
40.00439, -18.94763, 4.97689
40.00358, -19.06522, 4.97507
40.00312, -19.14511, 4.97410
40.00254, -19.24397, 4.97288
40.00202, -19.34853, 4.97189
40.00202, -19.34853, 4.97189
40.00047, -19.65198, 4.96942
40.00013, -19.72295, 4.96900
39.99986, -19.82370, 4.96899
39.99986, -19.82370, 4.96899
39.99964, -19.91788, 4.96895
39.99947, -20.01199, 4.96890
39.99927, -20.12060, 4.96878
39.99912, -20.21066, 4.96885
39.99895, -20.31613, 4.96901
39.99880, -20.40656, 4.96907
39.99860, -20.50596, 4.96896
39.99839, -20.58996, 4.96922
39.99797, -20.69819, 4.96947
39.99767, -20.79293, 4.96950
39.99739, -20.89182, 4.96920
39.99722, -21.00636, 4.96918
39.99709, -21.09510, 4.96941
39.99689, -21.17922, 4.96934
39.99674, -21.27518, 4.96958
39.99663, -21.36196, 4.96988
39.99658, -21.46376, 4.97023
39.99649, -21.55876, 4.96983
39.99627, -21.75343, 4.96989
39.99627, -21.75343, 4.96989
39.99607, -21.94387, 4.97020
39.99595, -22.04042, 4.97065
39.99595, -22.04042, 4.97065
39.99546, -22.22242, 4.97189
39.99520, -22.33047, 4.97298
39.99511, -22.40900, 4.97392
39.99499, -22.50372, 4.97527
39.99456, -22.69076, 4.97803
39.99438, -22.79115, 4.97965
39.99421, -22.89541, 4.98127
39.99405, -22.98182, 4.98255
39.99393, -23.07737, 4.98317
39.99379, -23.17505, 4.98361
39.99355, -23.26264, 4.98420
39.99319, -23.36349, 4.98496
39.99242, -23.61322, 4.98649
39.99223, -23.71654, 4.98704
39.99223, -23.71654, 4.98704
39.99202, -23.79279, 4.98742
39.99194, -23.89059, 4.98793
39.99131, -23.98663, 4.98856
39.99087, -24.07890, 4.98873
39.99034, -24.17194, 4.98894
39.99002, -24.26083, 4.98929
39.98953, -24.35474, 4.98977
39.98905, -24.44812, 4.99040
39.98816, -24.63634, 4.99195
39.98816, -24.63634, 4.99195
39.98798, -24.72527, 4.99260
39.98725, -24.91885, 4.99380
39.98699, -25.01801, 4.99430
39.98670, -25.10036, 4.99474
39.98644, -25.20082, 4.99531
39.98589, -25.38108, 4.99604
39.98543, -25.47540, 4.99599
39.98498, -25.57442, 4.99599
39.98414, -25.75343, 4.99607
39.98335, -25.94458, 4.99629
39.98291, -26.04098, 4.99660
39.98253, -26.13331, 4.99692
39.98217, -26.22305, 4.99713
39.98189, -26.31562, 4.99730
39.98157, -26.40735, 4.99752
39.98092, -26.59977, 4.99825
39.98071, -26.68858, 4.99871
39.98054, -26.77678, 4.99916
39.98036, -26.87340, 4.99971
39.98036, -26.87340, 4.99971
39.98017, -26.96623, 5.00033
39.97995, -27.06956, 5.00090
39.97986, -27.16167, 5.00118
39.97975, -27.24977, 5.00148
39.97966, -27.34298, 5.00177
39.97956, -27.42332, 5.00189
39.97948, -27.51917, 5.00200
39.97939, -27.61081, 5.00206
39.97931, -27.70617, 5.00203
39.97924, -27.80237, 5.00196
39.97919, -27.88392, 5.00177
39.97912, -27.99064, 5.00127
39.97902, -28.06616, 5.00090
39.97889, -28.16540, 5.00029
39.97879, -28.26449, 4.99929
39.97865, -28.36129, 4.99836
39.97845, -28.45696, 4.99774
39.97795, -28.64489, 4.99646
39.97772, -28.73060, 4.99631
39.97751, -28.83349, 4.99620
39.97738, -28.92376, 4.99629
39.97738, -28.92376, 4.99629
39.97761, -29.01940, 4.99660
39.97784, -29.11931, 4.99711
39.97807, -29.20906, 4.99699
39.97838, -29.30563, 4.99266
39.97865, -29.38974, 4.98967
39.97902, -29.49593, 4.98718
39.97957, -29.58526, 4.98519
39.98005, -29.67044, 4.98359
39.98050, -29.77103, 4.98225
39.98093, -29.86909, 4.98115
39.98132, -29.97044, 4.98008
39.98164, -30.05357, 4.97922
39.98199, -30.15026, 4.97859
39.98252, -30.24396, 4.97796
39.98332, -30.43808, 4.97739
39.98364, -30.52875, 4.97738
39.98479, -30.71151, 4.97800
39.98479, -30.71151, 4.97800
39.98519, -30.78175, 4.97831
39.98580, -30.89479, 4.97896
39.98667, -31.06847, 4.98020
39.98712, -31.16816, 4.98097
39.98772, -31.26327, 4.98145
39.98828, -31.36536, 4.98225
39.98867, -31.43730, 4.98290
39.98915, -31.54175, 4.98392
39.98957, -31.63538, 4.98489
39.99030, -31.72081, 4.98557
39.99125, -31.81278, 4.98627
39.99125, -31.81278, 4.98627
39.99206, -31.90939, 4.98666
39.99246, -31.99039, 4.98710
39.99299, -32.07198, 4.98761
39.99456, -32.26660, 4.98908
39.99456, -32.26660, 4.98908
39.99456, -32.26660, 4.98908
39.99553, -32.45567, 4.99100
39.99553, -32.45567, 4.99100
39.99595, -32.55165, 4.99215
39.99631, -32.64476, 4.99341
39.99673, -32.74482, 4.99487
39.99747, -32.82605, 4.99596
39.99812, -32.93110, 4.99712
39.99853, -33.00842, 4.99790
39.99917, -33.10902, 4.99904
39.99959, -33.20987, 4.99974
39.99959, -33.20987, 4.99974
40.00019, -33.30666, 5.00051
40.00075, -33.40431, 5.00143
40.00128, -33.49784, 5.00257
40.00222, -33.68892, 5.00524
40.00222, -33.68892, 5.00524
40.00287, -33.77750, 5.00647
40.00332, -33.85561, 5.00747
40.00388, -33.95431, 5.00876
40.00438, -34.04965, 5.00996
40.00438, -34.04965, 5.00996
40.00498, -34.14857, 5.01129
40.00546, -34.24761, 5.01191
40.00629, -34.34265, 5.01301
40.00737, -34.53400, 5.01461
40.00737, -34.53400, 5.01461
40.00797, -34.63187, 5.01335
40.00853, -34.72861, 5.00982
40.00905, -34.82235, 5.00683
40.00939, -34.90860, 5.00475
40.00979, -35.01224, 5.00218
40.01014, -35.10339, 5.00004
40.01045, -35.19509, 4.99790
40.01093, -35.29308, 4.99494
40.01124, -35.39285, 4.99240
40.01148, -35.49536, 4.99046
40.01169, -35.58428, 4.98911
40.01206, -35.69659, 4.98824
40.01249, -35.79879, 4.98775
40.01291, -35.89735, 4.98759
40.01331, -36.00251, 4.98773
40.01368, -36.10512, 4.98777
40.01397, -36.19271, 4.98779
40.01437, -36.30601, 4.98744
40.01437, -36.30601, 4.98744
40.01478, -36.40739, 4.98685
40.01515, -36.50883, 4.98641
40.01554, -36.61844, 4.98599
40.01612, -36.82073, 4.98614
40.01612, -36.82073, 4.98614
40.01664, -36.92895, 4.98673
40.01699, -37.03246, 4.98749
40.01729, -37.13866, 4.98821
40.01754, -37.22741, 4.98884
40.01754, -37.22741, 4.98884
40.01779, -37.34355, 4.99004
40.01790, -37.43716, 4.99104
40.01806, -37.54896, 4.99225
40.01834, -37.65439, 4.99342
40.01859, -37.74990, 4.99461
40.01877, -37.85217, 4.99587
40.01893, -37.95655, 4.99736
40.01908, -38.05326, 4.99895
40.01923, -38.25897, 5.00252
40.01925, -38.36189, 5.00442
40.01925, -38.36189, 5.00442
40.01923, -38.46332, 5.00639
40.01917, -38.56450, 5.00835
40.01909, -38.65974, 5.01035
40.01897, -38.77087, 5.01243
40.01887, -38.86385, 5.01399
40.01871, -38.97552, 5.01589
40.01856, -39.06876, 5.01769
40.01840, -39.16866, 5.01951
40.01825, -39.27647, 5.02181
40.01825, -39.27647, 5.02181
40.01816, -39.37273, 5.02332
40.01805, -39.47727, 5.02505
40.01801, -39.57617, 5.02631
40.01798, -39.67785, 5.02766
40.01796, -39.87891, 5.03151
40.01788, -39.98654, 5.03308
40.01762, -40.17678, 5.03627
40.01762, -40.17678, 5.03627
40.01746, -40.27464, 5.03787
40.01740, -40.38560, 5.04007
40.01737, -40.46895, 5.04193
40.01733, -40.58389, 5.04354
40.01734, -40.68025, 5.04546
40.01702, -40.87149, 5.04807
40.01674, -40.96918, 5.05013
40.01660, -41.05763, 5.05079
40.01634, -41.17267, 5.05218
40.01608, -41.28075, 5.05368
40.01588, -41.37850, 5.05471
40.01554, -41.47571, 5.05580
40.01516, -41.56627, 5.05695
40.01482, -41.67050, 5.05779
40.01416, -41.87351, 5.05985
40.01372, -41.96625, 5.06069
40.01322, -42.06689, 5.06182
40.01302, -42.16152, 5.06149
40.01278, -42.25955, 5.06160
40.01262, -42.35429, 5.06183
40.01249, -42.46132, 5.06226
40.01230, -42.56227, 5.06283
40.01193, -42.74193, 5.06348
40.01183, -42.84055, 5.06324
40.01175, -43.02718, 5.06255
40.01174, -43.13157, 5.06230
40.01180, -43.22788, 5.06177
40.01180, -43.22788, 5.06177
40.01172, -43.31844, 5.06116
40.01165, -43.41637, 5.06081
40.01185, -43.59453, 5.05931
40.01185, -43.59453, 5.05931
40.01138, -43.78434, 5.05823
40.01109, -43.87273, 5.05744
40.01088, -43.96072, 5.05643
40.01066, -44.06149, 5.05507
40.01035, -44.15716, 5.05336
40.00975, -44.24370, 5.05197
40.00928, -44.34055, 5.05053
40.00830, -44.52975, 5.04803
40.00792, -44.61449, 5.04690
40.00764, -44.70940, 5.04547
40.00764, -44.70940, 5.04547
40.00668, -44.80376, 5.04398
40.00587, -44.89793, 5.04267
40.00511, -44.98299, 5.04144
40.00447, -45.07954, 5.04010
40.00369, -45.17481, 5.03891
40.00300, -45.25836, 5.03815
40.00229, -45.36001, 5.03708
40.00124, -45.44954, 5.03637
40.00002, -45.54086, 5.03582
39.99920, -45.62572, 5.03530
39.99846, -45.70827, 5.03494
39.99729, -45.79372, 5.03478
39.99576, -45.88828, 5.03490
39.99483, -45.98507, 5.03482
39.99374, -46.06825, 5.03517
39.99374, -46.06825, 5.03517
39.99285, -46.16277, 5.03543
39.99252, -46.25121, 5.03526
39.99204, -46.33801, 5.03547
39.99099, -46.42844, 5.03568
39.98976, -46.51903, 5.03625
39.98928, -46.60860, 5.03626
39.98855, -46.68074, 5.03666
39.98704, -46.88309, 5.03655
39.98626, -46.96357, 5.03627
39.98626, -46.96357, 5.03627
39.98542, -47.06273, 5.03579
39.98491, -47.15199, 5.03522
39.98340, -47.23975, 5.03475
39.98262, -47.32985, 5.03398
39.98155, -47.42517, 5.03337
39.98058, -47.51242, 5.03244
39.97977, -47.60814, 5.03012
39.97885, -47.70974, 5.02760
39.97841, -47.78575, 5.02599
39.97751, -47.87785, 5.02410
39.97605, -47.97199, 5.02197
39.97509, -48.07141, 5.02018
39.97425, -48.16463, 5.01868
39.97338, -48.26457, 5.01692
39.97216, -48.35710, 5.01425
39.97216, -48.35710, 5.01425
39.97026, -48.54078, 5.01014
39.96950, -48.63226, 5.00844
39.96885, -48.72810, 5.00679
39.96830, -48.81773, 5.00534
39.96749, -48.90429, 5.00428
39.96680, -48.99393, 5.00358
39.96594, -49.09492, 5.00294
39.96444, -49.28397, 5.00241
39.96387, -49.37849, 5.00253
39.96341, -49.46518, 5.00293
39.96281, -49.57024, 5.00343
39.96199, -49.66177, 5.00418
39.96128, -49.75079, 5.00519
39.96051, -49.85566, 5.00660
39.96002, -49.94175, 5.00775
39.95913, -50.03213, 5.00902
39.95802, -50.14281, 5.01049
39.95728, -50.22706, 5.01162
39.95665, -50.31439, 5.01255
39.95584, -50.41346, 5.01329
39.95492, -50.49980, 5.01381
39.95425, -50.60105, 5.01433
39.95372, -50.70200, 5.01457
39.95321, -50.78501, 5.01478
39.95279, -50.89124, 5.01524
39.95266, -50.98573, 5.01564
39.95268, -51.08495, 5.01608
39.95161, -51.27788, 5.01682
39.95148, -51.36848, 5.01702
39.95142, -51.45014, 5.01724
39.95142, -51.45014, 5.01724
39.95028, -51.62576, 5.01765
39.94975, -51.82378, 5.01766
39.94987, -51.90888, 5.01753
39.95010, -52.10481, 5.01803
39.95010, -52.10481, 5.01803
39.95010, -52.20860, 5.01855
39.94998, -52.30067, 5.01894
39.94997, -52.39060, 5.01931
39.94994, -52.48869, 5.01984
39.95022, -52.67352, 5.02032
39.95019, -52.77423, 5.02084
39.95033, -52.87865, 5.02103
39.95068, -52.95780, 5.02065
39.95097, -53.05597, 5.02038
39.95145, -53.15340, 5.01988
39.95090, -53.34201, 5.01710
39.95098, -53.43834, 5.01583
39.95098, -53.43834, 5.01583
39.95115, -53.53391, 5.01481
39.95146, -53.63401, 5.01390
39.95214, -53.81752, 5.01276
39.95202, -53.92279, 5.01253
39.95176, -54.01389, 5.01275
39.95192, -54.10785, 5.01297
39.95222, -54.21101, 5.01327
39.95239, -54.29422, 5.01354
39.95239, -54.29422, 5.01354
39.95210, -54.48264, 5.01475
39.95235, -54.57322, 5.01520
39.95251, -54.68391, 5.01617
39.95292, -54.76694, 5.01673
39.95238, -54.85926, 5.01793
39.95250, -54.96607, 5.01862
39.95273, -55.05453, 5.01903
39.95279, -55.14391, 5.01946
39.95284, -55.24297, 5.02013
39.95318, -55.33899, 5.02045
39.95313, -55.53459, 5.02038
39.95285, -55.61884, 5.02032
39.95291, -55.71899, 5.02012
39.95286, -55.77625, 5.02007
39.95280, -55.87740, 5.01983
39.95238, -55.97448, 5.01947
39.95203, -56.06661, 5.01894
39.95191, -56.16862, 5.01850
39.95164, -56.26575, 5.01857
39.95173, -56.35972, 5.01864
39.95193, -56.55780, 5.01883
39.95173, -56.64632, 5.01888
39.95178, -56.74246, 5.01884
39.95178, -56.84074, 5.01908
39.95210, -56.93830, 5.01918
39.95180, -57.03053, 5.01935
39.95137, -57.21638, 5.02003
39.95137, -57.21638, 5.02003
39.95148, -57.32944, 5.02056
39.95043, -57.58674, 5.02211
39.95034, -57.70774, 5.02255
39.95038, -57.80011, 5.02286
39.95061, -57.90151, 5.02312
39.95071, -57.99940, 5.02376
39.95091, -58.08131, 5.02409
39.95068, -58.17574, 5.02458
39.95068, -58.17574, 5.02458
39.95049, -58.37209, 5.02557
39.95075, -58.47246, 5.02564
39.95090, -58.56249, 5.02538
39.95062, -58.66941, 5.02450
39.95067, -58.75974, 5.02339
39.95099, -58.85918, 5.02236
39.95159, -59.04882, 5.02069
39.95152, -59.15684, 5.01931
39.95175, -59.26595, 5.01781
39.95235, -59.35438, 5.01636
39.95285, -59.45672, 5.01459
39.95375, -59.55848, 5.01263
39.95375, -59.55848, 5.01263
