4.96397, -2.4543, 12.5273
4.9625, -2.4557, 12.5274
4.9625, -2.4557, 12.5274
4.96125, -2.45708, 12.5276
4.96019, -2.45845, 12.527
4.95949, -2.45999, 12.5268
4.95644, -2.46295, 12.5278
4.9539, -2.46583, 12.5257
4.9539, -2.46583, 12.5257
4.95308, -2.46671, 12.5247
4.95278, -2.46729, 12.5241
4.94882, -2.46501, 12.5237
4.94775, -2.4582, 12.5234
4.94775, -2.4582, 12.5234
4.94696, -2.45409, 12.5233
4.94609, -2.44833, 12.5232
4.94541, -2.44181, 12.5234
4.94511, -2.43313, 12.5236
4.94494, -2.42382, 12.5238
4.94501, -2.41307, 12.5239
4.94463, -2.39975, 12.5242
4.94423, -2.38601, 12.5245
4.94385, -2.37335, 12.5248
4.94438, -2.35695, 12.5247
4.94501, -2.31727, 12.5262
4.94567, -2.29488, 12.5264
4.94567, -2.29488, 12.5264
4.94606, -2.27275, 12.5266
4.94673, -2.24875, 12.527
4.948, -2.2227, 12.5267
4.94938, -2.18958, 12.5269
4.95099, -2.15798, 12.5267
4.95266, -2.12242, 12.5262
4.95379, -2.091, 12.5263
4.95533, -2.05185, 12.5263
4.95766, -2.008, 12.5255
4.96003, -1.96436, 12.5249
4.96003, -1.96436, 12.5249
4.96309, -1.9098, 12.5243
4.96898, -1.80333, 12.5221
4.97598, -1.68145, 12.5182
4.97598, -1.68145, 12.5182
4.97965, -1.61762, 12.5159
4.98378, -1.54617, 12.5132
4.98775, -1.48222, 12.5109
4.99262, -1.4044, 12.5078
4.99719, -1.32936, 12.5043
5.01136, -1.08494, 12.4943
5.0179, -0.990103, 12.4914
5.02333, -0.905733, 12.4888
5.02863, -0.820515, 12.4858
5.03901, -0.643565, 12.4813
5.04475, -0.550677, 12.4798
5.04475, -0.550677, 12.4798
5.05076, -0.467791, 12.4788
5.0568, -0.377172, 12.4775
5.06223, -0.294108, 12.4764
5.06776, -0.202348, 12.4751
5.0728, -0.116645, 12.4739
5.07752, -0.0317962, 12.4728
5.0833, 0.0444115, 12.4717
5.09516, 0.211357, 12.4694
5.10006, 0.285992, 12.468
5.10006, 0.285992, 12.468
5.10479, 0.363297, 12.4668
5.10937, 0.433045, 12.4659
5.12049, 0.57978, 12.4645
5.12506, 0.645533, 12.4632
5.12506, 0.645533, 12.4632
5.12948, 0.714097, 12.4623
5.13343, 0.773595, 12.4616
5.13759, 0.839023, 12.4611
5.14159, 0.899563, 12.461
5.14925, 1.01971, 12.4613
5.15245, 1.07696, 12.4613
5.15537, 1.13179, 12.4614
5.15859, 1.18899, 12.4616
5.16119, 1.24027, 12.4621
5.16318, 1.28479, 12.4625
5.16318, 1.28479, 12.4625
5.1659, 1.34035, 12.4632
5.16791, 1.38415, 12.4638
5.1714, 1.47562, 12.4657
5.1714, 1.47562, 12.4657
5.1714, 1.47562, 12.4657
5.17283, 1.5241, 12.467
5.17391, 1.56572, 12.4682
5.17496, 1.60811, 12.4694
5.17587, 1.64639, 12.4706
5.17671, 1.68393, 12.4719
5.17703, 1.72453, 12.4732
5.17714, 1.76571, 12.4745
5.17721, 1.79921, 12.4752
5.17727, 1.83609, 12.476
5.17725, 1.86892, 12.4767
5.17721, 1.90492, 12.4776
5.17591, 1.97093, 12.4794
5.17517, 2.0035, 12.4804
5.17517, 2.0035, 12.4804
5.1746, 2.03569, 12.4814
5.17402, 2.06618, 12.4825
5.17345, 2.09443, 12.4833
5.17203, 2.12548, 12.4834
5.17046, 2.15211, 12.4838
5.16717, 2.20999, 12.4854
5.16717, 2.20999, 12.4854
5.16582, 2.23801, 12.4862
5.16452, 2.26534, 12.4871
5.16209, 2.29204, 12.4881
5.15927, 2.32092, 12.4893
5.15708, 2.34517, 12.4904
5.15455, 2.37147, 12.4918
5.15284, 2.39432, 12.4929
5.15053, 2.41792, 12.4943
5.14368, 2.46818, 12.4971
5.14088, 2.49088, 12.4982
5.14088, 2.49088, 12.4982
5.13872, 2.51082, 12.4991
5.1361, 2.53395, 12.5002
5.13213, 2.55988, 12.5014
5.12583, 2.60306, 12.5032
5.12266, 2.62445, 12.5042
5.12266, 2.62445, 12.5042
5.11917, 2.6456, 12.5056
5.11628, 2.6675, 12.5067
5.10924, 2.70976, 12.5083
5.1056, 2.73016, 12.5089
5.1056, 2.73016, 12.5089
5.10165, 2.75196, 12.5098
5.0986, 2.77194, 12.5106
5.09571, 2.79306, 12.5113
5.09229, 2.81239, 12.5121
5.08823, 2.83503, 12.513
5.08396, 2.85483, 12.5145
5.08127, 2.87378, 12.5156
5.07756, 2.89407, 12.5174
5.07468, 2.91388, 12.5188
5.06314, 2.97293, 12.5234
5.05998, 2.99038, 12.5248
5.05693, 3.01056, 12.5259
5.05419, 3.02901, 12.5267
5.05082, 3.04863, 12.5273
5.04693, 3.06868, 12.528
5.04339, 3.08833, 12.5287
5.04339, 3.08833, 12.5287
5.03963, 3.10514, 12.5297
5.03667, 3.12361, 12.5305
5.02995, 3.16289, 12.5321
5.0258, 3.18255, 12.5329
5.0258, 3.18255, 12.5329
5.0221, 3.199, 12.5336
5.0221, 3.199, 12.5336
5.01472, 3.23942, 12.5341
5.0075, 3.27537, 12.5343
5.00352, 3.29336, 12.5345
5.00352, 3.29336, 12.5345
4.99914, 3.31264, 12.5348
4.99295, 3.3521, 12.5351
4.99037, 3.37086, 12.5354
4.98649, 3.38777, 12.5356
4.98291, 3.40778, 12.5357
4.98291, 3.40778, 12.5357
4.97625, 3.44788, 12.536
4.97372, 3.46696, 12.536
4.97145, 3.48547, 12.5345
4.96757, 3.50584, 12.533
4.96479, 3.52416, 12.532
4.96228, 3.54481, 12.5312
4.96228, 3.54481, 12.5312
4.9576, 3.58394, 12.5299
4.9576, 3.58394, 12.5299
4.95629, 3.60243, 12.529
4.95368, 3.6243, 12.5276
4.95104, 3.64301, 12.5261
4.94875, 3.66363, 12.5246
4.94473, 3.70416, 12.5219
4.94473, 3.70416, 12.5219
4.94303, 3.72357, 12.5204
4.937, 3.7849, 12.5168
4.937, 3.7849, 12.5168
4.93515, 3.80446, 12.5161
4.93441, 3.82347, 12.5157
4.93441, 3.82347, 12.5157
4.93323, 3.84684, 12.5151
4.93105, 3.8664, 12.515
4.92926, 3.88813, 12.5151
4.9278, 3.90988, 12.5155
4.92657, 3.9285, 12.5161
4.92581, 3.95213, 12.5168
4.92456, 3.97452, 12.5177
4.92139, 4.01423, 12.5193
4.92139, 4.01423, 12.5193
4.92031, 4.0356, 12.5203
4.91919, 4.08296, 12.5223
4.91919, 4.08296, 12.5223
4.91833, 4.10595, 12.5233
4.916, 4.14948, 12.525
4.916, 4.14948, 12.525
4.91548, 4.17523, 12.525
4.91505, 4.19825, 12.5245
4.9146, 4.24558, 12.5207
4.9146, 4.24558, 12.5207
4.91259, 4.2947, 12.5123
4.91259, 4.2947, 12.5123
4.91218, 4.31839, 12.5061
4.91191, 4.36755, 12.4906
4.91191, 4.36755, 12.4906
4.91159, 4.39344, 12.4807
4.91118, 4.4173, 12.4704
4.91109, 4.4418, 12.4588
4.91215, 4.51695, 12.4201
4.91215, 4.51695, 12.4201
4.91332, 4.54506, 12.4044
4.91332, 4.54506, 12.4044
4.91425, 4.56788, 12.3912
4.91567, 4.59446, 12.3749
4.91615, 4.61962, 12.3575
4.91649, 4.66615, 12.3231
4.91649, 4.66615, 12.3231
4.91835, 4.71299, 12.2875
4.91835, 4.71299, 12.2875
4.91835, 4.71299, 12.2875
4.92021, 4.77828, 12.2313
4.92021, 4.77828, 12.2313
4.92085, 4.80207, 12.2079
4.92085, 4.80207, 12.2079
4.92174, 4.82227, 12.1869
4.92305, 4.8441, 12.1636
4.92391, 4.86579, 12.1391
4.92512, 4.88588, 12.1147
4.92584, 4.90325, 12.0922
4.92694, 4.92397, 12.0649
4.93105, 4.97881, 11.9921
4.93105, 4.97881, 11.9921
4.93213, 4.99508, 11.9695
4.93481, 5.02713, 11.9247
4.93481, 5.02713, 11.9247
4.93649, 5.04345, 11.9009
4.93649, 5.04345, 11.9009
4.9392, 5.07286, 11.8547
4.9392, 5.07286, 11.8547
4.94032, 5.08592, 11.8318
4.94079, 5.09765, 11.809
4.94194, 5.11033, 11.7839
4.94534, 5.14365, 11.7112
4.94534, 5.14365, 11.7112
4.94671, 5.16286, 11.661
4.94879, 5.18005, 11.6124
4.95005, 5.18838, 11.5874
4.95102, 5.19657, 11.5603
4.95102, 5.19657, 11.5603
4.95111, 5.20316, 11.5345
4.95236, 5.21557, 11.4852
4.95412, 5.22773, 11.432
4.95385, 5.23203, 11.4066
4.95385, 5.23203, 11.4066
4.95443, 5.23661, 11.3824
4.95495, 5.24116, 11.3559
4.95518, 5.24481, 11.3314
4.956, 5.249, 11.3039
4.956, 5.249, 11.3039
4.95648, 5.25475, 11.2538
4.9564, 5.25698, 11.2267
4.9564, 5.25698, 11.2267
4.95677, 5.25926, 11.201
4.95719, 5.26126, 11.1763
4.9578, 5.2633, 11.1498
4.95789, 5.26454, 11.1256
4.95764, 5.26543, 11.1003
4.95727, 5.2661, 11.073
4.95738, 5.26698, 11.0455
4.95744, 5.26749, 11.0217
4.95777, 5.26812, 10.9938
4.95771, 5.26817, 10.9662
4.95719, 5.26758, 10.9422
4.95672, 5.2668, 10.9134
4.95699, 5.26657, 10.8867
4.95699, 5.26657, 10.8867
4.95674, 5.2657, 10.8618
4.95654, 5.26368, 10.8116
4.95654, 5.26368, 10.8116
4.95602, 5.26048, 10.76
4.95574, 5.25862, 10.7339
4.95574, 5.25862, 10.7339
4.95607, 5.25738, 10.7096
4.95549, 5.25316, 10.6588
4.95512, 5.25076, 10.6334
4.95512, 5.25076, 10.6334
4.95453, 5.2459, 10.5838
4.95463, 5.24366, 10.5588
4.95463, 5.24366, 10.5588
4.95447, 5.23819, 10.5076
4.95417, 5.23213, 10.4574
4.95399, 5.22898, 10.4325
4.95399, 5.22898, 10.4325
4.9542, 5.22616, 10.4069
4.95408, 5.22026, 10.3584
4.95408, 5.22026, 10.3584
4.95397, 5.21724, 10.3339
4.95399, 5.21422, 10.3087
4.95423, 5.21098, 10.2804
4.95436, 5.20823, 10.2574
4.95404, 5.20091, 10.2039
4.95404, 5.20091, 10.2039
4.95398, 5.19394, 10.1521
4.95407, 5.19072, 10.1271
4.95423, 5.1876, 10.102
4.95363, 5.1806, 10.0494
4.95322, 5.17693, 10.0218
4.95322, 5.17693, 10.0218
4.95318, 5.17368, 9.99462
4.9531, 5.17089, 9.97138
4.95322, 5.16781, 9.9437
4.95281, 5.1644, 9.91734
4.95281, 5.1644, 9.91734
4.95239, 5.1606, 9.88779
4.95237, 5.15794, 9.86458
4.95224, 5.15444, 9.83472
4.95237, 5.1519, 9.81075
4.95249, 5.14917, 9.78504
4.95272, 5.14622, 9.75684
4.95269, 5.14268, 9.7267
4.95279, 5.13986, 9.70097
4.95295, 5.13703, 9.67403
4.95317, 5.13372, 9.64132
4.95339, 5.13163, 9.61942
4.95351, 5.1287, 9.59024
4.95356, 5.12553, 9.5594
4.9534, 5.12292, 9.53589
4.95354, 5.11984, 9.50359
4.95374, 5.11738, 9.47657
4.95406, 5.11514, 9.44993
4.95438, 5.11258, 9.42301
4.95478, 5.11004, 9.39646
4.95531, 5.10743, 9.36738
4.95587, 5.10485, 9.33857
4.95652, 5.10246, 9.31007
4.95721, 5.10009, 9.28159
4.95778, 5.09796, 9.25683
4.95843, 5.09524, 9.22785
4.95914, 5.09284, 9.19988
4.95994, 5.0905, 9.17142
4.96067, 5.08851, 9.14664
4.96149, 5.08638, 9.11802
4.96228, 5.08386, 9.0886
4.96295, 5.08178, 9.06257
4.96379, 5.0794, 9.03228
4.96453, 5.07743, 9.00556
4.96534, 5.07541, 8.97668
4.96613, 5.07373, 8.95216
4.96722, 5.07187, 8.92351
4.96827, 5.07011, 8.89528
4.96929, 5.06849, 8.8683
4.97133, 5.06544, 8.81421
4.97234, 5.06401, 8.78724
4.97527, 5.06154, 8.7313
4.97659, 5.06028, 8.70183
4.97659, 5.06028, 8.70183
4.97784, 5.05916, 8.67406
4.97901, 5.05814, 8.64812
4.9802, 5.05725, 8.6216
4.9827, 5.05579, 8.56691
4.98382, 5.05497, 8.53877
4.98503, 5.05428, 8.51057
4.98599, 5.05371, 8.48703
4.98599, 5.05371, 8.48703
4.98599, 5.05371, 8.48703
4.98884, 5.05273, 8.43137
4.98884, 5.05273, 8.43137
4.99029, 5.0522, 8.40222
4.99164, 5.05176, 8.37677
4.9932, 5.05135, 8.34835
4.99448, 5.05094, 8.32238
4.99595, 5.05062, 8.29745
4.99799, 5.05041, 8.26749
4.99954, 5.0501, 8.24084
5.00103, 5.04973, 8.21261
5.00242, 5.04937, 8.18424
5.00393, 5.04905, 8.15477
5.0055, 5.04911, 8.12756
5.007, 5.04905, 8.09827
5.00834, 5.04906, 8.07316
5.00968, 5.04889, 8.04175
5.01084, 5.04884, 8.01627
5.01192, 5.04869, 7.98874
5.01394, 5.0493, 7.95839
5.01675, 5.04976, 7.90087
5.01794, 5.05, 7.87499
5.01908, 5.0501, 7.84511
5.02052, 5.0505, 7.81293
5.02491, 5.05281, 7.72939
5.02618, 5.05341, 7.70027
5.02757, 5.05415, 7.67069
5.02882, 5.05485, 7.64347
5.02882, 5.05485, 7.64347
5.03065, 5.05622, 7.61537
5.03387, 5.05854, 7.56263
5.03521, 5.05947, 7.53501
5.03521, 5.05947, 7.53501
5.03789, 5.06188, 7.47821
5.03921, 5.0636, 7.45202
5.04134, 5.06638, 7.39741
5.04134, 5.06638, 7.39741
5.04311, 5.06886, 7.34688
5.04409, 5.0701, 7.31903
5.04649, 5.07315, 7.26791
5.04738, 5.07427, 7.24011
5.04738, 5.07427, 7.24011
5.04816, 5.07526, 7.21424
5.04985, 5.07765, 7.15848
5.04985, 5.07765, 7.15848
5.05062, 5.07889, 7.13495
5.05277, 5.08217, 7.07929
5.05277, 5.08217, 7.07929
5.05344, 5.08314, 7.05226
5.05588, 5.08824, 6.97232
5.05661, 5.08997, 6.94666
5.05661, 5.08997, 6.94666
5.05804, 5.09331, 6.86681
5.05864, 5.09469, 6.83907
5.05947, 5.09663, 6.81223
5.06083, 5.09995, 6.7562
5.06141, 5.10192, 6.70347
5.06134, 5.10221, 6.67715
5.06134, 5.10221, 6.67715
5.06113, 5.10211, 6.64901
5.06118, 5.10271, 6.62129
5.06164, 5.10436, 6.59533
5.06185, 5.10557, 6.56758
5.06174, 5.10669, 6.51633
5.06174, 5.10669, 6.51633
5.06149, 5.10762, 6.46122
5.06201, 5.11118, 6.41127
5.06199, 5.11402, 6.35326
5.06199, 5.11402, 6.35326
5.06167, 5.11564, 6.30038
5.06237, 5.11959, 6.24719
5.06248, 5.12103, 6.22154
5.06248, 5.12103, 6.22154
5.06263, 5.12278, 6.19535
5.06263, 5.12278, 6.19535
5.06256, 5.1251, 6.14411
5.06296, 5.12727, 6.11692
5.06333, 5.13035, 6.06436
5.06307, 5.13203, 6.01291
5.06323, 5.13402, 5.98321
5.06323, 5.13402, 5.98321
5.06402, 5.14029, 5.90709
5.06402, 5.14029, 5.90709
5.06372, 5.14109, 5.87678
5.06372, 5.14109, 5.87678
5.06374, 5.14261, 5.85057
5.06374, 5.14261, 5.85057
5.0645, 5.14749, 5.80045
5.06497, 5.15021, 5.77323
5.06474, 5.15174, 5.72704
5.06545, 5.15595, 5.67962
5.06545, 5.15595, 5.67962
5.06563, 5.15721, 5.65726
5.06563, 5.15721, 5.65726
5.06564, 5.15794, 5.61639
5.06564, 5.15794, 5.61639
5.06554, 5.15749, 5.59841
5.06593, 5.15868, 5.58203
5.06656, 5.15986, 5.53639
5.06656, 5.15986, 5.53639
5.06643, 5.15848, 5.52186
5.06643, 5.15848, 5.52186
5.06638, 5.15731, 5.50842
5.06624, 5.15639, 5.49603
5.0662, 5.15606, 5.48423
5.06597, 5.15452, 5.47212
5.06546, 5.15028, 5.4506
5.06509, 5.14731, 5.43912
5.0646, 5.14306, 5.41831
5.0646, 5.14306, 5.41831
5.06444, 5.14111, 5.40997
5.06398, 5.13689, 5.39991
5.06365, 5.13369, 5.39217
5.06307, 5.12851, 5.38314
5.06307, 5.12851, 5.38314
5.06279, 5.12475, 5.37484
5.06283, 5.1222, 5.36632
5.06259, 5.1176, 5.3583
5.06236, 5.1129, 5.35112
5.06236, 5.1129, 5.35112
5.06167, 5.10184, 5.33734
5.06167, 5.10184, 5.33734
5.06144, 5.0979, 5.32978
5.06065, 5.08756, 5.31493
5.06065, 5.08756, 5.31493
5.06007, 5.08137, 5.30711
5.05889, 5.06835, 5.29208
5.05889, 5.06835, 5.29208
5.05841, 5.06178, 5.28372
5.05805, 5.05678, 5.27706
5.05736, 5.04835, 5.26849
5.05685, 5.04182, 5.26203
5.05605, 5.03225, 5.25407
5.05535, 5.02459, 5.24709
5.05464, 5.01752, 5.24072
5.05378, 5.00841, 5.23343
5.05295, 4.99963, 5.22689
5.05201, 4.989, 5.21965
5.05019, 4.96957, 5.20617
5.05019, 4.96957, 5.20617
5.0491, 4.95929, 5.19825
5.04802, 4.94856, 5.19041
5.04695, 4.9376, 5.18304
5.04578, 4.92474, 5.17512
5.04166, 4.88773, 5.14877
5.04166, 4.88773, 5.14877
5.04001, 4.87311, 5.13771
5.03857, 4.86036, 5.12847
5.03857, 4.86036, 5.12847
5.0336, 4.81184, 5.10127
5.0336, 4.81184, 5.10127
5.03151, 4.79463, 5.09456
5.02933, 4.77715, 5.08958
5.02733, 4.75705, 5.08549
5.02545, 4.73762, 5.08233
5.02363, 4.71748, 5.07972
5.02104, 4.69531, 5.07728
5.01885, 4.6791, 5.07551
5.01415, 4.63265, 5.07033
5.0121, 4.61154, 5.06804
5.00981, 4.58764, 5.06507
5.00701, 4.56532, 5.06253
5.00439, 4.54224, 5.06014
5.00198, 4.52086, 5.05818
5.00198, 4.52086, 5.05818
4.99756, 4.47747, 5.05504
4.99528, 4.45413, 5.05405
4.99285, 4.43321, 5.05326
4.99045, 4.40821, 5.05248
4.98836, 4.38786, 5.05219
4.98633, 4.36591, 5.05205
4.98405, 4.34084, 5.05232
4.98232, 4.31873, 5.05238
4.97995, 4.2962, 5.05249
4.97754, 4.27401, 5.05271
4.97538, 4.25452, 5.05312
4.97131, 4.20781, 5.05332
4.97131, 4.20781, 5.05332
4.9666, 4.16418, 5.05398
4.96372, 4.14257, 5.05431
4.96372, 4.14257, 5.05431
4.95553, 4.05476, 5.05498
4.95553, 4.05476, 5.05498
4.95323, 4.03613, 5.05516
4.95063, 4.0146, 5.05552
4.94716, 3.97043, 5.05556
4.94547, 3.95032, 5.0559
4.94334, 3.92695, 5.05655
4.94105, 3.90878, 5.05718
4.93891, 3.88704, 5.05762
4.93519, 3.84339, 5.05856
4.93519, 3.84339, 5.05856
4.93365, 3.82285, 5.05917
4.93212, 3.80323, 5.05982
4.92987, 3.78283, 5.06087
4.92825, 3.76161, 5.06158
4.92523, 3.72082, 5.06399
4.9231, 3.68039, 5.06563
4.92127, 3.66016, 5.06715
4.92127, 3.66016, 5.06715
4.91816, 3.60198, 5.07
4.91816, 3.60198, 5.07
4.91622, 3.56014, 5.07173
4.9142, 3.52275, 5.07318
4.9142, 3.52275, 5.07318
4.91278, 3.48426, 5.07432
4.91226, 3.46527, 5.07444
4.9114, 3.44476, 5.07429
4.91101, 3.42805, 5.07396
4.91014, 3.38956, 5.07433
4.90991, 3.35278, 5.07357
4.90922, 3.31517, 5.07269
4.90922, 3.31517, 5.07269
4.90907, 3.2979, 5.07223
4.90896, 3.2816, 5.07182
4.90896, 3.2816, 5.07182
4.90906, 3.26071, 5.07111
4.90908, 3.24405, 5.0707
4.90885, 3.22478, 5.07004
4.90879, 3.20765, 5.06955
4.90884, 3.1903, 5.06913
4.90898, 3.17182, 5.06838
4.90922, 3.15551, 5.06765
4.9095, 3.13532, 5.06697
4.9101, 3.08384, 5.06495
4.91047, 3.06667, 5.06387
4.91047, 3.06667, 5.06387
4.91091, 3.04883, 5.06292
4.91174, 2.99767, 5.05943
4.91212, 2.98008, 5.05688
4.91311, 2.94462, 5.0511
4.91425, 2.90985, 5.04522
4.91548, 2.87502, 5.0403
4.91624, 2.8572, 5.03831
4.91624, 2.8572, 5.03831
4.91624, 2.8572, 5.03831
4.91624, 2.8572, 5.03831
4.91877, 2.8059, 5.03359
4.91877, 2.8059, 5.03359
4.91975, 2.78822, 5.03251
4.92073, 2.77162, 5.0318
4.92187, 2.75338, 5.03111
4.92187, 2.75338, 5.03111
4.92505, 2.70146, 5.02993
4.92505, 2.70146, 5.02993
4.92703, 2.66885, 5.02944
4.92813, 2.65109, 5.0293
4.92813, 2.65109, 5.0293
4.92926, 2.63293, 5.0293
4.9311, 2.59995, 5.0295
4.93284, 2.56735, 5.0297
4.93368, 2.55245, 5.0298
4.93368, 2.55245, 5.0298
4.93567, 2.51766, 5.02938
4.93647, 2.50214, 5.02887
4.93647, 2.50214, 5.02887
4.93846, 2.46907, 5.02763
4.93952, 2.45168, 5.02708
4.93952, 2.45168, 5.02708
4.94265, 2.40275, 5.02527
4.94372, 2.3858, 5.02463
4.94478, 2.36995, 5.02381
4.94688, 2.33927, 5.02
4.94781, 2.32257, 5.01756
4.94781, 2.32257, 5.01756
4.94879, 2.30545, 5.01581
4.94964, 2.28887, 5.01391
4.9505, 2.27182, 5.01194
4.95141, 2.25541, 5.0105
4.95234, 2.23895, 5.00903
4.95346, 2.21998, 5.00736
4.95447, 2.20442, 5.00651
4.95634, 2.17143, 5.00446
4.9574, 2.15289, 5.00392
4.95919, 2.11972, 5.00318
4.95919, 2.11972, 5.00318
4.96104, 2.08553, 5.00297
4.96184, 2.06962, 5.0027
4.96338, 2.03677, 5.00161
4.96426, 2.01916, 5.00115
4.96509, 2.0024, 5.00088
4.96584, 1.98634, 5.0009
4.96728, 1.95384, 5.00079
4.96873, 1.9201, 5.00066
4.96873, 1.9201, 5.00066
4.96957, 1.88693, 5.00067
4.96993, 1.87008, 5.00077
4.97074, 1.83702, 5.00115
4.97117, 1.82019, 5.00154
4.97193, 1.78672, 5.00259
4.97257, 1.75311, 5.00382
4.97284, 1.73853, 5.00456
4.97367, 1.70246, 5.0064
4.97375, 1.68814, 5.00724
4.97375, 1.68814, 5.00724
4.97392, 1.67013, 5.00803
4.97446, 1.6377, 5.00882
4.97446, 1.6377, 5.00882
4.97466, 1.62028, 5.00614
4.97488, 1.58665, 5.00177
4.97531, 1.55305, 4.99947
4.97531, 1.55305, 4.99947
4.97561, 1.53522, 4.9987
4.9761, 1.50171, 4.99788
4.97635, 1.48572, 4.99794
4.97655, 1.46921, 4.99846
4.97705, 1.43544, 5.00003
4.97705, 1.43544, 5.00003
4.97751, 1.4011, 5.00261
4.97805, 1.35253, 5.00593
4.97844, 1.31789, 5.00822
4.97844, 1.31789, 5.00822
4.97861, 1.30274, 5.00938
4.97861, 1.30274, 5.00938
4.97883, 1.28508, 5.0106
4.979, 1.26992, 5.01158
4.97921, 1.25024, 5.0124
4.97928, 1.20086, 5.01253
4.97928, 1.20086, 5.01253
4.97921, 1.18277, 5.01201
4.97921, 1.18277, 5.01201
4.97926, 1.13307, 5.01128
4.97926, 1.13307, 5.01128
4.98002, 1.08006, 5.01172
4.98002, 1.08006, 5.01172
4.98026, 1.06312, 5.01169
4.98026, 1.06312, 5.01169
4.98052, 1.04612, 5.01181
4.98166, 0.995101, 5.01298
4.98166, 0.995101, 5.01298
4.983, 0.940844, 5.01415
4.983, 0.940844, 5.01415
4.98341, 0.923403, 5.01462
4.98438, 0.890049, 5.01529
4.98535, 0.857147, 5.0159
4.98584, 0.838971, 5.01612
4.98638, 0.821275, 5.01654
4.98723, 0.790663, 5.01707
4.98824, 0.756211, 5.01701
4.98918, 0.720386, 5.01184
4.98948, 0.702928, 5.00966
4.98977, 0.685068, 5.00711
4.99001, 0.6674, 5.00487
4.99039, 0.632059, 5.00151
4.99052, 0.596558, 4.99983
4.99056, 0.578227, 4.99955
4.99062, 0.559881, 4.99944
4.99068, 0.542484, 4.99882
4.99068, 0.542484, 4.99882
4.99084, 0.506562, 4.99842
4.99096, 0.489679, 4.99827
4.99123, 0.45396, 4.99814
4.99163, 0.418372, 4.99873
4.99189, 0.398818, 4.99907
4.99212, 0.383217, 4.9995
4.99249, 0.344159, 5.00038
4.99264, 0.327688, 5.00085
4.99264, 0.327688, 5.00085
4.99309, 0.290138, 5.0022
4.99361, 0.253948, 5.00401
4.99379, 0.236238, 5.00465
4.99379, 0.236238, 5.00465
4.9941, 0.215943, 5.00459
4.99507, 0.161246, 5.00238
4.99507, 0.161246, 5.00238
4.99535, 0.143121, 5.00203
4.99563, 0.124405, 5.00186
4.99597, 0.106494, 5.00195
4.99597, 0.106494, 5.00195
4.99631, 0.0896263, 5.00201
4.99724, 0.0512252, 5.00174
4.99761, 0.031376, 5.00115
4.99794, 0.0133035, 5.00079
4.99839, -0.00301645, 5.00072
4.99902, -0.0211314, 5.00074
4.99941, -0.0399033, 5.0007
4.99974, -0.0594079, 5.00076
5.00004, -0.0780606, 5.00083
5.00031, -0.094374, 5.00092
5.00122, -0.112111, 5.00089
5.00185, -0.130891, 5.00118
5.00243, -0.150619, 5.001
5.00294, -0.16758, 5.00036
5.00341, -0.186621, 4.99988
5.00469, -0.223113, 4.99951
5.00537, -0.23951, 4.99951
5.00537, -0.23951, 4.99951
5.00602, -0.258844, 4.99957
5.00722, -0.297182, 4.99981
5.00789, -0.315295, 4.99998
5.00789, -0.315295, 4.99998
5.00948, -0.352879, 5.00066
5.01097, -0.39008, 5.00079
5.0114, -0.406645, 5.00098
5.0114, -0.406645, 5.00098
5.01195, -0.427056, 5.00126
5.01195, -0.427056, 5.00126
5.0126, -0.444872, 5.0012
5.01311, -0.464497, 5.00078
5.01393, -0.482347, 5.00043
5.01453, -0.498424, 5.00021
5.01508, -0.51706, 5.00001
5.01553, -0.535797, 4.99992
5.01645, -0.572186, 4.99996
5.01714, -0.588751, 5.00004
5.01759, -0.605063, 5.00013
5.0181, -0.623149, 4.99984
5.01869, -0.641783, 4.99885
5.01907, -0.658507, 4.99784
5.01952, -0.676401, 4.99678
5.01985, -0.692958, 4.99633
5.02006, -0.710993, 4.99613
5.0202, -0.7292, 4.99615
5.02029, -0.744799, 4.99626
5.02024, -0.780061, 4.99727
5.02051, -0.796678, 4.9974
5.02082, -0.833864, 4.99531
5.021, -0.866947, 4.99395
5.021, -0.866947, 4.99395
5.02146, -0.884574, 4.99352
5.02201, -0.917347, 4.99377
5.02201, -0.917347, 4.99377
5.02221, -0.951798, 4.99454
5.02219, -0.969528, 4.99494
5.02311, -1.00453, 4.99649
5.02311, -1.00453, 4.99649
5.02344, -1.02389, 4.99761
5.02379, -1.04111, 4.99901
5.02435, -1.07523, 5.00247
5.02559, -1.11059, 5.00593
5.02591, -1.12917, 5.00727
5.02616, -1.14665, 5.00863
5.02637, -1.16427, 5.01001
5.02678, -1.18361, 5.01036
5.02779, -1.21868, 5.01137
5.02814, -1.25234, 5.01202
5.02832, -1.26972, 5.01202
5.02968, -1.30674, 5.01277
5.03083, -1.34155, 5.01409
5.03083, -1.34155, 5.01409
5.03108, -1.36006, 5.01503
5.03199, -1.39305, 5.01694
5.03199, -1.39305, 5.01694
5.03238, -1.41172, 5.01745
5.03358, -1.44685, 5.01947
5.03358, -1.44685, 5.01947
5.03421, -1.46584, 5.02105
5.03432, -1.4827, 5.02198
5.03432, -1.4827, 5.02198
5.03432, -1.4827, 5.02198
5.03602, -1.51982, 5.02559
5.03659, -1.53919, 5.02737
5.03659, -1.53919, 5.02737
5.03822, -1.59344, 5.03016
5.03822, -1.59344, 5.03016
5.03885, -1.61101, 5.03076
5.03932, -1.62848, 5.03141
5.03959, -1.64798, 5.032
5.03959, -1.64798, 5.032
5.04035, -1.70292, 5.03383
5.04202, -1.73815, 5.03566
5.04202, -1.73815, 5.03566
5.043, -1.75746, 5.03714
5.04362, -1.77555, 5.03836
5.04419, -1.79331, 5.03965
5.04582, -1.81294, 5.04091
5.04777, -1.83233, 5.04273
5.04924, -1.85009, 5.04418
5.05378, -1.90466, 5.04817
5.05631, -1.92508, 5.04917
5.05869, -1.94136, 5.05039
5.0617, -1.96159, 5.052
5.0617, -1.96159, 5.052
5.0617, -1.96159, 5.052
5.06708, -1.99817, 5.0542
5.07411, -2.03468, 5.05676
5.08098, -2.06957, 5.05797
5.08098, -2.06957, 5.05797
5.08467, -2.08645, 5.05884
5.08905, -2.10523, 5.06004
5.08905, -2.10523, 5.06004
5.09328, -2.12239, 5.06074
5.10825, -2.17568, 5.06243
5.11881, -2.20905, 5.06225
5.11881, -2.20905, 5.06225
5.1373, -2.25792, 5.06151
5.1373, -2.25792, 5.06151
5.14435, -2.27475, 5.06095
5.15794, -2.30525, 5.05915
5.15794, -2.30525, 5.05915
5.1831, -2.35158, 5.05651
5.19083, -2.36455, 5.05571
5.20073, -2.38025, 5.05514
5.20967, -2.39369, 5.05471
5.21869, -2.40653, 5.05461
5.22925, -2.42091, 5.05445
5.22925, -2.42091, 5.05445
5.26154, -2.46043, 5.05369
5.27339, -2.47319, 5.05341
5.28605, -2.4858, 5.05341
5.29722, -2.49638, 5.05297
5.32297, -2.51884, 5.05165
5.3365, -2.52971, 5.05114
5.3365, -2.52971, 5.05114
5.35087, -2.54069, 5.05069
5.36531, -2.55107, 5.05017
5.37809, -2.55989, 5.04991
5.39374, -2.57007, 5.04951
5.42312, -2.58767, 5.04925
5.43861, -2.59615, 5.04918
5.43861, -2.59615, 5.04918
5.45473, -2.6045, 5.04902
5.48959, -2.62114, 5.04816
5.5047, -2.62785, 5.04774
5.52219, -2.63514, 5.04726
5.52219, -2.63514, 5.04726
5.54078, -2.64245, 5.04691
5.57875, -2.65616, 5.0467
5.61471, -2.66755, 5.04641
5.63289, -2.67273, 5.04623
5.67264, -2.68279, 5.04547
5.69552, -2.68794, 5.04504
5.69552, -2.68794, 5.04504
5.75627, -2.69929, 5.04353
5.80009, -2.7059, 5.04225
5.82003, -2.70844, 5.04145
5.84206, -2.71112, 5.04089
5.84206, -2.71112, 5.04089
5.91247, -2.71802, 5.03819
5.91247, -2.71802, 5.03819
5.93501, -2.71981, 5.03713
5.95855, -2.72138, 5.03585
5.95855, -2.72138, 5.03585
6.00368, -2.72373, 5.03354
6.02848, -2.72472, 5.03242
6.07933, -2.72628, 5.03022
6.07933, -2.72628, 5.03022
6.1515, -2.72669, 5.02618
6.1515, -2.72669, 5.02618
6.1515, -2.72669, 5.02618
6.18024, -2.72668, 5.02446
6.20389, -2.72668, 5.02297
6.23132, -2.72632, 5.02134
6.25524, -2.72586, 5.01965
6.31102, -2.72409, 5.01571
6.33799, -2.7235, 5.01372
6.39111, -2.72128, 5.00898
6.39111, -2.72128, 5.00898
6.44577, -2.71834, 5.00405
6.47602, -2.71644, 5.00118
6.50358, -2.71492, 4.998
6.56343, -2.71121, 4.9922
6.59207, -2.70937, 4.98928
6.64559, -2.70511, 4.98514
6.67753, -2.70317, 4.98283
6.67753, -2.70317, 4.98283
6.73847, -2.69859, 4.9793
6.76815, -2.69639, 4.97716
6.82741, -2.6914, 4.97456
6.88653, -2.68647, 4.9731
6.91806, -2.6837, 4.97253
6.91806, -2.6837, 4.97253
6.94596, -2.68125, 4.97194
6.97744, -2.67844, 4.9701
7.00803, -2.67559, 4.96891
7.03638, -2.67284, 4.9684
7.06624, -2.67003, 4.96725
7.09671, -2.66708, 4.96634
7.12505, -2.66439, 4.96558
7.12505, -2.66439, 4.96558
7.21193, -2.65606, 4.9632
7.21193, -2.65606, 4.9632
7.24219, -2.653, 4.96275
7.30226, -2.64651, 4.96168
7.30226, -2.64651, 4.96168
7.3292, -2.64357, 4.96114
7.38694, -2.63725, 4.9601
7.38694, -2.63725, 4.9601
7.41785, -2.63394, 4.95997
7.47625, -2.6276, 4.95999
7.53294, -2.62155, 4.9595
7.56011, -2.61876, 4.95954
7.58946, -2.61585, 4.96003
7.58946, -2.61585, 4.96003
7.58946, -2.61585, 4.96003
7.6189, -2.61318, 4.95971
7.64796, -2.61068, 4.95939
7.70379, -2.60598, 4.95868
7.7613, -2.60138, 4.95804
7.79129, -2.599, 4.95782
7.84698, -2.59468, 4.95647
7.90606, -2.59041, 4.95534
7.93412, -2.58846, 4.95416
7.93412, -2.58846, 4.95416
7.96217, -2.58653, 4.95366
7.96217, -2.58653, 4.95366
8.02025, -2.58275, 4.95318
8.04979, -2.58096, 4.95321
8.10603, -2.57762, 4.95073
8.13133, -2.57613, 4.95038
8.13133, -2.57613, 4.95038
8.16252, -2.57429, 4.9492
8.22073, -2.57124, 4.9478
8.27482, -2.56882, 4.94667
8.27482, -2.56882, 4.94667
8.30439, -2.5669, 4.94566
8.36006, -2.56399, 4.94537
8.41769, -2.5611, 4.94511
8.44515, -2.55976, 4.9453
8.47442, -2.55783, 4.94531
8.52939, -2.55486, 4.94626
8.52939, -2.55486, 4.94626
8.55848, -2.55348, 4.94713
8.61458, -2.55097, 4.9489
8.64208, -2.54962, 4.94972
8.64208, -2.54962, 4.94972
8.72562, -2.54586, 4.95232
8.72562, -2.54586, 4.95232
8.75467, -2.54482, 4.95341
8.80719, -2.54214, 4.95528
8.80719, -2.54214, 4.95528
8.83776, -2.54073, 4.95628
8.86565, -2.53929, 4.95689
8.88836, -2.53838, 4.95733
8.88836, -2.53838, 4.95733
8.94764, -2.53579, 4.9578
9.00288, -2.53265, 4.95868
9.02913, -2.53149, 4.95927
9.02913, -2.53149, 4.95927
9.08301, -2.52955, 4.96085
9.13543, -2.52726, 4.96251
9.16256, -2.52627, 4.96336
9.18683, -2.52543, 4.96413
9.24339, -2.52364, 4.96604
9.27173, -2.52254, 4.96696
9.27173, -2.52254, 4.96696
9.29618, -2.52153, 4.96777
9.3232, -2.52063, 4.96868
9.38063, -2.51892, 4.9702
9.40512, -2.5181, 4.97082
9.40512, -2.5181, 4.97082
9.43328, -2.51652, 4.96961
9.46097, -2.5155, 4.96861
9.48893, -2.51437, 4.96722
9.51492, -2.51362, 4.96619
9.56799, -2.51147, 4.96322
9.59626, -2.51017, 4.96194
9.622, -2.50902, 4.96074
9.64994, -2.50775, 4.95951
9.67492, -2.50693, 4.95873
9.70143, -2.50651, 4.95833
9.73132, -2.50504, 4.95711
9.7848, -2.50304, 4.95634
9.81345, -2.50234, 4.95592
9.81345, -2.50234, 4.95592
9.83883, -2.50144, 4.95508
9.86777, -2.50072, 4.95504
9.86777, -2.50072, 4.95504
9.94858, -2.49758, 4.95573
9.94858, -2.49758, 4.95573
9.94858, -2.49758, 4.95573
9.97476, -2.49687, 4.95608
10.0025, -2.49635, 4.95659
10.0283, -2.49593, 4.957
10.087, -2.49328, 4.95597
10.1109, -2.49288, 4.9559
10.1109, -2.49288, 4.9559
10.1391, -2.49237, 4.95578
10.1658, -2.49168, 4.95544
10.1912, -2.49092, 4.95545
10.2175, -2.49021, 4.95559
10.2449, -2.48944, 4.95563
10.2717, -2.48915, 4.95591
10.3237, -2.48892, 4.95639
10.3501, -2.48822, 4.95644
10.3782, -2.48713, 4.95664
10.4033, -2.48654, 4.95711
10.4339, -2.48629, 4.95768
10.4618, -2.48611, 4.95821
10.4861, -2.48595, 4.9586
10.5121, -2.48527, 4.95932
10.542, -2.48495, 4.96024
10.5662, -2.48463, 4.9608
10.6209, -2.48469, 4.96214
10.6518, -2.48508, 4.96302
10.6756, -2.48471, 4.96365
10.7035, -2.48415, 4.96436
10.7286, -2.48399, 4.96498
10.7587, -2.48417, 4.9658
10.7867, -2.48441, 4.96651
10.8109, -2.48436, 4.96692
10.839, -2.48358, 4.9658
10.8664, -2.48335, 4.96508
10.8936, -2.48295, 4.96387
10.921, -2.48304, 4.96301
10.9495, -2.4833, 4.96216
10.9756, -2.48293, 4.96125
11.003, -2.48227, 4.96023
11.0552, -2.48237, 4.95892
11.1112, -2.48289, 4.95269
11.1379, -2.48226, 4.94947
11.1624, -2.48193, 4.94747
11.1915, -2.48193, 4.94577
11.2159, -2.48184, 4.94412
11.2465, -2.4821, 4.94294
11.2742, -2.48154, 4.94152
11.3001, -2.4811, 4.9411
11.3284, -2.48095, 4.94122
11.3558, -2.48127, 4.94187
11.3821, -2.48106, 4.94157
11.4383, -2.48095, 4.94232
11.4383, -2.48095, 4.94232
11.4649, -2.48066, 4.943
11.5204, -2.48059, 4.94487
11.5473, -2.48069, 4.9457
11.5473, -2.48069, 4.9457
11.5743, -2.48095, 4.94652
11.6003, -2.48054, 4.94737
11.6308, -2.48024, 4.94852
11.6556, -2.47983, 4.9488
11.7143, -2.47964, 4.95038
11.7387, -2.47972, 4.95167
11.7695, -2.47911, 4.9545
11.7958, -2.4785, 4.95793
11.8245, -2.47821, 4.96285
11.878, -2.4777, 4.97438
11.909, -2.47804, 4.98368
11.9365, -2.47744, 4.99316
11.9622, -2.47658, 5.00226
11.9904, -2.47643, 5.01329
12.0149, -2.4763, 5.0237
12.0452, -2.47656, 5.03818
12.0971, -2.47561, 5.06675
12.1245, -2.47543, 5.08339
12.1245, -2.47543, 5.08339
12.1739, -2.47535, 5.11472
12.2005, -2.47564, 5.13349
12.2005, -2.47564, 5.13349
12.2491, -2.47509, 5.17068
12.2723, -2.47426, 5.19013
12.319, -2.47372, 5.23163
12.3387, -2.47396, 5.25078
12.3827, -2.473, 5.29869
12.4009, -2.47249, 5.32039
12.4009, -2.47249, 5.32039
12.4411, -2.47225, 5.37095
12.4607, -2.47214, 5.39698
12.4607, -2.47214, 5.39698
12.4955, -2.47272, 5.44654
12.5131, -2.47329, 5.47307
12.5456, -2.47243, 5.52798
12.5456, -2.47243, 5.52798
12.574, -2.47284, 5.57872
12.574, -2.47284, 5.57872
12.614, -2.47327, 5.65993
12.614, -2.47327, 5.65993
12.6254, -2.47311, 5.68648
12.6254, -2.47311, 5.68648
12.6475, -2.47329, 5.74226
12.6573, -2.47352, 5.76911
12.6672, -2.4735, 5.79854
12.6761, -2.47307, 5.82788
12.6761, -2.47307, 5.82788
12.6994, -2.47254, 5.91268
12.7076, -2.47261, 5.94592
12.7146, -2.47312, 5.97433
12.7244, -2.47148, 6.03266
12.7344, -2.47113, 6.09345
12.7387, -2.47115, 6.12192
12.7426, -2.47049, 6.15512
12.7452, -2.46982, 6.18087
12.7483, -2.46908, 6.2144
12.7522, -2.46747, 6.27269
12.7557, -2.46669, 6.3313
12.7558, -2.46512, 6.36645
12.7558, -2.46512, 6.36645
12.7559, -2.46413, 6.39506
12.7561, -2.46344, 6.42629
12.7559, -2.46272, 6.45313
12.756, -2.46237, 6.48551
12.7552, -2.46146, 6.51682
12.7536, -2.46007, 6.54744
12.7515, -2.45847, 6.57793
12.75, -2.45763, 6.60819
12.75, -2.45763, 6.60819
12.7469, -2.45653, 6.66956
12.7439, -2.45515, 6.70298
12.7382, -2.45305, 6.76142
12.7328, -2.45175, 6.81524
12.7328, -2.45175, 6.81524
12.7302, -2.45133, 6.84201
12.7222, -2.44936, 6.90509
12.7178, -2.44808, 6.9339
12.7178, -2.44808, 6.9339
12.714, -2.44759, 6.96655
12.7105, -2.44714, 6.99561
12.7105, -2.44714, 6.99561
12.7023, -2.44576, 7.05659
12.6925, -2.4438, 7.12152
12.6833, -2.44298, 7.19508
12.6833, -2.44298, 7.19508
12.6746, -2.44209, 7.25933
12.6637, -2.44057, 7.33077
12.6545, -2.44027, 7.40392
12.6545, -2.44027, 7.40392
12.6389, -2.43853, 7.5081
12.6389, -2.43853, 7.5081
12.6343, -2.43824, 7.54105
12.6297, -2.43821, 7.57737
12.6254, -2.4383, 7.61365
12.6208, -2.43835, 7.65073
12.6105, -2.43758, 7.71934
12.6011, -2.43755, 7.78849
12.6011, -2.43755, 7.78849
12.5961, -2.43772, 7.82741
12.5961, -2.43772, 7.82741
12.5864, -2.43777, 7.89218
12.5808, -2.43782, 7.9284
12.5769, -2.43839, 7.96112
12.569, -2.43933, 8.0245
12.5602, -2.44006, 8.09419
12.555, -2.44024, 8.13275
12.5516, -2.44091, 8.16656
12.5475, -2.44122, 8.20011
12.5438, -2.44212, 8.23933
12.54, -2.4423, 8.27121
12.5356, -2.44228, 8.30613
12.5319, -2.44292, 8.34558
12.5284, -2.44327, 8.38035
12.523, -2.44463, 8.44738
12.5199, -2.44528, 8.48667
12.5199, -2.44528, 8.48667
12.5172, -2.44585, 8.52139
12.5148, -2.44665, 8.55871
12.5128, -2.44754, 8.59586
12.5109, -2.44842, 8.62996
12.5093, -2.44935, 8.66408
12.5071, -2.45008, 8.69782
12.5049, -2.45092, 8.73407
12.503, -2.45185, 8.7701
12.5011, -2.45273, 8.80586
12.4999, -2.45372, 8.83954
12.4986, -2.45478, 8.87436
12.4969, -2.45574, 8.9081
12.4952, -2.45688, 8.9476
12.4941, -2.45789, 8.98139
12.4927, -2.45999, 9.04902
12.4906, -2.46266, 9.12264
12.4894, -2.46525, 9.18996
12.4891, -2.46806, 9.26132
12.4887, -2.47082, 9.3304
12.4887, -2.47082, 9.3304
12.4889, -2.47493, 9.4288
12.4889, -2.47493, 9.4288
12.4894, -2.47956, 9.52502
12.4894, -2.47956, 9.52502
12.4908, -2.48372, 9.61486
12.4908, -2.48372, 9.61486
12.4915, -2.48533, 9.65093
12.4921, -2.48674, 9.68275
12.4934, -2.48963, 9.74918
12.494, -2.49113, 9.78327
12.4947, -2.49237, 9.81459
12.4947, -2.49237, 9.81459
12.4956, -2.49356, 9.84767
12.496, -2.49492, 9.87915
12.496, -2.49492, 9.87915
12.4979, -2.49877, 9.97762
12.4988, -2.49968, 10.0104
12.4997, -2.50096, 10.0443
12.5012, -2.50383, 10.1116
12.5029, -2.50635, 10.1774
12.5029, -2.50635, 10.1774
12.504, -2.50775, 10.2165
12.5061, -2.51039, 10.2845
12.5061, -2.51039, 10.2845
12.5073, -2.51216, 10.3231
12.5073, -2.51216, 10.3231
12.5105, -2.51579, 10.4262
12.5124, -2.51824, 10.4892
12.5124, -2.51824, 10.4892
12.5146, -2.52098, 10.5619
12.5168, -2.52282, 10.6298
12.5168, -2.52282, 10.6298
12.5188, -2.52552, 10.6948
12.52, -2.52716, 10.7331
12.522, -2.52928, 10.7997
12.5243, -2.53131, 10.8713
12.5256, -2.53251, 10.9052
12.5268, -2.53357, 10.9349
12.5282, -2.53467, 10.9733
12.5295, -2.53531, 11.0086
12.5334, -2.53831, 11.1082
12.5334, -2.53831, 11.1082
12.5348, -2.53969, 11.1411
12.5358, -2.54018, 11.173
12.5385, -2.54233, 11.2415
12.5399, -2.54381, 11.2768
12.541, -2.54462, 11.3089
12.541, -2.54462, 11.3089
12.5435, -2.54684, 11.3783
12.5445, -2.54746, 11.4112
12.5455, -2.54792, 11.4441
12.547, -2.54907, 11.4794
12.5488, -2.55046, 11.5153
12.5498, -2.55089, 11.5457
12.5511, -2.55136, 11.5839
12.5524, -2.552, 11.6196
12.5537, -2.55231, 11.6548
12.5555, -2.55348, 11.6905
12.5569, -2.55401, 11.7242
12.5585, -2.55462, 11.7618
12.5603, -2.55466, 11.826
12.5603, -2.55466, 11.826
12.5615, -2.55498, 11.8576
12.5628, -2.55538, 11.8892
12.5641, -2.55571, 11.922
12.5641, -2.55571, 11.922
12.5658, -2.55482, 11.9758
12.5665, -2.55386, 11.9991
12.5674, -2.55307, 12.0208
12.5693, -2.54986, 12.0638
12.5704, -2.54446, 12.0968
12.5704, -2.54446, 12.0968
12.5707, -2.54041, 12.1131
12.5729, -2.53274, 12.1415
12.5736, -2.52731, 12.156
12.5749, -2.51545, 12.1818
12.5749, -2.51545, 12.1818
12.5756, -2.50847, 12.195
12.5769, -2.50156, 12.2068
12.5794, -2.48667, 12.2277
12.5799, -2.47885, 12.2368
12.5818, -2.46029, 12.2577
12.5836, -2.45123, 12.2674
12.5836, -2.45123, 12.2674
12.5875, -2.42007, 12.2949
12.5875, -2.42007, 12.2949
12.5891, -2.3958, 12.3134
12.5931, -2.37043, 12.3323
12.5931, -2.37043, 12.3323
12.5944, -2.35859, 12.3408
12.5964, -2.32866, 12.3608
12.5964, -2.32866, 12.3608
12.5978, -2.31279, 12.3706
12.5978, -2.31279, 12.3706
12.6006, -2.28169, 12.3886
12.6006, -2.28169, 12.3886
12.6024, -2.24576, 12.4042
12.6024, -2.24576, 12.4042
12.6026, -2.22642, 12.4098
12.6049, -2.18864, 12.4186
12.6056, -2.16515, 12.4231
12.6056, -2.16515, 12.4231
12.6072, -2.09777, 12.4311
12.6072, -2.09777, 12.4311
12.6076, -2.07536, 12.433
12.6092, -2.04729, 12.435
12.6102, -2.02407, 12.4368
12.6102, -2.02407, 12.4368
12.6113, -1.94102, 12.4429
12.6113, -1.94102, 12.4429
12.611, -1.88558, 12.4471
12.6101, -1.86034, 12.4492
12.6129, -1.80253, 12.4534
12.6137, -1.74505, 12.4575
12.6139, -1.71939, 12.4592
12.6139, -1.71939, 12.4592
12.6134, -1.68841, 12.4609
12.6157, -1.63122, 12.4638
12.6167, -1.56667, 12.4661
12.6169, -1.535, 12.4669
12.6169, -1.535, 12.4669
12.6171, -1.50571, 12.4673
12.6188, -1.44274, 12.4677
12.6191, -1.40957, 12.468
12.6191, -1.40957, 12.468
12.619, -1.34836, 12.4693
12.6185, -1.31748, 12.4699
12.6185, -1.31748, 12.4699
12.6212, -1.22133, 12.4681
12.6212, -1.22133, 12.4681
12.6203, -1.18748, 12.4679
12.6206, -1.15717, 12.4673
12.6206, -1.15717, 12.4673
12.6209, -1.08852, 12.4666
12.6224, -1.05863, 12.4659
12.6222, -1.02244, 12.4654
12.6221, -0.99053, 12.4651
12.6225, -0.921496, 12.4648
12.6234, -0.889704, 12.4648
12.6234, -0.889704, 12.4648
12.6238, -0.856959, 12.4651
12.6237, -0.821943, 12.4657
12.6239, -0.787252, 12.4663
12.6234, -0.754211, 12.467
12.6234, -0.719519, 12.4676
12.6242, -0.686345, 12.4681
12.6251, -0.648957, 12.4685
12.6244, -0.584253, 12.4698
12.6239, -0.515587, 12.4709
12.6246, -0.482371, 12.4715
12.6246, -0.482371, 12.4715
12.6251, -0.45036, 12.4722
12.6255, -0.413418, 12.4732
12.6248, -0.349398, 12.475
12.627, -0.279149, 12.4769
12.6267, -0.215108, 12.4789
12.6267, -0.178815, 12.4801
12.6267, -0.178815, 12.4801
12.6265, -0.147134, 12.4811
12.6272, -0.0821547, 12.4832
12.6266, -0.0164748, 12.4849
12.6259, 0.0162431, 12.4856
12.6259, 0.0162431, 12.4856
12.6259, 0.0162431, 12.4856
12.626, 0.0824893, 12.487
12.6258, 0.114839, 12.4876
12.6247, 0.1773, 12.4884
12.624, 0.210149, 12.489
12.6238, 0.243688, 12.4895
12.6234, 0.274485, 12.4899
12.623, 0.307814, 12.4899
12.6213, 0.369445, 12.489
12.6202, 0.396521, 12.4889
12.6195, 0.428928, 12.4887
12.619, 0.456721, 12.4888
12.618, 0.488039, 12.489
12.6157, 0.549713, 12.4895
12.6143, 0.580517, 12.4896
12.6143, 0.580517, 12.4896
12.6124, 0.64164, 12.4899
12.6103, 0.700434, 12.4902
12.609, 0.728709, 12.4902
12.609, 0.728709, 12.4902
12.607, 0.786495, 12.4894
12.6059, 0.816724, 12.4892
12.6059, 0.816724, 12.4892
12.6051, 0.842033, 12.489
12.6039, 0.872758, 12.489
12.6015, 0.927791, 12.4891
12.6006, 0.95559, 12.4891
12.6006, 0.95559, 12.4891
12.5984, 1.01401, 12.4894
12.5959, 1.06821, 12.4876
12.5947, 1.0945, 12.4857
12.5924, 1.14961, 12.4824
12.5924, 1.14961, 12.4824
12.5883, 1.2329, 12.4782
12.5883, 1.2329, 12.4782
12.5869, 1.25905, 12.4774
12.5855, 1.28521, 12.4767
12.5855, 1.28521, 12.4767
12.5813, 1.36509, 12.4752
12.5813, 1.36509, 12.4752
12.5783, 1.42016, 12.4745
12.5783, 1.42016, 12.4745
12.5783, 1.42016, 12.4745
12.5772, 1.44312, 12.474
12.5727, 1.52459, 12.4713
12.5712, 1.54984, 12.4708
12.5676, 1.60262, 12.4701
12.5658, 1.6298, 12.4702
12.5621, 1.68169, 12.4705
12.5604, 1.70683, 12.4707
12.5586, 1.73401, 12.4711
12.5571, 1.75727, 12.4717
12.5571, 1.75727, 12.4717
12.5552, 1.78464, 12.4726
12.5533, 1.81181, 12.4738
12.5501, 1.86173, 12.4762
12.5463, 1.91152, 12.4788
12.5426, 1.96292, 12.4793
12.5408, 1.9873, 12.4797
12.5408, 1.9873, 12.4797
12.5368, 2.0407, 12.4807
12.5328, 2.09246, 12.4812
12.5294, 2.14165, 12.4811
12.5279, 2.16623, 12.4811
12.526, 2.19052, 12.481
12.5239, 2.21697, 12.4811
12.5219, 2.24452, 12.4814
12.5186, 2.29571, 12.4823
12.5153, 2.34315, 12.483
12.5137, 2.36798, 12.4835
12.5118, 2.39673, 12.4842
12.5118, 2.39673, 12.4842
12.5072, 2.47308, 12.4872
12.5072, 2.47308, 12.4872
12.5058, 2.49722, 12.488
12.504, 2.52462, 12.4893
12.5026, 2.54682, 12.4904
12.5026, 2.54682, 12.4904
12.4997, 2.59722, 12.4929
12.4997, 2.59722, 12.4929
12.4955, 2.67583, 12.4968
12.4955, 2.67583, 12.4968
12.4944, 2.70025, 12.4975
12.4944, 2.70025, 12.4975
12.4913, 2.7747, 12.4995
12.49, 2.80352, 12.5001
12.49, 2.80352, 12.5001
12.4892, 2.8264, 12.4999
12.4883, 2.85523, 12.4998
12.4868, 2.9051, 12.5003
12.486, 2.9321, 12.5003
12.4853, 2.95501, 12.5006
12.4853, 2.95501, 12.5006
12.4848, 2.98108, 12.5012
12.4843, 3.00799, 12.5019
12.4838, 3.03496, 12.5028
12.4822, 3.10962, 12.505
12.4822, 3.10962, 12.505
12.4818, 3.13692, 12.5056
12.4814, 3.16369, 12.5061
12.4811, 3.18986, 12.5067
12.4808, 3.21665, 12.5072
12.48, 3.26765, 12.5081
12.4798, 3.29394, 12.5081
12.4791, 3.3475, 12.5089
12.4791, 3.3475, 12.5089
12.4788, 3.3724, 12.5091
12.4782, 3.40015, 12.5089
12.4779, 3.42616, 12.5089
12.4773, 3.50727, 12.508
12.4771, 3.53214, 12.5076
12.4761, 3.61354, 12.5052
12.4757, 3.66747, 12.5042
12.4753, 3.69527, 12.504
12.4749, 3.7235, 12.5039
12.4744, 3.75141, 12.504
12.4742, 3.77529, 12.504
12.4738, 3.80281, 12.5041
12.4737, 3.83085, 12.5041
12.4736, 3.85954, 12.504
12.4735, 3.88383, 12.5039
12.4733, 3.9413, 12.5034
12.473, 3.99474, 12.5023
12.473, 4.02069, 12.502
12.473, 4.02069, 12.502
12.4729, 4.0487, 12.5018
12.4728, 4.09943, 12.5018
12.4729, 4.1275, 12.502
12.4729, 4.15251, 12.5021
12.4729, 4.15251, 12.5021
12.4731, 4.17919, 12.5023
12.4734, 4.20638, 12.5026
12.4738, 4.23479, 12.5027
12.4738, 4.25911, 12.503
12.4741, 4.28634, 12.5037
12.4744, 4.31378, 12.5043
12.4748, 4.33708, 12.5051
12.4755, 4.36545, 12.5063
12.477, 4.41839, 12.5086
12.4778, 4.44138, 12.5095
12.4791, 4.46909, 12.5102
12.4807, 4.49217, 12.5103
12.4829, 4.52028, 12.5106
12.4872, 4.56732, 12.5114
12.4933, 4.616, 12.5123
12.5005, 4.66059, 12.5134
12.5005, 4.66059, 12.5134
12.505, 4.6873, 12.5144
12.505, 4.6873, 12.5144
12.5134, 4.72918, 12.5155
12.5184, 4.75028, 12.5158
12.5237, 4.77023, 12.5161
12.5297, 4.79109, 12.5164
12.5297, 4.79109, 12.5164
12.5352, 4.811, 12.517
12.5473, 4.84774, 12.518
12.5473, 4.84774, 12.518
12.5549, 4.86794, 12.5186
12.5689, 4.90224, 12.5199
12.5689, 4.90224, 12.5199
12.576, 4.91822, 12.5205
12.5833, 4.93406, 12.5214
12.5909, 4.94903, 12.5222
12.5989, 4.96354, 12.5229
12.6077, 4.97851, 12.5234
12.616, 4.99165, 12.524
12.6249, 5.0057, 12.5248
12.634, 5.01877, 12.5254
12.6427, 5.03037, 12.5261
12.6531, 5.04325, 12.5266
12.6633, 5.05503, 12.5271
12.6633, 5.05503, 12.5271
12.673, 5.06565, 12.5276
12.6946, 5.08704, 12.5284
12.6946, 5.08704, 12.5284
12.706, 5.09718, 12.5285
12.7285, 5.11559, 12.5187
12.7285, 5.11559, 12.5187
12.7407, 5.12446, 12.5144
12.752, 5.13188, 12.5097
12.7635, 5.1391, 12.5063
12.776, 5.14661, 12.5035
12.8006, 5.16015, 12.4996
12.8006, 5.16015, 12.4996
12.8127, 5.16585, 12.4984
12.8383, 5.17677, 12.4964
12.8383, 5.17677, 12.4964
12.852, 5.18228, 12.4958
12.8656, 5.18744, 12.4955
12.8935, 5.19623, 12.4956
12.9055, 5.19914, 12.4958
12.9204, 5.20285, 12.4961
12.9204, 5.20285, 12.4961
12.9344, 5.20611, 12.4964
12.9619, 5.21202, 12.4971
12.9619, 5.21202, 12.4971
12.9767, 5.21392, 12.4975
13.0066, 5.21793, 12.4982
13.0066, 5.21793, 12.4982
13.0212, 5.21983, 12.4986
13.0512, 5.22329, 12.4997
13.0512, 5.22329, 12.4997
13.0667, 5.22452, 12.5001
13.0801, 5.22539, 12.5005
13.0946, 5.22636, 12.5008
13.1114, 5.22763, 12.5012
13.1414, 5.2293, 12.5013
13.1414, 5.2293, 12.5013
13.1571, 5.22951, 12.5016
13.2046, 5.22984, 12.503
13.2046, 5.22984, 12.503
13.2357, 5.22956, 12.504
13.2357, 5.22956, 12.504
13.2525, 5.2287, 12.5045
13.2834, 5.22663, 12.5056
13.2834, 5.22663, 12.5056
13.2993, 5.2259, 12.5061
13.3151, 5.22518, 12.5066
13.3318, 5.22356, 12.5073
13.35, 5.22209, 12.508
13.3644, 5.22063, 12.5085
13.3644, 5.22063, 12.5085
13.3983, 5.21767, 12.5094
13.4139, 5.21677, 12.5098
13.4139, 5.21677, 12.5098
13.432, 5.21471, 12.5105
13.465, 5.21103, 12.512
13.465, 5.21103, 12.512
13.4811, 5.20935, 12.5129
13.5149, 5.20614, 12.5144
13.5149, 5.20614, 12.5144
13.5324, 5.2036, 12.5152
13.5667, 5.19957, 12.5164
13.5835, 5.19774, 12.5169
13.6016, 5.196, 12.5173
13.6367, 5.1914, 12.5181
13.6367, 5.1914, 12.5181
13.6707, 5.18657, 12.5188
13.6707, 5.18657, 12.5188
13.6866, 5.18445, 12.515
13.7233, 5.18035, 12.5086
13.7233, 5.18035, 12.5086
13.7422, 5.17678, 12.5053
13.7771, 5.17141, 12.5006
13.7771, 5.17141, 12.5006
13.796, 5.16889, 12.4982
13.8324, 5.16437, 12.4933
13.8324, 5.16437, 12.4933
13.8504, 5.1609, 12.4908
13.8875, 5.15546, 12.4876
13.8875, 5.15546, 12.4876
13.9055, 5.15336, 12.4866
13.9445, 5.14752, 12.4835
13.9445, 5.14752, 12.4835
13.9641, 5.14427, 12.4828
14.0008, 5.13852, 12.4821
14.0008, 5.13852, 12.4821
14.0208, 5.13552, 12.4818
14.057, 5.13059, 12.4816
14.057, 5.13059, 12.4816
14.0767, 5.12772, 12.4817
14.1167, 5.12216, 12.4824
14.1167, 5.12216, 12.4824
14.1352, 5.11986, 12.483
14.1729, 5.11568, 12.4844
14.1729, 5.11568, 12.4844
14.1914, 5.11309, 12.4853
14.2115, 5.11024, 12.4866
14.2115, 5.11024, 12.4866
14.2486, 5.10583, 12.4889
14.2687, 5.10374, 12.4902
14.2687, 5.10374, 12.4902
14.2906, 5.10091, 12.4917
14.3291, 5.0965, 12.4939
14.3291, 5.0965, 12.4939
14.3496, 5.09449, 12.495
14.3857, 5.09115, 12.4971
14.3857, 5.09115, 12.4971
14.4077, 5.08861, 12.4985
14.4472, 5.08471, 12.5001
14.4472, 5.08471, 12.5001
14.4656, 5.08305, 12.5007
14.4856, 5.0815, 12.5012
14.5041, 5.08011, 12.5017
14.5228, 5.07835, 12.5021
14.5622, 5.07464, 12.5031
14.5622, 5.07464, 12.5031
14.5816, 5.07299, 12.5037
14.6187, 5.07043, 12.5046
14.6187, 5.07043, 12.5046
14.64, 5.06884, 12.505
14.6587, 5.06746, 12.5051
14.6773, 5.06621, 12.5052
14.6989, 5.06489, 12.5054
14.7365, 5.06303, 12.5057
14.7365, 5.06303, 12.5057
14.7552, 5.06222, 12.5058
14.7935, 5.06055, 12.5066
14.7935, 5.06055, 12.5066
14.8131, 5.05997, 12.5069
14.8327, 5.05946, 12.507
14.8521, 5.05891, 12.5069
14.8689, 5.05811, 12.507
14.9103, 5.05668, 12.5076
14.9103, 5.05668, 12.5076
14.9287, 5.05616, 12.5079
14.9664, 5.05537, 12.5087
14.9664, 5.05537, 12.5087
14.9869, 5.05473, 12.5094
15.0412, 5.05389, 12.5099
15.0412, 5.05389, 12.5099
15.0624, 5.05377, 12.5099
15.0801, 5.05357, 12.5098
15.0801, 5.05357, 12.5098
15.1001, 5.05321, 12.5097
15.1379, 5.05301, 12.5101
15.1379, 5.05301, 12.5101
15.1561, 5.05312, 12.5104
15.1951, 5.05317, 12.5117
15.1951, 5.05317, 12.5117
15.2135, 5.05295, 12.5125
15.2345, 5.05275, 12.5137
15.2345, 5.05275, 12.5137
15.2512, 5.05265, 12.5146
15.2879, 5.05278, 12.5162
15.2879, 5.05278, 12.5162
15.3075, 5.05253, 12.517
15.3272, 5.05227, 12.5178
15.3455, 5.05212, 12.5184
15.4018, 5.0521, 12.5211
15.4018, 5.0521, 12.5211
15.4208, 5.05201, 12.5218
15.4208, 5.05201, 12.5218
15.4585, 5.05209, 12.5235
15.4585, 5.05209, 12.5235
15.4762, 5.05223, 12.5241
15.5143, 5.0528, 12.5254
15.5143, 5.0528, 12.5254
15.5321, 5.05276, 12.5262
15.552, 5.05259, 12.5275
15.5712, 5.05263, 12.5284
15.5906, 5.05272, 12.5292
15.6269, 5.05287, 12.5311
15.6269, 5.05287, 12.5311
15.6445, 5.05275, 12.532
15.7004, 5.05311, 12.5347
15.7004, 5.05311, 12.5347
15.7382, 5.05356, 12.5368
15.7382, 5.05356, 12.5368
15.7543, 5.05359, 12.5373
15.7913, 5.05337, 12.5394
15.7913, 5.05337, 12.5394
15.8097, 5.05338, 12.5404
15.8467, 5.05351, 12.543
15.8467, 5.05351, 12.543
15.8637, 5.05366, 12.5443
15.8974, 5.05396, 12.5469
15.8974, 5.05396, 12.5469
15.9157, 5.05385, 12.5481
15.9514, 5.05386, 12.5503
15.9514, 5.05386, 12.5503
16.002, 5.05412, 12.5522
16.002, 5.05412, 12.5522
16.0204, 5.05388, 12.5529
16.0555, 5.05386, 12.5539
16.0555, 5.05386, 12.5539
16.0729, 5.05396, 12.5543
16.1077, 5.05384, 12.5556
16.122, 5.05383, 12.5559
16.122, 5.05383, 12.5559
16.1591, 5.05383, 12.5574
16.1591, 5.05383, 12.5574
16.1928, 5.05419, 12.559
16.1928, 5.05419, 12.559
16.2095, 5.05408, 12.5597
16.2095, 5.05408, 12.5597
16.2444, 5.05434, 12.56
16.2444, 5.05434, 12.56
16.2606, 5.05443, 12.5607
16.2953, 5.05477, 12.5615
16.2953, 5.05477, 12.5615
16.3114, 5.05473, 12.5615
16.3463, 5.05449, 12.5622
16.3463, 5.05449, 12.5622
16.3628, 5.05447, 12.5623
16.3986, 5.05461, 12.5624
16.3986, 5.05461, 12.5624
16.4167, 5.05439, 12.5628
16.4674, 5.05434, 12.5638
16.4674, 5.05434, 12.5638
16.485, 5.0544, 12.5643
16.5003, 5.05429, 12.5651
16.5003, 5.05429, 12.5651
16.5188, 5.05414, 12.5656
16.5537, 5.05395, 12.5668
16.5537, 5.05395, 12.5668
16.5703, 5.05396, 12.5671
16.6038, 5.05373, 12.5676
16.6038, 5.05373, 12.5676
16.6215, 5.05342, 12.5677
16.6563, 5.05284, 12.5681
16.6563, 5.05284, 12.5681
16.6721, 5.05265, 12.5682
16.6908, 5.05254, 12.5679
16.6908, 5.05254, 12.5679
16.7089, 5.05198, 12.5678
16.7412, 5.05134, 12.567
16.7412, 5.05134, 12.567
16.7591, 5.05115, 12.5665
16.7932, 5.0507, 12.5661
16.7932, 5.0507, 12.5661
16.8117, 5.05041, 12.5658
16.8476, 5.05001, 12.5656
16.8476, 5.05001, 12.5656
16.8634, 5.0499, 12.5657
16.8982, 5.04964, 12.5661
16.8982, 5.04964, 12.5661
16.9167, 5.04942, 12.5663
16.9494, 5.04911, 12.5664
16.9494, 5.04911, 12.5664
16.9683, 5.04894, 12.5667
17.003, 5.04879, 12.5661
17.003, 5.04879, 12.5661
17.0212, 5.04866, 12.5656
17.0551, 5.04844, 12.5649
17.0551, 5.04844, 12.5649
17.0742, 5.04828, 12.5645
17.1078, 5.04795, 12.564
17.1078, 5.04795, 12.564
17.1279, 5.04771, 12.5642
17.1633, 5.04742, 12.5642
17.1633, 5.04742, 12.5642
17.1791, 5.04735, 12.5645
17.2149, 5.04743, 12.565
17.2512, 5.04769, 12.5659
17.2669, 5.04781, 12.5662
17.2816, 5.04795, 12.5667
17.2816, 5.04795, 12.5667
17.3161, 5.04819, 12.5666
17.3337, 5.0483, 12.5673
17.3337, 5.0483, 12.5673
17.3695, 5.04855, 12.5672
17.3854, 5.04868, 12.567
17.3854, 5.04868, 12.567
17.4202, 5.04889, 12.5672
17.4202, 5.04889, 12.5672
17.4202, 5.04889, 12.5672
17.4546, 5.04908, 12.5671
17.4719, 5.0492, 12.5673
17.4719, 5.0492, 12.5673
17.507, 5.04958, 12.5676
17.5255, 5.05008, 12.5682
17.5255, 5.05008, 12.5682
17.5588, 5.05084, 12.5691
17.5588, 5.05084, 12.5691
17.5751, 5.05121, 12.5696
17.6108, 5.05208, 12.5706
17.6108, 5.05208, 12.5706
17.627, 5.05248, 12.5687
17.6609, 5.05339, 12.5653
17.6798, 5.05386, 12.5637
17.6798, 5.05386, 12.5637
17.7127, 5.05468, 12.5618
17.7127, 5.05468, 12.5618
17.7307, 5.05502, 12.5612
17.7654, 5.05568, 12.5605
17.7654, 5.05568, 12.5605
17.7818, 5.05598, 12.5605
17.8162, 5.05656, 12.5609
17.8337, 5.05687, 12.5609
17.8337, 5.05687, 12.5609
17.8679, 5.05745, 12.5618
17.8679, 5.05745, 12.5618
17.8843, 5.0577, 12.5623
17.9191, 5.05805, 12.5636
17.9531, 5.05821, 12.5648
17.9681, 5.05826, 12.5655
17.9843, 5.05828, 12.5657
17.9843, 5.05828, 12.5657
18.0018, 5.05823, 12.5667
18.0518, 5.05794, 12.5646
18.07, 5.05783, 12.5633
18.0862, 5.05773, 12.5626
18.0862, 5.05773, 12.5626
18.1031, 5.05771, 12.5622
18.1191, 5.05794, 12.5619
18.1191, 5.05794, 12.5619
18.1529, 5.05832, 12.5614
18.1676, 5.05843, 12.5607
18.1676, 5.05843, 12.5607
18.2008, 5.05869, 12.5578
18.2181, 5.05887, 12.5566
18.2181, 5.05887, 12.5566
18.2506, 5.05921, 12.5544
18.2506, 5.05921, 12.5544
18.268, 5.05929, 12.5536
18.3005, 5.05948, 12.553
18.3005, 5.05948, 12.553
18.3162, 5.0596, 12.553
18.3496, 5.05984, 12.5535
18.3642, 5.05993, 12.5539
18.3642, 5.05993, 12.5539
18.3987, 5.0601, 12.5548
18.4155, 5.06038, 12.5557
18.4155, 5.06038, 12.5557
18.4483, 5.06068, 12.5569
18.4649, 5.0608, 12.5576
18.4649, 5.0608, 12.5576
18.4963, 5.06112, 12.5596
18.5137, 5.06125, 12.5605
18.5137, 5.06125, 12.5605
18.5465, 5.06138, 12.5628
18.5623, 5.06143, 12.5641
18.5623, 5.06143, 12.5641
18.5953, 5.06169, 12.5659
18.6119, 5.06196, 12.5672
18.6119, 5.06196, 12.5672
18.6433, 5.06229, 12.5689
18.6597, 5.06244, 12.5696
18.6597, 5.06244, 12.5696
18.6768, 5.06267, 12.5702
18.6926, 5.06322, 12.5712
18.6926, 5.06322, 12.5712
18.7253, 5.0638, 12.5717
18.7422, 5.06408, 12.5719
18.7422, 5.06408, 12.5719
18.774, 5.06485, 12.5732
18.7926, 5.06552, 12.5739
18.7926, 5.06552, 12.5739
18.8247, 5.0666, 12.575
18.8574, 5.06725, 12.5746
18.8731, 5.06792, 12.5745
18.889, 5.06848, 12.5743
18.889, 5.06848, 12.5743
18.9217, 5.06925, 12.5742
18.9386, 5.06948, 12.5736
18.9386, 5.06948, 12.5736
18.9726, 5.0698, 12.5717
18.9894, 5.0699, 12.5711
18.9894, 5.0699, 12.5711
19.0228, 5.07, 12.5703
19.0228, 5.07, 12.5703
19.0386, 5.07007, 12.5704
19.0719, 5.07035, 12.5694
19.0863, 5.07045, 12.5691
19.0863, 5.07045, 12.5691
19.1185, 5.07047, 12.5683
19.1185, 5.07047, 12.5683
19.1344, 5.07041, 12.5677
19.1682, 5.07049, 12.5656
19.1682, 5.07049, 12.5656
19.1843, 5.0706, 12.5645
19.2174, 5.07066, 12.5597
19.2318, 5.07061, 12.5569
19.2318, 5.07061, 12.5569
19.2654, 5.07073, 12.5496
19.2976, 5.07081, 12.5419
19.3144, 5.07082, 12.5379
19.3455, 5.0707, 12.5273
19.3623, 5.07078, 12.5194
19.3623, 5.07078, 12.5194
19.3952, 5.07075, 12.5043
19.4092, 5.07065, 12.4981
19.4257, 5.07038, 12.4909
19.4419, 5.07054, 12.4838
19.4732, 5.07117, 12.4699
19.4882, 5.07127, 12.4628
19.4882, 5.07127, 12.4628
19.5041, 5.07122, 12.4548
19.5195, 5.07124, 12.447
19.5336, 5.07097, 12.4393
19.5493, 5.07082, 12.43
19.5634, 5.07056, 12.421
19.5783, 5.07052, 12.4109
19.6063, 5.07047, 12.3915
19.6197, 5.07036, 12.382
19.6332, 5.07015, 12.3723
19.6474, 5.06996, 12.3622
19.6604, 5.07009, 12.352
19.6861, 5.07003, 12.3302
19.6996, 5.06986, 12.3179
19.6996, 5.06986, 12.3179
19.7117, 5.06964, 12.3066
19.7246, 5.06935, 12.2941
19.7367, 5.06911, 12.2811
19.7485, 5.069, 12.268
19.7615, 5.06886, 12.2525
19.7723, 5.06861, 12.2389
19.7858, 5.06806, 12.2211
19.7969, 5.06763, 12.206
19.8086, 5.06785, 12.1891
19.8197, 5.06773, 12.1724
19.8304, 5.06749, 12.1554
19.8421, 5.06698, 12.1356
19.8536, 5.06636, 12.1157
19.8646, 5.06606, 12.0975
19.8741, 5.06591, 12.0808
19.9056, 5.0656, 12.0264
19.9056, 5.0656, 12.0264
19.9148, 5.06534, 12.01
19.9241, 5.06518, 11.9928
19.9333, 5.06582, 11.9753
19.9417, 5.06605, 11.9582
19.9498, 5.06592, 11.9401
19.9664, 5.06605, 11.9009
19.9733, 5.06642, 11.8834
19.9811, 5.06694, 11.8626
19.9811, 5.06694, 11.8626
19.9893, 5.06731, 11.8393
19.9956, 5.06746, 11.8206
20.0096, 5.06826, 11.7769
20.0159, 5.06862, 11.7558
20.0227, 5.06951, 11.733
20.0227, 5.06951, 11.733
20.0348, 5.07017, 11.6893
20.0407, 5.07023, 11.6666
20.0457, 5.07029, 11.647
20.0569, 5.07127, 11.6018
20.0674, 5.07205, 11.5562
20.0674, 5.07205, 11.5562
20.0725, 5.07196, 11.5312
20.0725, 5.07196, 11.5312
20.0814, 5.0727, 11.4849
20.0814, 5.0727, 11.4849
20.0856, 5.07312, 11.4617
20.0935, 5.07302, 11.4137
20.0935, 5.07302, 11.4137
20.0973, 5.07291, 11.3886
20.1008, 5.07299, 11.3646
20.1044, 5.07337, 11.3386
20.1137, 5.07493, 11.265
20.1167, 5.07482, 11.2383
20.1193, 5.07466, 11.2137
20.1221, 5.07557, 11.1878
20.1289, 5.0776, 11.1171
20.1289, 5.0776, 11.1171
20.1346, 5.079, 11.0409
20.1346, 5.079, 11.0409
20.1363, 5.0799, 11.0168
20.138, 5.08084, 10.9889
20.1406, 5.08138, 10.9385
20.1417, 5.08164, 10.9134
20.1429, 5.08254, 10.8869
20.1429, 5.08254, 10.8869
20.146, 5.08433, 10.8111
20.1468, 5.08435, 10.7868
20.1485, 5.08593, 10.7368
20.1497, 5.08761, 10.6862
20.15, 5.08776, 10.6608
20.15, 5.08776, 10.6608
20.1503, 5.08784, 10.6361
20.1504, 5.08828, 10.6098
20.1504, 5.0898, 10.5592
20.1504, 5.0898, 10.5592
20.1504, 5.09063, 10.534
20.1503, 5.09111, 10.5095
20.1501, 5.09122, 10.4841
20.1498, 5.0924, 10.4607
20.1494, 5.0932, 10.4357
20.1489, 5.09382, 10.4117
20.1483, 5.0942, 10.3887
20.1476, 5.09394, 10.3607
20.1469, 5.09376, 10.3367
20.1462, 5.09427, 10.3131
20.1455, 5.0957, 10.286
20.1448, 5.09634, 10.2611
20.144, 5.09675, 10.2366
20.1432, 5.09696, 10.2113
20.1421, 5.09786, 10.1814
20.1412, 5.09909, 10.1555
20.1402, 5.09994, 10.1294
20.1392, 5.10103, 10.1027
20.1381, 5.10109, 10.0753
20.1361, 5.10134, 10.023
20.1353, 5.10279, 9.99751
20.1353, 5.10279, 9.99751
20.1343, 5.10328, 9.9727
20.1333, 5.10336, 9.94588
20.1321, 5.10322, 9.91904
20.1311, 5.10316, 9.89607
20.13, 5.1033, 9.869
20.1289, 5.10394, 9.84128
20.1281, 5.10463, 9.81793
20.127, 5.10489, 9.79246
20.1257, 5.10503, 9.7627
20.1246, 5.1049, 9.73874
20.1233, 5.10603, 9.70937
20.1208, 5.1066, 9.65939
20.1196, 5.10703, 9.63655
20.1183, 5.10702, 9.61121
20.117, 5.10709, 9.58501
20.1154, 5.10745, 9.55595
20.1154, 5.10745, 9.55595
20.1125, 5.10909, 9.5037
20.111, 5.10955, 9.47705
20.1098, 5.10949, 9.45365
20.1068, 5.11022, 9.40073
20.1068, 5.11022, 9.40073
20.1052, 5.11072, 9.37453
20.1018, 5.11147, 9.31546
20.1003, 5.11073, 9.28924
20.1003, 5.11073, 9.28924
20.0989, 5.11037, 9.2645
20.0959, 5.11116, 9.20776
20.0945, 5.11129, 9.18135
20.0928, 5.11083, 9.15131
20.0928, 5.11083, 9.15131
20.0912, 5.11034, 9.12359
20.0898, 5.1099, 9.09893
20.0866, 5.11027, 9.04558
20.0833, 5.10978, 8.99072
20.0817, 5.10921, 8.96373
20.0801, 5.10899, 8.93467
20.0776, 5.1097, 8.88181
20.0776, 5.1097, 8.88181
20.0763, 5.10944, 8.85386
20.0751, 5.10931, 8.82541
20.0728, 5.10854, 8.77296
20.0709, 5.10895, 8.71995
20.0691, 5.1088, 8.66941
20.0682, 5.10798, 8.64306
20.0671, 5.10797, 8.61489
20.0659, 5.10806, 8.5873
20.0649, 5.10805, 8.56196
20.064, 5.10795, 8.53903
20.0629, 5.10719, 8.51161
20.0619, 5.10627, 8.48445
20.061, 5.10709, 8.4573
20.0602, 5.10755, 8.43375
20.0594, 5.10744, 8.40705
20.0584, 5.1069, 8.37826
20.0576, 5.10644, 8.3531
20.0567, 5.10595, 8.32579
20.056, 5.10618, 8.29815
20.0553, 5.10638, 8.2727
20.0546, 5.10669, 8.24561
20.0538, 5.1067, 8.21933
20.0538, 5.1067, 8.21933
20.053, 5.10578, 8.19083
20.0523, 5.10539, 8.16441
20.0515, 5.10585, 8.13843
20.0507, 5.10521, 8.1105
20.049, 5.10307, 8.05551
20.0482, 5.10206, 8.02842
20.0482, 5.10206, 8.02842
20.0473, 5.10097, 7.99939
20.0465, 5.10109, 7.97147
20.0439, 5.10027, 7.89058
20.0439, 5.10027, 7.89058
20.043, 5.09934, 7.86176
20.0421, 5.09812, 7.83188
20.0413, 5.0987, 7.80356
20.0406, 5.09866, 7.77841
20.0397, 5.09818, 7.75063
20.0388, 5.09718, 7.71917
20.038, 5.09634, 7.69113
20.0372, 5.09582, 7.6647
20.0365, 5.0957, 7.63507
20.0343, 5.09443, 7.5481
20.0337, 5.09381, 7.52341
20.033, 5.0928, 7.49212
20.0326, 5.09221, 7.46337
20.0326, 5.09221, 7.46337
20.0323, 5.0916, 7.43671
20.0319, 5.09081, 7.4099
20.0314, 5.08968, 7.38096
20.031, 5.0886, 7.35382
20.0306, 5.08804, 7.32486
20.0304, 5.08784, 7.2988
20.0293, 5.08604, 7.2174
20.0293, 5.08604, 7.2174
20.0288, 5.0851, 7.18939
20.0285, 5.08463, 7.1619
20.0284, 5.08491, 7.13367
20.0281, 5.08432, 7.10954
20.0279, 5.08398, 7.0806
20.0277, 5.08329, 7.0547
20.0275, 5.08236, 7.02787
20.0277, 5.08227, 7.00007
20.0278, 5.0812, 6.94707
20.0278, 5.08046, 6.92061
20.0278, 5.08046, 6.92061
20.0279, 5.07973, 6.89232
20.0277, 5.07857, 6.86386
20.0279, 5.07842, 6.83759
20.028, 5.07796, 6.80987
20.028, 5.07683, 6.7577
20.0281, 5.07613, 6.72912
20.0281, 5.07525, 6.70095
20.0283, 5.07476, 6.67696
20.0285, 5.0743, 6.64937
20.0292, 5.07337, 6.59696
20.0296, 5.07162, 6.54065
20.0296, 5.07162, 6.54065
20.03, 5.07139, 6.51255
20.0308, 5.0689, 6.42875
20.0308, 5.0689, 6.42875
20.0311, 5.06802, 6.39983
20.0311, 5.06802, 6.39983
20.0314, 5.06455, 6.31991
20.0314, 5.06455, 6.31991
20.0317, 5.06316, 6.2609
20.0317, 5.06316, 6.2609
20.0318, 5.06094, 6.18002
20.0318, 5.06094, 6.18002
20.0317, 5.05999, 6.1542
20.0317, 5.05999, 6.1542
20.0319, 5.05896, 6.09861
20.0319, 5.05896, 6.09861
20.0319, 5.05745, 6.04113
20.0319, 5.05668, 6.01661
20.032, 5.05494, 5.96009
20.0321, 5.05422, 5.93407
20.0321, 5.05422, 5.93407
20.0321, 5.05343, 5.90847
20.0319, 5.05143, 5.85398
20.0319, 5.05143, 5.85398
20.0317, 5.05023, 5.82921
20.0325, 5.04869, 5.77823
20.0325, 5.04869, 5.77823
20.0326, 5.04746, 5.74973
20.0327, 5.04513, 5.69926
20.033, 5.04305, 5.6468
20.033, 5.04305, 5.6468
20.033, 5.04305, 5.6468
20.0329, 5.04115, 5.59726
20.0327, 5.04005, 5.57036
20.0325, 5.0389, 5.54359
20.0324, 5.03706, 5.49348
20.0324, 5.03706, 5.49348
20.0324, 5.03706, 5.49348
20.0323, 5.03599, 5.46642
20.0317, 5.03348, 5.41103
20.0317, 5.03348, 5.41103
20.0314, 5.03215, 5.38543
20.0307, 5.02968, 5.33123
20.0303, 5.02846, 5.30378
20.0298, 5.02714, 5.27553
20.0292, 5.02591, 5.24985
20.028, 5.02308, 5.19441
20.0275, 5.02165, 5.16431
