0.00171, 0.11243, 0.11243, -2.09504, 0.03662, 0.95240, 0.01664, -0.00059, 0.00078, 0.09139, -0.01058, 0.01349
0.01999, 0.11012, 0.11012, -2.09223, 0.03678, 0.95238, 0.01664, -0.00059, 0.00078, 0.09139, -0.01058, 0.01349
0.03999, 0.11012, 0.11012, -2.09223, 0.03678, 0.95238, 0.03328, -0.00120, 0.00156, 0.09477, -0.01114, 0.01387
0.06003, 0.10777, 0.10777, -2.08939, 0.03686, 0.95241, 0.03328, -0.00120, 0.00156, 0.09477, -0.01114, 0.01387
0.08002, 0.10777, 0.10777, -2.08939, 0.03686, 0.95241, 0.04991, -0.00181, 0.00235, 0.09496, -0.01303, 0.01482
0.10005, 0.10516, 0.10516, -2.08620, 0.03690, 0.95241, 0.06655, -0.00243, 0.00314, 0.09674, -0.01579, 0.01603
0.11996, 0.10282, 0.10282, -2.08335, 0.03683, 0.95238, 0.06655, -0.00243, 0.00314, 0.09674, -0.01579, 0.01603
0.13997, 0.10282, 0.10282, -2.08335, 0.03683, 0.95238, 0.08318, -0.00305, 0.00393, 0.09610, -0.01365, 0.01501
0.16004, 0.10062, 0.10062, -2.08055, 0.03669, 0.95216, 0.09982, -0.00366, 0.00474, 0.09466, -0.01521, 0.00845
0.18005, 0.10062, 0.10062, -2.08055, 0.03669, 0.95216, 0.09982, -0.00366, 0.00474, 0.09466, -0.01521, 0.00845
0.20001, 0.09833, 0.09833, -2.07749, 0.03644, 0.95166, 0.11646, -0.00427, 0.00557, 0.09168, -0.01842, -0.00021
0.22000, 0.09657, 0.09657, -2.07487, 0.03624, 0.95095, 0.11646, -0.00427, 0.00557, 0.09168, -0.01842, -0.00021
0.24006, 0.09657, 0.09657, -2.07487, 0.03624, 0.95095, 0.13309, -0.00486, 0.00645, 0.08970, -0.01451, -0.00322
0.25999, 0.09500, 0.09500, -2.07231, 0.03606, 0.95005, 0.13309, -0.00486, 0.00645, 0.08970, -0.01451, -0.00322
0.27999, 0.09500, 0.09500, -2.07231, 0.03606, 0.95005, 0.14972, -0.00545, 0.00738, 0.08720, -0.01446, -0.01401
0.29999, 0.09356, 0.09356, -2.06954, 0.03596, 0.94877, 0.16635, -0.00605, 0.00837, 0.08258, -0.01611, -0.02081
0.32005, 0.09244, 0.09244, -2.06715, 0.03585, 0.94755, 0.16635, -0.00605, 0.00837, 0.08258, -0.01611, -0.02081
0.34000, 0.09244, 0.09244, -2.06715, 0.03585, 0.94755, 0.18297, -0.00665, 0.00947, 0.08340, -0.01424, -0.02384
0.36000, 0.09153, 0.09153, -2.06481, 0.03579, 0.94619, 0.18297, -0.00665, 0.00947, 0.08340, -0.01424, -0.02384
0.38000, 0.09153, 0.09153, -2.06481, 0.03579, 0.94619, 0.19959, -0.00725, 0.01060, 0.08161, -0.01373, -0.02539
0.40002, 0.09061, 0.09061, -2.06217, 0.03574, 0.94461, 0.21620, -0.00786, 0.01181, 0.08082, -0.01259, -0.02700
0.42000, 0.08996, 0.08996, -2.05981, 0.03578, 0.94313, 0.21620, -0.00786, 0.01181, 0.08082, -0.01259, -0.02700
0.43998, 0.08996, 0.08996, -2.05981, 0.03578, 0.94313, 0.23281, -0.00847, 0.01313, 0.07730, -0.01069, -0.03147
0.46002, 0.08933, 0.08933, -2.05737, 0.03584, 0.94165, 0.23281, -0.00847, 0.01313, 0.07730, -0.01069, -0.03147
0.48002, 0.08933, 0.08933, -2.05737, 0.03584, 0.94165, 0.24941, -0.00911, 0.01448, 0.08111, -0.00729, -0.02953
0.49997, 0.08876, 0.08876, -2.05452, 0.03599, 0.93991, 0.26601, -0.00975, 0.01588, 0.08407, -0.00752, -0.02958
0.52002, 0.08820, 0.08820, -2.05183, 0.03612, 0.93845, 0.26601, -0.00975, 0.01588, 0.08407, -0.00752, -0.02958
0.53998, 0.08820, 0.08820, -2.05183, 0.03612, 0.93845, 0.28260, -0.01044, 0.01742, 0.08789, -0.00857, -0.02841
0.56001, 0.08765, 0.08765, -2.04897, 0.03629, 0.93701, 0.29919, -0.01112, 0.01895, 0.09395, -0.00664, -0.02732
0.57997, 0.08765, 0.08765, -2.04897, 0.03629, 0.93701, 0.29919, -0.01112, 0.01895, 0.09395, -0.00664, -0.02732
0.59997, 0.08694, 0.08694, -2.04551, 0.03647, 0.93553, 0.31578, -0.01183, 0.02053, 0.09933, -0.00647, -0.02477
0.61997, 0.08639, 0.08639, -2.04222, 0.03673, 0.93419, 0.31578, -0.01183, 0.02053, 0.09933, -0.00647, -0.02477
0.63998, 0.08639, 0.08639, -2.04222, 0.03673, 0.93419, 0.33236, -0.01256, 0.02219, 0.10450, -0.00906, -0.02280
0.66000, 0.08586, 0.08586, -2.03868, 0.03699, 0.93286, 0.33236, -0.01256, 0.02219, 0.10450, -0.00906, -0.02280
0.67999, 0.08586, 0.08586, -2.03868, 0.03699, 0.93286, 0.34893, -0.01332, 0.02387, 0.11119, -0.00646, -0.02262
0.70004, 0.08542, 0.08542, -2.03439, 0.03740, 0.93134, 0.36550, -0.01410, 0.02560, 0.11959, -0.00340, -0.02243
0.71998, 0.08500, 0.08500, -2.03023, 0.03775, 0.93010, 0.36550, -0.01410, 0.02560, 0.11959, -0.00340, -0.02243
0.73999, 0.08500, 0.08500, -2.03023, 0.03775, 0.93010, 0.38205, -0.01497, 0.02749, 0.12476, -0.00632, -0.02274
0.75998, 0.08466, 0.08466, -2.02571, 0.03813, 0.92892, 0.38205, -0.01497, 0.02749, 0.12476, -0.00632, -0.02274
0.77999, 0.08466, 0.08466, -2.02571, 0.03813, 0.92892, 0.39861, -0.01584, 0.02932, 0.13486, -0.00215, -0.01980
0.80002, 0.08431, 0.08431, -2.02017, 0.03849, 0.92775, 0.41516, -0.01674, 0.03120, 0.14546, 0.00009, -0.01752
0.82004, 0.08423, 0.08423, -2.01479, 0.03887, 0.92676, 0.41516, -0.01674, 0.03120, 0.14546, 0.00009, -0.01752
0.84004, 0.08423, 0.08423, -2.01479, 0.03887, 0.92676, 0.43170, -0.01768, 0.03317, 0.15733, -0.00770, -0.01601
0.85998, 0.08439, 0.08439, -2.00903, 0.03924, 0.92583, 0.43170, -0.01768, 0.03317, 0.15733, -0.00770, -0.01601
0.87998, 0.08439, 0.08439, -2.00903, 0.03924, 0.92583, 0.44824, -0.01864, 0.03512, 0.16818, -0.00591, -0.01260
0.90003, 0.08504, 0.08504, -2.00199, 0.03969, 0.92482, 0.46477, -0.01963, 0.03710, 0.17877, -0.00456, -0.01168
0.92003, 0.08595, 0.08595, -1.99524, 0.04001, 0.92408, 0.46477, -0.01963, 0.03710, 0.17877, -0.00456, -0.01168
0.94004, 0.08595, 0.08595, -1.99524, 0.04001, 0.92408, 0.48129, -0.02072, 0.03924, 0.18914, -0.00524, -0.01478
0.95999, 0.08731, 0.08731, -1.98798, 0.04028, 0.92348, 0.48129, -0.02072, 0.03924, 0.18914, -0.00524, -0.01478
0.97998, 0.08731, 0.08731, -1.98798, 0.04028, 0.92348, 0.49782, -0.02176, 0.04129, 0.20316, -0.00557, -0.00870
1.00003, 0.08914, 0.08914, -1.97930, 0.04048, 0.92296, 0.49775, -0.02208, 0.04195, 0.21671, -0.00289, -0.00276
1.02000, 0.08812, 0.08812, -1.97099, 0.04060, 0.92257, 0.49775, -0.02208, 0.04195, 0.21671, -0.00289, -0.00276
1.03999, 0.08812, 0.08812, -1.97099, 0.04060, 0.92257, 0.49787, -0.02145, 0.04084, 0.23048, -0.01082, -0.00397
1.06000, 0.08772, 0.08772, -1.96216, 0.04062, 0.92228, 0.49787, -0.02145, 0.04084, 0.23048, -0.01082, -0.00397
1.07998, 0.08772, 0.08772, -1.96216, 0.04062, 0.92228, 0.49781, -0.02171, 0.04140, 0.24606, -0.01118, -0.00181
1.10002, 0.08829, 0.08829, -1.95148, 0.04058, 0.92205, 0.49775, -0.02193, 0.04195, 0.26145, -0.01260, 0.00230
1.11999, 0.08980, 0.08980, -1.94151, 0.04041, 0.92197, 0.49775, -0.02193, 0.04195, 0.26145, -0.01260, 0.00230
1.13998, 0.08980, 0.08980, -1.94151, 0.04041, 0.92197, 0.49769, -0.02216, 0.04256, 0.27212, -0.01491, 0.00140
1.15998, 0.08840, 0.08840, -1.93099, 0.04014, 0.92200, 0.49769, -0.02216, 0.04256, 0.27212, -0.01491, 0.00140
1.17998, 0.08840, 0.08840, -1.93099, 0.04014, 0.92200, 0.49764, -0.02231, 0.04308, 0.28661, -0.01581, 0.00253
1.20001, 0.08737, 0.08737, -1.91865, 0.03968, 0.92217, 0.49797, -0.02058, 0.04000, 0.30260, -0.01576, 0.00594
1.21998, 0.08793, 0.08793, -1.90704, 0.03922, 0.92238, 0.49797, -0.02058, 0.04000, 0.30260, -0.01576, 0.00594
1.23999, 0.08793, 0.08793, -1.90704, 0.03922, 0.92238, 0.49794, -0.02061, 0.04043, 0.31692, -0.02064, 0.00810
1.26000, 0.08773, 0.08773, -1.89490, 0.03867, 0.92267, 0.49794, -0.02061, 0.04043, 0.31692, -0.02064, 0.00810
1.27998, 0.08773, 0.08773, -1.89490, 0.03867, 0.92267, 0.49790, -0.02062, 0.04081, 0.33052, -0.02094, 0.00804
1.29998, 0.08580, 0.08580, -1.88050, 0.03797, 0.92307, 0.49788, -0.02059, 0.04118, 0.34531, -0.01910, 0.01110
1.32003, 0.08608, 0.08608, -1.86737, 0.03728, 0.92345, 0.49788, -0.02059, 0.04118, 0.34531, -0.01910, 0.01110
1.33998, 0.08608, 0.08608, -1.86737, 0.03728, 0.92345, 0.49784, -0.02054, 0.04161, 0.35539, -0.02363, 0.01179
1.36002, 0.08556, 0.08556, -1.85381, 0.03654, 0.92387, 0.49784, -0.02054, 0.04161, 0.35539, -0.02363, 0.01179
1.37999, 0.08556, 0.08556, -1.85381, 0.03654, 0.92387, 0.49781, -0.02046, 0.04200, 0.36780, -0.02362, 0.01177
1.40002, 0.08359, 0.08359, -1.83829, 0.03562, 0.92440, 0.49797, -0.01948, 0.04060, 0.37975, -0.02275, 0.01178
1.42004, 0.08430, 0.08430, -1.82391, 0.03473, 0.92489, 0.49797, -0.01948, 0.04060, 0.37975, -0.02275, 0.01178
1.44004, 0.08430, 0.08430, -1.82391, 0.03473, 0.92489, 0.49794, -0.01931, 0.04099, 0.39054, -0.02444, 0.01330
1.46004, 0.08242, 0.08242, -1.80926, 0.03379, 0.92540, 0.49794, -0.01931, 0.04099, 0.39054, -0.02444, 0.01330
1.48004, 0.08242, 0.08242, -1.80926, 0.03379, 0.92540, 0.49792, -0.01913, 0.04137, 0.39905, -0.02652, 0.01104
1.50002, 0.08120, 0.08120, -1.79433, 0.03280, 0.92594, 0.49822, -0.01737, 0.03835, 0.40700, -0.02575, 0.01190
1.51998, 0.08168, 0.08168, -1.77668, 0.03158, 0.92654, 0.49822, -0.01737, 0.03835, 0.40700, -0.02575, 0.01190
1.54004, 0.08168, 0.08168, -1.77668, 0.03158, 0.92654, 0.49821, -0.01712, 0.03866, 0.41634, -0.02352, 0.01338
1.56004, 0.07908, 0.07908, -1.76125, 0.03044, 0.92703, 0.49821, -0.01712, 0.03866, 0.41634, -0.02352, 0.01338
1.58003, 0.07908, 0.07908, -1.76125, 0.03044, 0.92703, 0.49819, -0.01679, 0.03907, 0.42627, -0.03015, 0.01155
1.60001, 0.07945, 0.07945, -1.74562, 0.02920, 0.92752, 0.49817, -0.01646, 0.03946, 0.43498, -0.02967, 0.01385
1.62004, 0.07755, 0.07755, -1.72802, 0.02778, 0.92805, 0.49817, -0.01646, 0.03946, 0.43498, -0.02967, 0.01385
1.64004, 0.07755, 0.07755, -1.72802, 0.02778, 0.92805, 0.49815, -0.01606, 0.03987, 0.44253, -0.02995, 0.01398
1.66005, 0.07668, 0.07668, -1.71205, 0.02650, 0.92848, 0.49815, -0.01606, 0.03987, 0.44253, -0.02995, 0.01398
1.67999, 0.07668, 0.07668, -1.71205, 0.02650, 0.92848, 0.49828, -0.01492, 0.03863, 0.44473, -0.03459, 0.01045
1.69999, 0.07712, 0.07712, -1.69597, 0.02519, 0.92888, 0.49826, -0.01448, 0.03907, 0.45070, -0.03414, 0.01052
1.71999, 0.07459, 0.07459, -1.67759, 0.02366, 0.92930, 0.49826, -0.01448, 0.03907, 0.45070, -0.03414, 0.01052
1.73999, 0.07459, 0.07459, -1.67759, 0.02366, 0.92930, 0.49851, -0.01287, 0.03633, 0.45639, -0.03047, 0.01497
1.76005, 0.07613, 0.07613, -1.66131, 0.02234, 0.92966, 0.49851, -0.01287, 0.03633, 0.45639, -0.03047, 0.01497
1.78005, 0.07613, 0.07613, -1.66131, 0.02234, 0.92966, 0.49849, -0.01232, 0.03680, 0.46378, -0.03477, 0.01185
1.79999, 0.07326, 0.07326, -1.64490, 0.02102, 0.92999, 0.49847, -0.01183, 0.03725, 0.46940, -0.03252, 0.01212
1.81999, 0.07359, 0.07359, -1.62655, 0.01955, 0.93034, 0.49847, -0.01183, 0.03725, 0.46940, -0.03252, 0.01212
1.83999, 0.07359, 0.07359, -1.62655, 0.01955, 0.93034, 0.49845, -0.01133, 0.03773, 0.47674, -0.03202, 0.01382
1.86005, 0.07244, 0.07244, -1.61007, 0.01820, 0.93061, 0.49845, -0.01133, 0.03773, 0.47674, -0.03202, 0.01382
1.88005, 0.07244, 0.07244, -1.61007, 0.01820, 0.93061, 0.49842, -0.01075, 0.03830, 0.47463, -0.03252, 0.01205
1.89999, 0.07144, 0.07144, -1.59361, 0.01684, 0.93087, 0.49852, -0.00976, 0.03719, 0.48036, -0.03380, 0.01118
1.92004, 0.07218, 0.07218, -1.57502, 0.01526, 0.93107, 0.49852, -0.00976, 0.03719, 0.48036, -0.03380, 0.01118
1.93999, 0.07218, 0.07218, -1.57502, 0.01526, 0.93107, 0.49849, -0.00919, 0.03772, 0.48522, -0.03341, 0.01099
1.96003, 0.07020, 0.07020, -1.55856, 0.01387, 0.93120, 0.49849, -0.00919, 0.03772, 0.48522, -0.03341, 0.01099
1.97998, 0.07020, 0.07020, -1.55856, 0.01387, 0.93120, 0.49869, -0.00780, 0.03526, 0.48722, -0.03405, 0.01012
1.99999, 0.07256, 0.07256, -1.54019, 0.01233, 0.93130, 0.49867, -0.00722, 0.03579, 0.48938, -0.03600, 0.00906
2.02002, 0.06967, 0.06967, -1.52377, 0.01093, 0.93129, 0.49867, -0.00722, 0.03579, 0.48938, -0.03600, 0.00906
2.04000, 0.06967, 0.06967, -1.52377, 0.01093, 0.93129, 0.49863, -0.00654, 0.03644, 0.49485, -0.03638, 0.01006
2.06005, 0.07051, 0.07051, -1.50735, 0.00952, 0.93129, 0.49863, -0.00654, 0.03644, 0.49485, -0.03638, 0.01006
2.08004, 0.07051, 0.07051, -1.50735, 0.00952, 0.93129, 0.49859, -0.00590, 0.03708, 0.49689, -0.03848, 0.01087
2.10002, 0.07011, 0.07011, -1.49103, 0.00815, 0.93124, 0.49855, -0.00523, 0.03775, 0.49839, -0.03672, 0.01034
2.11999, 0.06962, 0.06962, -1.47272, 0.00660, 0.93107, 0.49855, -0.00523, 0.03775, 0.49839, -0.03672, 0.01034
2.14000, 0.06962, 0.06962, -1.47272, 0.00660, 0.93107, 0.49862, -0.00436, 0.03682, 0.49960, -0.03448, 0.00934
2.16003, 0.07125, 0.07125, -1.45660, 0.00527, 0.93091, 0.49862, -0.00436, 0.03682, 0.49960, -0.03448, 0.00934
2.17999, 0.07125, 0.07125, -1.45660, 0.00527, 0.93091, 0.49857, -0.00361, 0.03765, 0.49869, -0.03560, 0.00593
2.20004, 0.06936, 0.06936, -1.43854, 0.00380, 0.93076, 0.49864, -0.00281, 0.03678, 0.49895, -0.03762, 0.00671
2.22005, 0.07163, 0.07163, -1.42254, 0.00248, 0.93057, 0.49864, -0.00281, 0.03678, 0.49895, -0.03762, 0.00671
2.24000, 0.07163, 0.07163, -1.42254, 0.00248, 0.93057, 0.49858, -0.00206, 0.03758, 0.50173, -0.03329, 0.00733
2.26006, 0.06998, 0.06998, -1.40674, 0.00117, 0.93035, 0.49858, -0.00206, 0.03758, 0.50173, -0.03329, 0.00733
2.28005, 0.06998, 0.06998, -1.40674, 0.00117, 0.93035, 0.49853, -0.00137, 0.03835, 0.50122, -0.03526, 0.00629
2.30003, 0.07043, 0.07043, -1.39105, -0.00013, 0.93014, 0.49871, -0.00060, 0.03593, 0.50024, -0.03697, 0.00685
2.32003, 0.07154, 0.07154, -1.37363, -0.00156, 0.92979, 0.49871, -0.00060, 0.03593, 0.50024, -0.03697, 0.00685
2.34000, 0.07154, 0.07154, -1.37363, -0.00156, 0.92979, 0.49866, 0.00007, 0.03663, 0.50245, -0.03505, 0.00966
2.36004, 0.07056, 0.07056, -1.35825, -0.00276, 0.92952, 0.49859, 0.00083, 0.03750, 0.49719, -0.03236, 0.00579
2.38006, 0.07056, 0.07056, -1.35825, -0.00276, 0.92952, 0.49859, 0.00083, 0.03750, 0.49719, -0.03236, 0.00579
2.40001, 0.07334, 0.07334, -1.34094, -0.00400, 0.92930, 0.49853, 0.00150, 0.03827, 0.49828, -0.03154, 0.00665
2.42000, 0.07137, 0.07137, -1.32572, -0.00504, 0.92904, 0.49853, 0.00150, 0.03827, 0.49828, -0.03154, 0.00665
2.43999, 0.07137, 0.07137, -1.32572, -0.00504, 0.92904, 0.49846, 0.00221, 0.03912, 0.50008, -0.02727, 0.00788
2.46001, 0.07210, 0.07210, -1.31051, -0.00598, 0.92878, 0.49846, 0.00221, 0.03912, 0.50008, -0.02727, 0.00788
2.47999, 0.07210, 0.07210, -1.31051, -0.00598, 0.92878, 0.49853, 0.00271, 0.03821, 0.49841, -0.02778, 0.00730
2.49999, 0.07343, 0.07343, -1.29540, -0.00684, 0.92853, 0.49847, 0.00327, 0.03899, 0.49731, -0.02714, 0.00666
2.51999, 0.07223, 0.07223, -1.27864, -0.00771, 0.92819, 0.49847, 0.00327, 0.03899, 0.49731, -0.02714, 0.00666
2.53999, 0.07223, 0.07223, -1.27864, -0.00771, 0.92819, 0.49865, 0.00349, 0.03654, 0.49721, -0.02407, 0.00863
2.56003, 0.07435, 0.07435, -1.26373, -0.00842, 0.92794, 0.49865, 0.00349, 0.03654, 0.49721, -0.02407, 0.00863
2.57999, 0.07435, 0.07435, -1.26373, -0.00842, 0.92794, 0.49859, 0.00401, 0.03735, 0.49897, -0.02575, 0.01107
2.59999, 0.07322, 0.07322, -1.24689, -0.00913, 0.92768, 0.49853, 0.00445, 0.03807, 0.49652, -0.02498, 0.01028
2.62005, 0.07369, 0.07369, -1.23209, -0.00967, 0.92737, 0.49853, 0.00445, 0.03807, 0.49652, -0.02498, 0.01028
2.63999, 0.07369, 0.07369, -1.23209, -0.00967, 0.92737, 0.49846, 0.00491, 0.03889, 0.49656, -0.01819, 0.00895
2.66005, 0.07561, 0.07561, -1.21730, -0.01013, 0.92710, 0.49846, 0.00491, 0.03889, 0.49656, -0.01819, 0.00895
2.67999, 0.07561, 0.07561, -1.21730, -0.01013, 0.92710, 0.49839, 0.00528, 0.03969, 0.49434, -0.01893, 0.00844
2.70006, 0.07397, 0.07397, -1.20256, -0.01052, 0.92682, 0.49847, 0.00539, 0.03877, 0.49446, -0.01881, 0.01032
2.72003, 0.07565, 0.07565, -1.18625, -0.01087, 0.92641, 0.49847, 0.00539, 0.03877, 0.49446, -0.01881, 0.01032
2.73999, 0.07565, 0.07565, -1.18625, -0.01087, 0.92641, 0.49840, 0.00569, 0.03953, 0.49453, -0.01579, 0.00776
2.76004, 0.07562, 0.07562, -1.17164, -0.01113, 0.92611, 0.49840, 0.00569, 0.03953, 0.49453, -0.01579, 0.00776
2.78005, 0.07562, 0.07562, -1.17164, -0.01113, 0.92611, 0.49832, 0.00598, 0.04046, 0.49527, -0.01331, 0.00728
2.80000, 0.07512, 0.07512, -1.15708, -0.01133, 0.92580, 0.49853, 0.00571, 0.03791, 0.49322, -0.01401, 0.00628
2.81999, 0.07785, 0.07785, -1.14055, -0.01155, 0.92551, 0.49853, 0.00571, 0.03791, 0.49322, -0.01401, 0.00628
2.84000, 0.07785, 0.07785, -1.14055, -0.01155, 0.92551, 0.49847, 0.00590, 0.03865, 0.49355, -0.01343, 0.00897
2.86004, 0.07599, 0.07599, -1.12599, -0.01170, 0.92515, 0.49847, 0.00590, 0.03865, 0.49355, -0.01343, 0.00897
2.87999, 0.07599, 0.07599, -1.12599, -0.01170, 0.92515, 0.49840, 0.00612, 0.03947, 0.49246, -0.01385, 0.00615
2.90000, 0.07662, 0.07662, -1.11143, -0.01182, 0.92478, 0.49834, 0.00630, 0.04028, 0.49248, -0.01307, 0.00579
2.91999, 0.07811, 0.07811, -1.09515, -0.01188, 0.92430, 0.49834, 0.00630, 0.04028, 0.49248, -0.01307, 0.00579
2.94000, 0.07811, 0.07811, -1.09515, -0.01188, 0.92430, 0.49826, 0.00646, 0.04112, 0.49320, -0.01120, 0.00539
2.96004, 0.07698, 0.07698, -1.08054, -0.01194, 0.92396, 0.49826, 0.00646, 0.04112, 0.49320, -0.01120, 0.00539
2.98000, 0.07698, 0.07698, -1.08054, -0.01194, 0.92396, 0.49833, 0.00633, 0.04034, 0.49243, -0.00910, 0.00693
3.00001, 0.07858, 0.07858, -1.06581, -0.01200, 0.92365, 0.49826, 0.00646, 0.04116, 0.49370, -0.01128, 0.00688
3.02005, 0.07805, 0.07805, -1.04902, -0.01210, 0.92342, 0.49826, 0.00646, 0.04116, 0.49370, -0.01128, 0.00688
3.04000, 0.07805, 0.07805, -1.04902, -0.01210, 0.92342, 0.49819, 0.00660, 0.04199, 0.49446, -0.01210, 0.00817
3.06003, 0.07797, 0.07797, -1.03416, -0.01214, 0.92321, 0.49819, 0.00660, 0.04199, 0.49446, -0.01210, 0.00817
3.07999, 0.07797, 0.07797, -1.03416, -0.01214, 0.92321, 0.49841, 0.00622, 0.03939, 0.49787, -0.01127, 0.01060
3.10004, 0.08030, 0.08030, -1.01927, -0.01215, 0.92300, 0.49835, 0.00634, 0.04011, 0.49643, -0.01248, 0.01000
3.12004, 0.07827, 0.07827, -1.00261, -0.01206, 0.92271, 0.49835, 0.00634, 0.04011, 0.49643, -0.01248, 0.01000
3.14002, 0.07827, 0.07827, -1.00261, -0.01206, 0.92271, 0.49829, 0.00644, 0.04085, 0.49759, -0.01083, 0.00967
3.16004, 0.07933, 0.07933, -0.98761, -0.01199, 0.92257, 0.49829, 0.00644, 0.04085, 0.49759, -0.01083, 0.00967
3.18006, 0.07933, 0.07933, -0.98761, -0.01199, 0.92257, 0.49821, 0.00651, 0.04174, 0.49759, -0.01025, 0.00974
3.20001, 0.07942, 0.07942, -0.97255, -0.01189, 0.92249, 0.49815, 0.00658, 0.04250, 0.49737, -0.00898, 0.01278
3.22004, 0.07854, 0.07854, -0.95543, -0.01183, 0.92250, 0.49815, 0.00658, 0.04250, 0.49737, -0.00898, 0.01278
3.23999, 0.07854, 0.07854, -0.95543, -0.01183, 0.92250, 0.49838, 0.00610, 0.03972, 0.49733, -0.00828, 0.01093
3.26003, 0.08086, 0.08086, -0.94024, -0.01172, 0.92248, 0.49838, 0.00610, 0.03972, 0.49733, -0.00828, 0.01093
3.28005, 0.08086, 0.08086, -0.94024, -0.01172, 0.92248, 0.49833, 0.00617, 0.04042, 0.49996, -0.00838, 0.01207
3.30004, 0.07857, 0.07857, -0.92498, -0.01158, 0.92245, 0.49827, 0.00621, 0.04108, 0.49978, -0.01143, 0.01089
3.31999, 0.07934, 0.07934, -0.90780, -0.01134, 0.92242, 0.49827, 0.00621, 0.04108, 0.49978, -0.01143, 0.01089
3.34000, 0.07934, 0.07934, -0.90780, -0.01134, 0.92242, 0.49821, 0.00624, 0.04177, 0.49901, -0.01015, 0.01347
3.35998, 0.07931, 0.07931, -0.89238, -0.01115, 0.92246, 0.49821, 0.00624, 0.04177, 0.49901, -0.01015, 0.01347
3.38002, 0.07931, 0.07931, -0.89238, -0.01115, 0.92246, 0.49815, 0.00622, 0.04257, 0.50116, -0.00744, 0.01056
3.40000, 0.07840, 0.07840, -0.87489, -0.01094, 0.92254, 0.49839, 0.00571, 0.03974, 0.50030, -0.00816, 0.01023
3.42003, 0.08052, 0.08052, -0.85931, -0.01067, 0.92256, 0.49839, 0.00571, 0.03974, 0.50030, -0.00816, 0.01023
3.43998, 0.08052, 0.08052, -0.85931, -0.01067, 0.92256, 0.49833, 0.00571, 0.04043, 0.50173, -0.00371, 0.01076
3.46006, 0.07820, 0.07820, -0.84364, -0.01038, 0.92258, 0.49841, 0.00543, 0.03941, 0.50047, -0.00337, 0.00927
3.48000, 0.07820, 0.07820, -0.84364, -0.01038, 0.92258, 0.49841, 0.00543, 0.03941, 0.50047, -0.00337, 0.00927
3.49998, 0.07902, 0.07902, -0.82790, -0.01006, 0.92256, 0.49837, 0.00537, 0.04004, 0.50152, -0.00307, 0.00912
3.52000, 0.07870, 0.07870, -0.81013, -0.00965, 0.92255, 0.49837, 0.00537, 0.04004, 0.50152, -0.00307, 0.00912
3.53998, 0.07870, 0.07870, -0.81013, -0.00965, 0.92255, 0.49831, 0.00529, 0.04071, 0.50413, -0.00301, 0.00875
3.56007, 0.07822, 0.07822, -0.79421, -0.00936, 0.92256, 0.49825, 0.00517, 0.04149, 0.50767, -0.00298, 0.01046
3.57999, 0.07822, 0.07822, -0.79421, -0.00936, 0.92256, 0.49825, 0.00517, 0.04149, 0.50767, -0.00298, 0.01046
3.59999, 0.08005, 0.08005, -0.77819, -0.00906, 0.92257, 0.49819, 0.00510, 0.04220, 0.50595, -0.00322, 0.00852
3.61999, 0.07785, 0.07785, -0.76006, -0.00880, 0.92265, 0.49819, 0.00510, 0.04220, 0.50595, -0.00322, 0.00852
3.64000, 0.07785, 0.07785, -0.76006, -0.00880, 0.92265, 0.49842, 0.00462, 0.03945, 0.50717, -0.00402, 0.00774
3.66003, 0.07940, 0.07940, -0.74393, -0.00851, 0.92272, 0.49842, 0.00462, 0.03945, 0.50717, -0.00402, 0.00774
3.67999, 0.07940, 0.07940, -0.74393, -0.00851, 0.92272, 0.49836, 0.00457, 0.04015, 0.50884, -0.00322, 0.01087
3.70004, 0.07805, 0.07805, -0.72776, -0.00822, 0.92277, 0.49831, 0.00449, 0.04080, 0.50787, -0.00255, 0.01001
3.71998, 0.07828, 0.07828, -0.70953, -0.00785, 0.92282, 0.49831, 0.00449, 0.04080, 0.50787, -0.00255, 0.01001
3.74000, 0.07828, 0.07828, -0.70953, -0.00785, 0.92282, 0.49826, 0.00442, 0.04148, 0.50883, -0.00183, 0.00788
3.76003, 0.07819, 0.07819, -0.69118, -0.00760, 0.92298, 0.49826, 0.00442, 0.04148, 0.50883, -0.00183, 0.00788
3.78000, 0.07819, 0.07819, -0.69118, -0.00760, 0.92298, 0.49819, 0.00430, 0.04227, 0.51021, -0.00197, 0.00862
3.80005, 0.07735, 0.07735, -0.67686, -0.00730, 0.92306, 0.49828, 0.00406, 0.04121, 0.51298, -0.00234, 0.00916
3.82007, 0.07927, 0.07927, -0.65836, -0.00702, 0.92321, 0.49828, 0.00406, 0.04121, 0.51298, -0.00234, 0.00916
3.84000, 0.07927, 0.07927, -0.65836, -0.00702, 0.92321, 0.49823, 0.00397, 0.04181, 0.51069, -0.00459, 0.01111
3.86004, 0.07700, 0.07700, -0.64186, -0.00675, 0.92332, 0.49823, 0.00397, 0.04181, 0.51069, -0.00459, 0.01111
3.88001, 0.07700, 0.07700, -0.64186, -0.00675, 0.92332, 0.49832, 0.00373, 0.04078, 0.51436, -0.00017, 0.00783
3.90001, 0.07823, 0.07823, -0.62530, -0.00649, 0.92343, 0.49827, 0.00365, 0.04145, 0.51384, -0.00212, 0.00712
3.91999, 0.07702, 0.07702, -0.60667, -0.00619, 0.92352, 0.49827, 0.00365, 0.04145, 0.51384, -0.00212, 0.00712
3.94000, 0.07702, 0.07702, -0.60667, -0.00619, 0.92352, 0.49821, 0.00357, 0.04214, 0.51603, -0.00283, 0.00938
3.95999, 0.07723, 0.07723, -0.59006, -0.00600, 0.92365, 0.49821, 0.00357, 0.04214, 0.51603, -0.00283, 0.00938
3.98003, 0.07723, 0.07723, -0.59006, -0.00600, 0.92365, 0.49829, 0.00333, 0.04112, 0.51398, -0.00270, 0.00717
4.00003, 0.07761, 0.07761, -0.57339, -0.00579, 0.92377, 0.49824, 0.00328, 0.04180, 0.51446, -0.00342, 0.00967
4.02001, 0.07648, 0.07648, -0.55456, -0.00560, 0.92392, 0.49824, 0.00328, 0.04180, 0.51446, -0.00342, 0.00967
4.04004, 0.07648, 0.07648, -0.55456, -0.00560, 0.92392, 0.49833, 0.00309, 0.04070, 0.51572, -0.00392, 0.00750
4.05999, 0.07819, 0.07819, -0.53774, -0.00541, 0.92404, 0.49833, 0.00309, 0.04070, 0.51572, -0.00392, 0.00750
4.08004, 0.07819, 0.07819, -0.53774, -0.00541, 0.92404, 0.49827, 0.00305, 0.04145, 0.51740, -0.00526, 0.01172
4.10003, 0.07599, 0.07599, -0.52091, -0.00524, 0.92419, 0.49849, 0.00276, 0.03873, 0.51807, -0.00897, 0.00941
4.12004, 0.07791, 0.07791, -0.50187, -0.00507, 0.92440, 0.49849, 0.00276, 0.03873, 0.51807, -0.00897, 0.00941
4.13999, 0.07791, 0.07791, -0.50187, -0.00507, 0.92440, 0.49844, 0.00272, 0.03932, 0.51878, -0.00648, 0.01035
4.15999, 0.07572, 0.07572, -0.48487, -0.00497, 0.92460, 0.49844, 0.00272, 0.03932, 0.51878, -0.00648, 0.01035
4.17997, 0.07572, 0.07572, -0.48487, -0.00497, 0.92460, 0.49839, 0.00268, 0.04001, 0.52119, -0.00668, 0.01221
4.19998, 0.07634, 0.07634, -0.46783, -0.00487, 0.92479, 0.49847, 0.00257, 0.03896, 0.52118, -0.00698, 0.01217
4.22001, 0.07561, 0.07561, -0.44867, -0.00480, 0.92504, 0.49847, 0.00257, 0.03896, 0.52118, -0.00698, 0.01217
4.23997, 0.07561, 0.07561, -0.44867, -0.00480, 0.92504, 0.49843, 0.00256, 0.03955, 0.52298, -0.00614, 0.01041
4.26001, 0.07540, 0.07540, -0.43163, -0.00468, 0.92521, 0.49837, 0.00258, 0.04023, 0.52092, -0.00728, 0.01136
4.27999, 0.07540, 0.07540, -0.43163, -0.00468, 0.92521, 0.49837, 0.00258, 0.04023, 0.52092, -0.00728, 0.01136
4.29997, 0.07610, 0.07610, -0.41417, -0.00457, 0.92538, 0.49832, 0.00256, 0.04088, 0.52018, -0.00749, 0.01217
4.32001, 0.07462, 0.07462, -0.39709, -0.00446, 0.92557, 0.49832, 0.00256, 0.04088, 0.52018, -0.00749, 0.01217
4.34000, 0.07462, 0.07462, -0.39709, -0.00446, 0.92557, 0.49841, 0.00244, 0.03981, 0.52142, -0.00552, 0.01371
4.36002, 0.07647, 0.07647, -0.37779, -0.00426, 0.92575, 0.49836, 0.00242, 0.04044, 0.52285, -0.00236, 0.01436
4.38002, 0.07647, 0.07647, -0.37779, -0.00426, 0.92575, 0.49836, 0.00242, 0.04044, 0.52285, -0.00236, 0.01436
4.40001, 0.07419, 0.07419, -0.36064, -0.00410, 0.92593, 0.49843, 0.00226, 0.03947, 0.52423, -0.00897, 0.01370
4.42001, 0.07626, 0.07626, -0.34139, -0.00393, 0.92615, 0.49843, 0.00226, 0.03947, 0.52423, -0.00897, 0.01370
4.44000, 0.07626, 0.07626, -0.34139, -0.00393, 0.92615, 0.49838, 0.00222, 0.04010, 0.52431, -0.00489, 0.01448
4.46005, 0.07392, 0.07392, -0.32423, -0.00376, 0.92630, 0.49833, 0.00217, 0.04083, 0.52182, -0.00523, 0.01235
4.47997, 0.07392, 0.07392, -0.32423, -0.00376, 0.92630, 0.49833, 0.00217, 0.04083, 0.52182, -0.00523, 0.01235
4.49997, 0.07481, 0.07481, -0.30707, -0.00362, 0.92640, 0.49841, 0.00203, 0.03974, 0.52300, -0.00628, 0.01060
4.51997, 0.07429, 0.07429, -0.28993, -0.00348, 0.92646, 0.49841, 0.00203, 0.03974, 0.52300, -0.00628, 0.01060
4.54004, 0.07429, 0.07429, -0.28993, -0.00348, 0.92646, 0.49836, 0.00199, 0.04043, 0.52401, -0.00773, 0.00977
4.56003, 0.07395, 0.07395, -0.27277, -0.00332, 0.92648, 0.49836, 0.00199, 0.04043, 0.52401, -0.00773, 0.00977
4.58000, 0.07395, 0.07395, -0.27277, -0.00332, 0.92648, 0.49844, 0.00187, 0.03942, 0.52525, -0.00465, 0.01337
4.60004, 0.07478, 0.07478, -0.25340, -0.00310, 0.92650, 0.49838, 0.00181, 0.04014, 0.52470, -0.00458, 0.01099
4.62004, 0.07361, 0.07361, -0.23620, -0.00298, 0.92655, 0.49838, 0.00181, 0.04014, 0.52470, -0.00458, 0.01099
4.64001, 0.07361, 0.07361, -0.23620, -0.00298, 0.92655, 0.49858, 0.00159, 0.03765, 0.52612, -0.00661, 0.01223
4.66004, 0.07537, 0.07537, -0.21688, -0.00291, 0.92660, 0.49858, 0.00159, 0.03765, 0.52612, -0.00661, 0.01223
4.67999, 0.07537, 0.07537, -0.21688, -0.00291, 0.92660, 0.49853, 0.00155, 0.03829, 0.52786, -0.00543, 0.01552
4.70005, 0.07346, 0.07346, -0.19967, -0.00279, 0.92660, 0.49847, 0.00155, 0.03905, 0.52469, -0.00808, 0.01066
4.71999, 0.07606, 0.07606, -0.18029, -0.00263, 0.92659, 0.49847, 0.00155, 0.03905, 0.52469, -0.00808, 0.01066
4.74004, 0.07606, 0.07606, -0.18029, -0.00263, 0.92659, 0.49841, 0.00151, 0.03978, 0.52708, -0.00368, 0.01017
4.76005, 0.07348, 0.07348, -0.16305, -0.00259, 0.92663, 0.49841, 0.00151, 0.03978, 0.52708, -0.00368, 0.01017
4.78005, 0.07348, 0.07348, -0.16305, -0.00259, 0.92663, 0.49834, 0.00145, 0.04064, 0.52568, -0.00807, 0.01360
4.79999, 0.07520, 0.07520, -0.14368, -0.00260, 0.92664, 0.49855, 0.00134, 0.03798, 0.52707, -0.00955, 0.01241
4.82003, 0.07378, 0.07378, -0.12648, -0.00252, 0.92655, 0.49855, 0.00134, 0.03798, 0.52707, -0.00955, 0.01241
4.84002, 0.07378, 0.07378, -0.12648, -0.00252, 0.92655, 0.49849, 0.00137, 0.03875, 0.52860, -0.00640, 0.01024
4.86000, 0.07435, 0.07435, -0.10931, -0.00244, 0.92646, 0.49849, 0.00137, 0.03875, 0.52860, -0.00640, 0.01024
4.88004, 0.07435, 0.07435, -0.10931, -0.00244, 0.92646, 0.49856, 0.00130, 0.03789, 0.52723, -0.00629, 0.00807
4.90004, 0.07465, 0.07465, -0.09214, -0.00231, 0.92638, 0.49850, 0.00128, 0.03862, 0.52714, -0.00928, 0.00948
4.92004, 0.07415, 0.07415, -0.07285, -0.00210, 0.92623, 0.49850, 0.00128, 0.03862, 0.52714, -0.00928, 0.00948
4.94000, 0.07415, 0.07415, -0.07285, -0.00210, 0.92623, 0.49845, 0.00124, 0.03937, 0.52684, -0.00627, 0.01092
4.95998, 0.07601, 0.07601, -0.05790, -0.00202, 0.92616, 0.49845, 0.00124, 0.03937, 0.52684, -0.00627, 0.01092
4.98000, 0.07601, 0.07601, -0.05790, -0.00202, 0.92616, 0.49837, 0.00115, 0.04028, 0.52444, -0.00615, 0.00783
5.00001, 0.07408, 0.07408, -0.03860, -0.00183, 0.92595, 0.49858, 0.00103, 0.03765, 0.52570, -0.00481, 0.00833
5.01999, 0.07647, 0.07647, -0.02143, -0.00163, 0.92584, 0.49858, 0.00103, 0.03765, 0.52570, -0.00481, 0.00833
5.03999, 0.07647, 0.07647, -0.02143, -0.00163, 0.92584, 0.49851, 0.00095, 0.03851, 0.52621, -0.00405, 0.00778
5.06003, 0.07429, 0.07429, -0.00215, -0.00144, 0.92576, 0.49851, 0.00095, 0.03851, 0.52621, -0.00405, 0.00778
5.07997, 0.07429, 0.07429, -0.00215, -0.00144, 0.92576, 0.49846, 0.00086, 0.03927, 0.52705, -0.00197, 0.01147
5.10000, 0.07586, 0.07586, 0.01501, -0.00124, 0.92565, 0.49839, 0.00078, 0.04013, 0.52696, -0.00643, 0.00819
5.11999, 0.07471, 0.07471, 0.03431, -0.00100, 0.92551, 0.49839, 0.00078, 0.04013, 0.52696, -0.00643, 0.00819
5.14003, 0.07471, 0.07471, 0.03431, -0.00100, 0.92551, 0.49832, 0.00068, 0.04094, 0.52760, -0.00447, 0.00722
5.16004, 0.07507, 0.07507, 0.04901, -0.00088, 0.92548, 0.49832, 0.00068, 0.04094, 0.52760, -0.00447, 0.00722
5.18004, 0.07507, 0.07507, 0.04901, -0.00088, 0.92548, 0.49852, 0.00052, 0.03845, 0.52523, -0.00206, 0.00655
5.19999, 0.07575, 0.07575, 0.06725, -0.00055, 0.92533, 0.49847, 0.00046, 0.03906, 0.52782, -0.00218, 0.00807
5.22001, 0.07499, 0.07499, 0.08578, -0.00027, 0.92524, 0.49847, 0.00046, 0.03906, 0.52782, -0.00218, 0.00807
5.23999, 0.07499, 0.07499, 0.08578, -0.00027, 0.92524, 0.49841, 0.00030, 0.03990, 0.52353, -0.00070, 0.00306
5.26004, 0.07698, 0.07698, 0.10227, 0.00004, 0.92509, 0.49841, 0.00030, 0.03990, 0.52353, -0.00070, 0.00306
5.27998, 0.07698, 0.07698, 0.10227, 0.00004, 0.92509, 0.49834, 0.00015, 0.04075, 0.52145, -0.00519, 0.00598
5.30000, 0.07504, 0.07504, 0.12082, 0.00040, 0.92497, 0.49841, -0.00002, 0.03981, 0.52069, -0.00431, 0.00596
5.31999, 0.07704, 0.07704, 0.13731, 0.00065, 0.92493, 0.49841, -0.00002, 0.03981, 0.52069, -0.00431, 0.00596
5.33999, 0.07704, 0.07704, 0.13731, 0.00065, 0.92493, 0.49834, -0.00022, 0.04068, 0.52305, -0.00106, 0.00639
5.36003, 0.07553, 0.07553, 0.15180, 0.00085, 0.92492, 0.49834, -0.00022, 0.04068, 0.52305, -0.00106, 0.00639
5.37999, 0.07553, 0.07553, 0.15180, 0.00085, 0.92492, 0.49828, -0.00036, 0.04144, 0.52309, -0.00425, 0.00598
5.40008, 0.07594, 0.07594, 0.17044, 0.00130, 0.92479, 0.49850, -0.00044, 0.03866, 0.52204, -0.00100, 0.00609
5.41999, 0.07605, 0.07605, 0.18910, 0.00163, 0.92476, 0.49850, -0.00044, 0.03866, 0.52204, -0.00100, 0.00609
5.43999, 0.07605, 0.07605, 0.18910, 0.00163, 0.92476, 0.49844, -0.00068, 0.03948, 0.52096, -0.00391, 0.00688
5.46003, 0.07552, 0.07552, 0.20565, 0.00191, 0.92472, 0.49844, -0.00068, 0.03948, 0.52096, -0.00391, 0.00688
5.47999, 0.07552, 0.07552, 0.20565, 0.00191, 0.92472, 0.49837, -0.00087, 0.04028, 0.51920, -0.00191, 0.00449
5.50007, 0.07739, 0.07739, 0.22221, 0.00213, 0.92472, 0.49831, -0.00104, 0.04103, 0.51918, -0.00430, 0.00430
5.52007, 0.07536, 0.07536, 0.23884, 0.00233, 0.92468, 0.49831, -0.00104, 0.04103, 0.51918, -0.00430, 0.00430
5.54000, 0.07536, 0.07536, 0.23884, 0.00233, 0.92468, 0.49840, -0.00113, 0.04001, 0.52185, -0.00266, 0.00687
5.56005, 0.07707, 0.07707, 0.25568, 0.00257, 0.92459, 0.49834, -0.00126, 0.04074, 0.52253, -0.00140, 0.00477
5.57999, 0.07707, 0.07707, 0.25568, 0.00257, 0.92459, 0.49834, -0.00126, 0.04074, 0.52253, -0.00140, 0.00477
5.59999, 0.07577, 0.07577, 0.27465, 0.00283, 0.92447, 0.49827, -0.00141, 0.04155, 0.51951, -0.00365, 0.00333
5.62005, 0.07678, 0.07678, 0.29354, 0.00296, 0.92448, 0.49827, -0.00141, 0.04155, 0.51951, -0.00365, 0.00333
5.64000, 0.07678, 0.07678, 0.29354, 0.00296, 0.92448, 0.49847, -0.00146, 0.03900, 0.52360, -0.00532, 0.00603
5.66004, 0.07624, 0.07624, 0.31038, 0.00309, 0.92443, 0.49847, -0.00146, 0.03900, 0.52360, -0.00532, 0.00603
5.67999, 0.07624, 0.07624, 0.31038, 0.00309, 0.92443, 0.49841, -0.00156, 0.03977, 0.51904, -0.00517, 0.00530
5.69998, 0.07606, 0.07606, 0.32736, 0.00328, 0.92437, 0.49835, -0.00165, 0.04051, 0.51898, -0.00723, 0.00418
5.72003, 0.07693, 0.07693, 0.34649, 0.00351, 0.92435, 0.49835, -0.00165, 0.04051, 0.51898, -0.00723, 0.00418
5.74003, 0.07693, 0.07693, 0.34649, 0.00351, 0.92435, 0.49829, -0.00179, 0.04129, 0.51909, -0.00402, 0.00728
5.76004, 0.07573, 0.07573, 0.36348, 0.00364, 0.92444, 0.49829, -0.00179, 0.04129, 0.51909, -0.00402, 0.00728
5.77997, 0.07573, 0.07573, 0.36348, 0.00364, 0.92444, 0.49836, -0.00188, 0.04039, 0.51920, -0.00901, 0.00924
5.80002, 0.07746, 0.07746, 0.38257, 0.00368, 0.92461, 0.49831, -0.00198, 0.04108, 0.52056, -0.00813, 0.00965
5.82003, 0.07538, 0.07538, 0.39857, 0.00371, 0.92472, 0.49831, -0.00198, 0.04108, 0.52056, -0.00813, 0.00965
5.84003, 0.07538, 0.07538, 0.39857, 0.00371, 0.92472, 0.49852, -0.00188, 0.03845, 0.52314, -0.00846, 0.01121
5.85999, 0.07656, 0.07656, 0.41381, 0.00374, 0.92479, 0.49852, -0.00188, 0.03845, 0.52314, -0.00846, 0.01121
5.87999, 0.07656, 0.07656, 0.41381, 0.00374, 0.92479, 0.49847, -0.00192, 0.03903, 0.52210, -0.00926, 0.01310
5.90007, 0.07600, 0.07600, 0.42958, 0.00391, 0.92482, 0.49842, -0.00197, 0.03962, 0.52066, -0.00848, 0.01121
5.92002, 0.07559, 0.07559, 0.44725, 0.00414, 0.92487, 0.49842, -0.00197, 0.03962, 0.52066, -0.00848, 0.01121
5.94000, 0.07559, 0.07559, 0.44725, 0.00414, 0.92487, 0.49837, -0.00210, 0.04027, 0.51936, -0.00589, 0.01258
5.96004, 0.07698, 0.07698, 0.46304, 0.00428, 0.92504, 0.49837, -0.00210, 0.04027, 0.51936, -0.00589, 0.01258
5.97999, 0.07698, 0.07698, 0.46304, 0.00428, 0.92504, 0.49831, -0.00226, 0.04101, 0.51610, -0.00922, 0.01132
6.00003, 0.07494, 0.07494, 0.47924, 0.00449, 0.92520, 0.49840, -0.00228, 0.03988, 0.51392, -0.00681, 0.01634
6.02003, 0.07682, 0.07682, 0.49790, 0.00473, 0.92544, 0.49840, -0.00228, 0.03988, 0.51392, -0.00681, 0.01634
6.04004, 0.07682, 0.07682, 0.49790, 0.00473, 0.92544, 0.49835, -0.00243, 0.04049, 0.51626, -0.00234, 0.01724
6.06006, 0.07470, 0.07470, 0.51451, 0.00497, 0.92567, 0.49835, -0.00243, 0.04049, 0.51626, -0.00234, 0.01724
6.08000, 0.07470, 0.07470, 0.51451, 0.00497, 0.92567, 0.49829, -0.00261, 0.04118, 0.51521, -0.00855, 0.01471
6.10001, 0.07510, 0.07510, 0.53131, 0.00519, 0.92593, 0.49839, -0.00267, 0.04003, 0.51898, -0.00716, 0.01766
6.12004, 0.07464, 0.07464, 0.55096, 0.00555, 0.92611, 0.49839, -0.00267, 0.04003, 0.51898, -0.00716, 0.01766
6.14000, 0.07464, 0.07464, 0.55096, 0.00555, 0.92611, 0.49834, -0.00285, 0.04062, 0.52048, -0.00520, 0.02024
6.16000, 0.07419, 0.07419, 0.56638, 0.00570, 0.92631, 0.49834, -0.00285, 0.04062, 0.52048, -0.00520, 0.02024
6.17999, 0.07419, 0.07419, 0.56638, 0.00570, 0.92631, 0.49854, -0.00285, 0.03801, 0.51995, -0.00691, 0.01561
6.20004, 0.07460, 0.07460, 0.58889, 0.00597, 0.92647, 0.49850, -0.00298, 0.03852, 0.51955, -0.00725, 0.01842
6.22003, 0.07383, 0.07383, 0.60475, 0.00616, 0.92658, 0.49850, -0.00298, 0.03852, 0.51955, -0.00725, 0.01842
6.24002, 0.07383, 0.07383, 0.60475, 0.00616, 0.92658, 0.49844, -0.00319, 0.03936, 0.52054, -0.00801, 0.01454
6.25999, 0.07550, 0.07550, 0.62269, 0.00625, 0.92678, 0.49844, -0.00319, 0.03936, 0.52054, -0.00801, 0.01454
6.27999, 0.07550, 0.07550, 0.62269, 0.00625, 0.92678, 0.49839, -0.00335, 0.03998, 0.52482, -0.00635, 0.01794
6.30000, 0.07329, 0.07329, 0.64279, 0.00629, 0.92703, 0.49847, -0.00333, 0.03894, 0.52471, -0.00922, 0.01535
6.32004, 0.07499, 0.07499, 0.66337, 0.00644, 0.92716, 0.49847, -0.00333, 0.03894, 0.52471, -0.00922, 0.01535
6.34002, 0.07499, 0.07499, 0.66337, 0.00644, 0.92716, 0.49841, -0.00342, 0.03965, 0.52748, -0.00641, 0.01481
6.35999, 0.07297, 0.07297, 0.67911, 0.00646, 0.92732, 0.49841, -0.00342, 0.03965, 0.52748, -0.00641, 0.01481
6.37999, 0.07297, 0.07297, 0.67911, 0.00646, 0.92732, 0.49860, -0.00329, 0.03719, 0.52795, -0.01014, 0.01407
6.39998, 0.07562, 0.07562, 0.69990, 0.00663, 0.92735, 0.49856, -0.00335, 0.03771, 0.52644, -0.01098, 0.01316
6.41999, 0.07288, 0.07288, 0.72050, 0.00673, 0.92743, 0.49856, -0.00335, 0.03771, 0.52644, -0.01098, 0.01316
6.43999, 0.07288, 0.07288, 0.72050, 0.00673, 0.92743, 0.49850, -0.00352, 0.03852, 0.53055, -0.00701, 0.01407
6.45998, 0.07530, 0.07530, 0.73900, 0.00685, 0.92746, 0.49850, -0.00352, 0.03852, 0.53055, -0.00701, 0.01407
6.47999, 0.07530, 0.07530, 0.73900, 0.00685, 0.92746, 0.49844, -0.00365, 0.03934, 0.52851, -0.01033, 0.01308
6.50004, 0.07288, 0.07288, 0.75746, 0.00693, 0.92749, 0.49837, -0.00379, 0.04012, 0.52944, -0.00807, 0.01474
6.52005, 0.07447, 0.07447, 0.77586, 0.00698, 0.92757, 0.49837, -0.00379, 0.04012, 0.52944, -0.00807, 0.01474
6.54004, 0.07447, 0.07447, 0.77586, 0.00698, 0.92757, 0.49845, -0.00374, 0.03918, 0.53099, -0.00631, 0.01487
6.56000, 0.07289, 0.07289, 0.79417, 0.00697, 0.92768, 0.49845, -0.00374, 0.03918, 0.53099, -0.00631, 0.01487
6.57999, 0.07289, 0.07289, 0.79417, 0.00697, 0.92768, 0.49839, -0.00385, 0.03992, 0.53057, -0.00936, 0.01174
6.60005, 0.07449, 0.07449, 0.81698, 0.00691, 0.92780, 0.49859, -0.00360, 0.03734, 0.53053, -0.01103, 0.01068
6.62002, 0.07260, 0.07260, 0.83514, 0.00681, 0.92788, 0.49859, -0.00360, 0.03734, 0.53053, -0.01103, 0.01068
6.64003, 0.07260, 0.07260, 0.83514, 0.00681, 0.92788, 0.49853, -0.00365, 0.03817, 0.53119, -0.01140, 0.00923
6.65999, 0.07354, 0.07354, 0.85319, 0.00668, 0.92796, 0.49853, -0.00365, 0.03817, 0.53119, -0.01140, 0.00923
6.67999, 0.07354, 0.07354, 0.85319, 0.00668, 0.92796, 0.49847, -0.00367, 0.03887, 0.53213, -0.01116, 0.00812
6.69999, 0.07278, 0.07278, 0.87114, 0.00654, 0.92805, 0.49842, -0.00367, 0.03959, 0.53260, -0.01123, 0.00976
6.72005, 0.07291, 0.07291, 0.89091, 0.00639, 0.92820, 0.49842, -0.00367, 0.03959, 0.53260, -0.01123, 0.00976
6.74003, 0.07291, 0.07291, 0.89091, 0.00639, 0.92820, 0.49849, -0.00351, 0.03861, 0.53084, -0.01009, 0.01212
6.76004, 0.07332, 0.07332, 0.90578, 0.00627, 0.92834, 0.49849, -0.00351, 0.03861, 0.53084, -0.01009, 0.01212
6.77998, 0.07332, 0.07332, 0.90578, 0.00627, 0.92834, 0.49844, -0.00351, 0.03937, 0.52665, -0.01023, 0.00959
6.80005, 0.07200, 0.07200, 0.92497, 0.00620, 0.92844, 0.49864, -0.00321, 0.03668, 0.52664, -0.01118, 0.00943
6.81999, 0.07335, 0.07335, 0.94404, 0.00606, 0.92867, 0.49864, -0.00321, 0.03668, 0.52664, -0.01118, 0.00943
6.84012, 0.07335, 0.07335, 0.94404, 0.00606, 0.92867, 0.49859, -0.00324, 0.03736, 0.52435, -0.00905, 0.01199
6.85996, 0.07138, 0.07138, 0.96094, 0.00594, 0.92888, 0.49859, -0.00324, 0.03736, 0.52435, -0.00905, 0.01199
6.88000, 0.07138, 0.07138, 0.96094, 0.00594, 0.92888, 0.49854, -0.00323, 0.03800, 0.52393, -0.00827, 0.01246
6.90005, 0.07330, 0.07330, 0.97780, 0.00581, 0.92913, 0.49850, -0.00322, 0.03858, 0.52405, -0.00670, 0.01287
6.92006, 0.07100, 0.07100, 0.99734, 0.00576, 0.92928, 0.49850, -0.00322, 0.03858, 0.52405, -0.00670, 0.01287
6.93997, 0.07100, 0.07100, 0.99734, 0.00576, 0.92928, 0.49845, -0.00321, 0.03915, 0.52069, -0.00884, 0.01291
6.96004, 0.07237, 0.07237, 1.01434, 0.00571, 0.92929, 0.49853, -0.00311, 0.03821, 0.52206, -0.00719, 0.01286
6.97999, 0.07237, 0.07237, 1.01434, 0.00571, 0.92929, 0.49853, -0.00311, 0.03821, 0.52206, -0.00719, 0.01286
7.00005, 0.07149, 0.07149, 1.03133, 0.00562, 0.92926, 0.49847, -0.00314, 0.03892, 0.52050, -0.00678, 0.01038
7.02004, 0.07182, 0.07182, 1.05045, 0.00549, 0.92916, 0.49847, -0.00314, 0.03892, 0.52050, -0.00678, 0.01038
7.03999, 0.07182, 0.07182, 1.05045, 0.00549, 0.92916, 0.49866, -0.00289, 0.03642, 0.52109, -0.00718, 0.00856
7.06004, 0.07219, 0.07219, 1.06746, 0.00541, 0.92911, 0.49866, -0.00289, 0.03642, 0.52109, -0.00718, 0.00856
7.08000, 0.07219, 0.07219, 1.06746, 0.00541, 0.92911, 0.49861, -0.00288, 0.03720, 0.52130, -0.00363, 0.01448
7.10000, 0.07125, 0.07125, 1.08451, 0.00536, 0.92909, 0.49735, -0.03488, 0.03781, 0.52061, -0.00481, 0.01063
7.11998, 0.07294, 0.07294, 1.10366, 0.00531, 0.92912, 0.49735, -0.03488, 0.03781, 0.52061, -0.00481, 0.01063
7.14004, 0.07294, 0.07294, 1.10366, 0.00531, 0.92912, 0.49725, -0.03550, 0.03851, 0.51885, -0.00794, 0.00656
7.16004, 0.07108, 0.07108, 1.12076, 0.00532, 0.92912, 0.49725, -0.03550, 0.03851, 0.51885, -0.00794, 0.00656
7.17999, 0.07108, 0.07108, 1.12076, 0.00532, 0.92912, 0.49506, -0.05817, 0.03915, 0.52360, -0.00470, 0.01445
7.20004, 0.07331, 0.07331, 1.13778, 0.00535, 0.92908, 0.49487, -0.05928, 0.03989, 0.52088, -0.00533, 0.01207
7.21999, 0.07129, 0.07129, 1.15692, 0.00546, 0.92899, 0.49487, -0.05928, 0.03989, 0.52088, -0.00533, 0.01207
7.24000, 0.07129, 0.07129, 1.15692, 0.00546, 0.92899, 0.49466, -0.06044, 0.04069, 0.51839, -0.00514, 0.01092
7.26004, 0.07260, 0.07260, 1.17385, 0.00559, 0.92895, 0.49466, -0.06044, 0.04069, 0.51839, -0.00514, 0.01092
7.27999, 0.07260, 0.07260, 1.17385, 0.00559, 0.92895, 0.49285, -0.07334, 0.04151, 0.51865, -0.00127, 0.00877
7.30001, 0.07192, 0.07192, 1.19076, 0.00571, 0.92890, 0.49254, -0.07487, 0.04236, 0.51828, -0.00195, 0.00765
7.32000, 0.07179, 0.07179, 1.20764, 0.00578, 0.92885, 0.49254, -0.07487, 0.04236, 0.51828, -0.00195, 0.00765
7.33999, 0.07179, 0.07179, 1.20764, 0.00578, 0.92885, 0.48556, -0.11143, 0.04266, 0.51718, -0.00391, 0.01100
7.35999, 0.07307, 0.07307, 1.22454, 0.00575, 0.92881, 0.48556, -0.11143, 0.04266, 0.51718, -0.00391, 0.01100
7.38006, 0.07307, 0.07307, 1.22454, 0.00575, 0.92881, 0.48495, -0.11370, 0.04355, 0.51774, -0.00450, 0.01052
7.40000, 0.07145, 0.07145, 1.24352, 0.00558, 0.92886, 0.47822, -0.13922, 0.04390, 0.51970, -0.00337, 0.01070
7.42003, 0.07394, 0.07394, 1.26039, 0.00531, 0.92890, 0.47822, -0.13922, 0.04390, 0.51970, -0.00337, 0.01070
7.43999, 0.07394, 0.07394, 1.26039, 0.00531, 0.92890, 0.47722, -0.14231, 0.04488, 0.52027, -0.01055, 0.00878
7.46004, 0.07118, 0.07118, 1.27929, 0.00495, 0.92900, 0.47722, -0.14231, 0.04488, 0.52027, -0.01055, 0.00878
7.47999, 0.07118, 0.07118, 1.27929, 0.00495, 0.92900, 0.47261, -0.15675, 0.04543, 0.51984, -0.01166, 0.01204
7.50003, 0.07277, 0.07277, 1.29603, 0.00452, 0.92917, 0.47136, -0.16020, 0.04644, 0.51820, -0.01519, 0.01129
7.52003, 0.07093, 0.07093, 1.31485, 0.00389, 0.92936, 0.47136, -0.16020, 0.04644, 0.51820, -0.01519, 0.01129
7.53999, 0.07093, 0.07093, 1.31485, 0.00389, 0.92936, 0.47020, -0.16332, 0.04731, 0.51784, -0.02075, 0.01200
7.56003, 0.07148, 0.07148, 1.33158, 0.00317, 0.92953, 0.47020, -0.16332, 0.04731, 0.51784, -0.02075, 0.01200
7.58001, 0.07148, 0.07148, 1.33158, 0.00317, 0.92953, 0.45504, -0.20183, 0.04691, 0.51405, -0.02229, 0.01242
7.59999, 0.07126, 0.07126, 1.34829, 0.00220, 0.92975, 0.45327, -0.20559, 0.04778, 0.51300, -0.02898, 0.01162
7.62004, 0.07031, 0.07031, 1.36698, 0.00083, 0.93005, 0.45327, -0.20559, 0.04778, 0.51300, -0.02898, 0.01162
7.64004, 0.07031, 0.07031, 1.36698, 0.00083, 0.93005, 0.44614, -0.22057, 0.04809, 0.51354, -0.03763, 0.01201
7.66004, 0.07158, 0.07158, 1.38350, -0.00069, 0.93035, 0.44384, -0.22495, 0.04905, 0.51555, -0.04507, 0.01591
7.67999, 0.07158, 0.07158, 1.38350, -0.00069, 0.93035, 0.44384, -0.22495, 0.04905, 0.51555, -0.04507, 0.01591
7.70001, 0.06940, 0.06940, 1.39994, -0.00249, 0.93065, 0.42994, -0.25058, 0.04857, 0.51125, -0.05305, 0.01539
7.72004, 0.07156, 0.07156, 1.41838, -0.00478, 0.93101, 0.42994, -0.25058, 0.04857, 0.51125, -0.05305, 0.01539
7.74000, 0.07156, 0.07156, 1.41838, -0.00478, 0.93101, 0.42744, -0.25467, 0.04940, 0.50969, -0.05827, 0.01389
7.75999, 0.06923, 0.06923, 1.43471, -0.00712, 0.93135, 0.42744, -0.25467, 0.04940, 0.50969, -0.05827, 0.01389
7.78004, 0.06923, 0.06923, 1.43471, -0.00712, 0.93135, 0.42454, -0.25928, 0.05036, 0.50840, -0.06541, 0.01618
7.80000, 0.06985, 0.06985, 1.45096, -0.00975, 0.93171, 0.40184, -0.29350, 0.04880, 0.50570, -0.07288, 0.01565
7.81999, 0.07025, 0.07025, 1.46711, -0.01271, 0.93212, 0.40184, -0.29350, 0.04880, 0.50570, -0.07288, 0.01565
7.84000, 0.07025, 0.07025, 1.46711, -0.01271, 0.93212, 0.39856, -0.29781, 0.04957, 0.50398, -0.08050, 0.01435
7.86004, 0.06965, 0.06965, 1.48516, -0.01645, 0.93251, 0.39856, -0.29781, 0.04957, 0.50398, -0.08050, 0.01435
7.88005, 0.06965, 0.06965, 1.48516, -0.01645, 0.93251, 0.38116, -0.31994, 0.04855, 0.50336, -0.08723, 0.01620
7.90005, 0.07260, 0.07260, 1.50111, -0.02011, 0.93285, 0.37695, -0.32475, 0.04941, 0.50100, -0.10035, 0.01675
7.92004, 0.07108, 0.07108, 1.51699, -0.02412, 0.93321, 0.37695, -0.32475, 0.04941, 0.50100, -0.10035, 0.01675
7.94006, 0.07108, 0.07108, 1.51699, -0.02412, 0.93321, 0.36584, -0.33724, 0.04924, 0.49867, -0.10829, 0.01792
7.96004, 0.07339, 0.07339, 1.53280, -0.02849, 0.93358, 0.36584, -0.33724, 0.04924, 0.49867, -0.10829, 0.01792
7.97999, 0.07339, 0.07339, 1.53280, -0.02849, 0.93358, 0.36179, -0.34147, 0.05003, 0.49817, -0.11283, 0.01793
8.00004, 0.07469, 0.07469, 1.55044, -0.03375, 0.93406, 0.35767, -0.34566, 0.05085, 0.49561, -0.12222, 0.01693
8.02003, 0.07644, 0.07644, 1.56593, -0.03891, 0.93447, 0.35767, -0.34566, 0.05085, 0.49561, -0.12222, 0.01693
8.04004, 0.07644, 0.07644, 1.56593, -0.03891, 0.93447, 0.33776, -0.36532, 0.04954, 0.49168, -0.13614, 0.02211
8.06005, 0.08113, 0.08113, 1.58314, -0.04530, 0.93485, 0.33776, -0.36532, 0.04954, 0.49168, -0.13614, 0.02211
8.07999, 0.08113, 0.08113, 1.58314, -0.04530, 0.93485, 0.33325, -0.36934, 0.05031, 0.48843, -0.14500, 0.02194
8.09998, 0.08268, 0.08268, 1.59829, -0.05131, 0.93519, 0.31318, -0.38668, 0.04895, 0.47981, -0.15755, 0.01780
8.12005, 0.08822, 0.08822, 1.61512, -0.05842, 0.93565, 0.31318, -0.38668, 0.04895, 0.47981, -0.15755, 0.01780
8.14002, 0.08822, 0.08822, 1.61512, -0.05842, 0.93565, 0.30834, -0.39045, 0.04975, 0.47596, -0.16819, 0.01560
8.16002, 0.09168, 0.09168, 1.62803, -0.06449, 0.93594, 0.30282, -0.39464, 0.05063, 0.46942, -0.18052, 0.01787
8.17997, 0.09168, 0.09168, 1.62803, -0.06449, 0.93594, 0.30282, -0.39464, 0.05063, 0.46942, -0.18052, 0.01787
8.20003, 0.09654, 0.09654, 1.64445, -0.07246, 0.93636, 0.28388, -0.40869, 0.04889, 0.46363, -0.18971, 0.01837
8.22001, 0.10380, 0.10380, 1.65875, -0.08010, 0.93670, 0.28388, -0.40869, 0.04889, 0.46363, -0.18971, 0.01837
8.24000, 0.10380, 0.10380, 1.65875, -0.08010, 0.93670, 0.27806, -0.41256, 0.04977, 0.45893, -0.20178, 0.01744
8.25999, 0.10938, 0.10938, 1.67451, -0.08928, 0.93705, 0.27806, -0.41256, 0.04977, 0.45893, -0.20178, 0.01744
8.28000, 0.10938, 0.10938, 1.67451, -0.08928, 0.93705, 0.27295, -0.41585, 0.05063, 0.45503, -0.21203, 0.02012
8.30002, 0.11638, 0.11638, 1.68828, -0.09774, 0.93737, 0.25318, -0.42837, 0.04896, 0.44357, -0.22429, 0.01750
8.31999, 0.12538, 0.12538, 1.70349, -0.10758, 0.93775, 0.25318, -0.42837, 0.04896, 0.44357, -0.22429, 0.01750
8.33999, 0.12538, 0.12538, 1.70349, -0.10758, 0.93775, 0.24795, -0.43132, 0.04981, 0.43998, -0.23283, 0.01897
8.35999, 0.13227, 0.13227, 1.71666, -0.11681, 0.93805, 0.24795, -0.43132, 0.04981, 0.43998, -0.23283, 0.01897
8.37998, 0.13227, 0.13227, 1.71666, -0.11681, 0.93805, 0.22891, -0.44192, 0.04806, 0.43016, -0.24967, 0.01685
8.39999, 0.14091, 0.14091, 1.72954, -0.12637, 0.93839, 0.22364, -0.44452, 0.04890, 0.42414, -0.25848, 0.01634
8.42007, 0.15048, 0.15048, 1.74213, -0.13627, 0.93872, 0.22364, -0.44452, 0.04890, 0.42414, -0.25848, 0.01634
8.44004, 0.15048, 0.15048, 1.74213, -0.13627, 0.93872, 0.21838, -0.44703, 0.04975, 0.41731, -0.26718, 0.01867
8.46002, 0.16002, 0.16002, 1.75580, -0.14789, 0.93902, 0.21838, -0.44703, 0.04975, 0.41731, -0.26718, 0.01867
8.48007, 0.16002, 0.16002, 1.75580, -0.14789, 0.93902, 0.20112, -0.45527, 0.04779, 0.40943, -0.27555, 0.01639
8.50003, 0.16983, 0.16983, 1.76766, -0.15842, 0.93928, 0.19535, -0.45767, 0.04878, 0.40191, -0.29409, 0.01876
8.52005, 0.18194, 0.18194, 1.78065, -0.17051, 0.93956, 0.19535, -0.45767, 0.04878, 0.40191, -0.29409, 0.01876
8.53999, 0.18194, 0.18194, 1.78065, -0.17051, 0.93956, 0.19020, -0.45973, 0.04971, 0.39365, -0.30031, 0.01716
8.56004, 0.19052, 0.19052, 1.79024, -0.18046, 0.93970, 0.19020, -0.45973, 0.04971, 0.39365, -0.30031, 0.01716
8.57999, 0.19052, 0.19052, 1.79024, -0.18046, 0.93970, 0.17357, -0.46646, 0.04782, 0.38107, -0.31213, 0.01315
8.60003, 0.20237, 0.20237, 1.80254, -0.19325, 0.93997, 0.16936, -0.46792, 0.04869, 0.37575, -0.32253, 0.01331
8.62005, 0.19539, 0.19539, 1.81412, -0.20655, 0.94012, 0.16936, -0.46792, 0.04869, 0.37575, -0.32253, 0.01331
8.64004, 0.19539, 0.19539, 1.81412, -0.20655, 0.94012, 0.16369, -0.46982, 0.04976, 0.36660, -0.32754, 0.01998
8.66000, 0.18572, 0.18572, 1.82417, -0.21849, 0.94025, 0.16369, -0.46982, 0.04976, 0.36660, -0.32754, 0.01998
8.67999, 0.18572, 0.18572, 1.82417, -0.21849, 0.94025, 0.09549, -0.48983, 0.03076, 0.35415, -0.34166, 0.01310
8.70000, 0.17674, 0.17674, 1.83388, -0.23066, 0.94038, 0.08978, -0.49093, 0.03051, 0.34725, -0.34802, 0.01125
8.72004, 0.16646, 0.16646, 1.84457, -0.24452, 0.94057, 0.08978, -0.49093, 0.03051, 0.34725, -0.34802, 0.01125
8.74004, 0.16646, 0.16646, 1.84457, -0.24452, 0.94057, 0.08430, -0.49191, 0.03025, 0.33771, -0.35666, 0.01437
8.76004, 0.15792, 0.15792, 1.85366, -0.25716, 0.94072, 0.08430, -0.49191, 0.03025, 0.33771, -0.35666, 0.01437
8.77999, 0.15792, 0.15792, 1.85366, -0.25716, 0.94072, 0.08013, -0.49259, 0.03064, 0.32755, -0.36760, 0.01029
8.79999, 0.15007, 0.15007, 1.86242, -0.26995, 0.94089, 0.07499, -0.49341, 0.03038, 0.31920, -0.37262, 0.01406
8.82004, 0.14124, 0.14124, 1.87175, -0.28458, 0.94103, 0.07499, -0.49341, 0.03038, 0.31920, -0.37262, 0.01406
8.84004, 0.14124, 0.14124, 1.87175, -0.28458, 0.94103, 0.07152, -0.49390, 0.03073, 0.31127, -0.38093, 0.01482
8.86004, 0.13385, 0.13385, 1.87982, -0.29765, 0.94113, 0.07152, -0.49390, 0.03073, 0.31127, -0.38093, 0.01482
8.88000, 0.13385, 0.13385, 1.87982, -0.29765, 0.94113, 0.06506, -0.49484, 0.02992, 0.29571, -0.38846, 0.01417
8.90000, 0.12725, 0.12725, 1.88754, -0.31086, 0.94118, 0.06061, -0.49542, 0.02969, 0.28843, -0.39227, 0.01481
8.92004, 0.12055, 0.12055, 1.89490, -0.32417, 0.94111, 0.06061, -0.49542, 0.02969, 0.28843, -0.39227, 0.01481
8.94004, 0.12055, 0.12055, 1.89490, -0.32417, 0.94111, 0.05753, -0.49577, 0.03009, 0.27700, -0.40003, 0.00915
8.95998, 0.11360, 0.11360, 1.90294, -0.33920, 0.94097, 0.05753, -0.49577, 0.03009, 0.27700, -0.40003, 0.00915
8.97999, 0.11360, 0.11360, 1.90294, -0.33920, 0.94097, 0.05455, -0.49607, 0.03056, 0.26506, -0.40887, 0.00422
8.99999, 0.10841, 0.10841, 1.90952, -0.35263, 0.94074, 0.05016, -0.49654, 0.03050, 0.25535, -0.41150, 0.00409
9.02004, 0.10302, 0.10302, 1.91632, -0.36776, 0.94041, 0.05016, -0.49654, 0.03050, 0.25535, -0.41150, 0.00409
9.04001, 0.10302, 0.10302, 1.91632, -0.36776, 0.94041, 0.04648, -0.49690, 0.03044, 0.24287, -0.41728, -0.00031
9.06005, 0.09821, 0.09821, 1.92216, -0.38125, 0.94012, 0.04648, -0.49690, 0.03044, 0.24287, -0.41728, -0.00031
9.08000, 0.09821, 0.09821, 1.92216, -0.38125, 0.94012, 0.04369, -0.49712, 0.03111, 0.23400, -0.42294, 0.00101
9.10006, 0.09424, 0.09424, 1.92768, -0.39478, 0.93981, 0.04038, -0.49740, 0.03106, 0.22281, -0.42564, 0.00025
9.12007, 0.09036, 0.09036, 1.93369, -0.41008, 0.93943, 0.04038, -0.49740, 0.03106, 0.22281, -0.42564, 0.00025
9.13999, 0.09036, 0.09036, 1.93369, -0.41008, 0.93943, 0.03654, -0.49774, 0.03041, 0.21171, -0.42872, -0.00222
9.16003, 0.08660, 0.08660, 1.93856, -0.42370, 0.93908, 0.03654, -0.49774, 0.03041, 0.21171, -0.42872, -0.00222
9.18003, 0.08660, 0.08660, 1.93856, -0.42370, 0.93908, 0.03336, -0.49795, 0.03047, 0.20017, -0.43221, 0.00101
9.20004, 0.08359, 0.08359, 1.94316, -0.43735, 0.93877, 0.03135, -0.49805, 0.03108, 0.19078, -0.43419, 0.00264
9.21997, 0.08140, 0.08140, 1.94749, -0.45096, 0.93846, 0.03135, -0.49805, 0.03108, 0.19078, -0.43419, 0.00264
9.24001, 0.08140, 0.08140, 1.94749, -0.45096, 0.93846, 0.02941, -0.49813, 0.03169, 0.18012, -0.43886, -0.00093
9.26001, 0.07869, 0.07869, 1.95187, -0.46610, 0.93805, 0.02700, -0.49827, 0.03164, 0.17232, -0.44111, -0.00245
9.28000, 0.07869, 0.07869, 1.95187, -0.46610, 0.93805, 0.02700, -0.49827, 0.03164, 0.17232, -0.44111, -0.00245
9.30003, 0.07648, 0.07648, 1.95565, -0.47959, 0.93769, 0.02514, -0.49832, 0.03236, 0.16625, -0.44219, -0.00077
9.31999, 0.07458, 0.07458, 1.95985, -0.49477, 0.93736, 0.02514, -0.49832, 0.03236, 0.16625, -0.44219, -0.00077
9.33999, 0.07458, 0.07458, 1.95985, -0.49477, 0.93736, 0.02301, -0.49842, 0.03234, 0.15635, -0.44520, -0.00026
9.36004, 0.07330, 0.07330, 1.96328, -0.50818, 0.93709, 0.02301, -0.49842, 0.03234, 0.15635, -0.44520, -0.00026
9.37999, 0.07330, 0.07330, 1.96328, -0.50818, 0.93709, 0.02073, -0.49852, 0.03235, 0.15174, -0.44500, 0.00054
9.39999, 0.07147, 0.07147, 1.96654, -0.52159, 0.93687, 0.01923, -0.49854, 0.03295, 0.14373, -0.45006, 0.00112
9.41998, 0.07042, 0.07042, 1.96960, -0.53498, 0.93668, 0.01923, -0.49854, 0.03295, 0.14373, -0.45006, 0.00112
9.44002, 0.07042, 0.07042, 1.96960, -0.53498, 0.93668, 0.01741, -0.49862, 0.03285, 0.13735, -0.45204, 0.00399
9.46003, 0.06980, 0.06980, 1.97268, -0.54988, 0.93654, 0.01741, -0.49862, 0.03285, 0.13735, -0.45204, 0.00399
9.47999, 0.06980, 0.06980, 1.97268, -0.54988, 0.93654, 0.01539, -0.49873, 0.03206, 0.13151, -0.45090, 0.00144
9.50001, 0.06810, 0.06810, 1.97549, -0.56357, 0.93657, 0.01405, -0.49874, 0.03263, 0.12238, -0.45123, 0.00172
9.52003, 0.06706, 0.06706, 1.97807, -0.57691, 0.93671, 0.01405, -0.49874, 0.03263, 0.12238, -0.45123, 0.00172
9.54000, 0.06706, 0.06706, 1.97807, -0.57691, 0.93671, 0.01252, -0.49879, 0.03240, 0.11594, -0.45376, 0.00571
9.56003, 0.06638, 0.06638, 1.98095, -0.59210, 0.93690, 0.01252, -0.49879, 0.03240, 0.11594, -0.45376, 0.00571
9.57999, 0.06638, 0.06638, 1.98095, -0.59210, 0.93690, 0.01136, -0.49880, 0.03278, 0.10932, -0.45178, 0.00882
9.60001, 0.06531, 0.06531, 1.98327, -0.60551, 0.93711, 0.00982, -0.49884, 0.03252, 0.10394, -0.46113, 0.00630
9.62004, 0.06441, 0.06441, 1.98545, -0.61891, 0.93726, 0.00982, -0.49884, 0.03252, 0.10394, -0.46113, 0.00630
9.64007, 0.06441, 0.06441, 1.98545, -0.61891, 0.93726, 0.00874, -0.49884, 0.03287, 0.09867, -0.46054, 0.00791
9.66000, 0.06400, 0.06400, 1.98772, -0.63372, 0.93750, 0.00874, -0.49884, 0.03287, 0.09867, -0.46054, 0.00791
9.68004, 0.06400, 0.06400, 1.98772, -0.63372, 0.93750, 0.00755, -0.49888, 0.03256, 0.09547, -0.45916, 0.00892
9.70004, 0.06346, 0.06346, 1.98977, -0.64700, 0.93776, 0.00634, -0.49892, 0.03227, 0.08667, -0.46194, 0.00327
9.72004, 0.06251, 0.06251, 1.99177, -0.66024, 0.93804, 0.00634, -0.49892, 0.03227, 0.08667, -0.46194, 0.00327
9.74005, 0.06251, 0.06251, 1.99177, -0.66024, 0.93804, 0.00535, -0.49891, 0.03258, 0.08448, -0.46018, 0.00539
9.76003, 0.06231, 0.06231, 1.99370, -0.67343, 0.93836, 0.00535, -0.49891, 0.03258, 0.08448, -0.46018, 0.00539
9.77999, 0.06231, 0.06231, 1.99370, -0.67343, 0.93836, 0.00419, -0.49899, 0.03156, 0.08056, -0.46169, 0.00916
9.80000, 0.06201, 0.06201, 1.99588, -0.68847, 0.93871, 0.00319, -0.49902, 0.03118, 0.07330, -0.46265, 0.00981
9.82009, 0.06112, 0.06112, 1.99778, -0.70165, 0.93894, 0.00319, -0.49902, 0.03118, 0.07330, -0.46265, 0.00981
9.84002, 0.06112, 0.06112, 1.99778, -0.70165, 0.93894, 0.00211, -0.49900, 0.03148, 0.07034, -0.45982, 0.00751
9.86033, 0.06085, 0.06085, 1.99983, -0.71626, 0.93927, 0.00211, -0.49900, 0.03148, 0.07034, -0.45982, 0.00751
9.88000, 0.06085, 0.06085, 1.99983, -0.71626, 0.93927, 0.00115, -0.49899, 0.03179, 0.06606, -0.46082, 0.00655
9.90002, 0.06117, 0.06117, 2.00161, -0.72941, 0.93958, 0.00009, -0.49901, 0.03145, 0.06106, -0.46564, 0.00622
9.92009, 0.06023, 0.06023, 2.00337, -0.74261, 0.93992, 0.00009, -0.49901, 0.03145, 0.06106, -0.46564, 0.00622
9.94005, 0.06023, 0.06023, 2.00337, -0.74261, 0.93992, -0.00084, -0.49899, 0.03171, 0.05920, -0.46235, 0.00817
9.96003, 0.05999, 0.05999, 2.00538, -0.75775, 0.94029, -0.00084, -0.49899, 0.03171, 0.05920, -0.46235, 0.00817
9.98004, 0.05999, 0.05999, 2.00538, -0.75775, 0.94029, -0.00176, -0.49902, 0.03131, 0.05702, -0.46507, 0.00820
10.00000, 0.06038, 0.06038, 2.00713, -0.77111, 0.94071, -0.00279, -0.49903, 0.03096, 0.05407, -0.46566, 0.00732
10.01999, 0.05969, 0.05969, 2.00888, -0.78447, 0.94115, -0.00279, -0.49903, 0.03096, 0.05407, -0.46566, 0.00732
10.04005, 0.05969, 0.05969, 2.00888, -0.78447, 0.94115, -0.00367, -0.49905, 0.03054, 0.05126, -0.46551, 0.00982
10.06004, 0.05933, 0.05933, 2.01088, -0.79929, 0.94168, -0.00367, -0.49905, 0.03054, 0.05126, -0.46551, 0.00982
10.08004, 0.05933, 0.05933, 2.01088, -0.79929, 0.94168, -0.00464, -0.49903, 0.03074, 0.04779, -0.47079, 0.00691
10.10004, 0.05967, 0.05967, 2.01264, -0.81269, 0.94214, -0.00554, -0.49909, 0.02968, 0.04560, -0.47077, 0.01059
10.11999, 0.05950, 0.05950, 2.01440, -0.82614, 0.94260, -0.00554, -0.49909, 0.02968, 0.04560, -0.47077, 0.01059
10.14000, 0.05950, 0.05950, 2.01440, -0.82614, 0.94260, -0.00652, -0.49907, 0.02985, 0.04359, -0.47121, 0.01019
10.15999, 0.05925, 0.05925, 2.01630, -0.84157, 0.94306, -0.00652, -0.49907, 0.02985, 0.04359, -0.47121, 0.01019
10.18005, 0.05925, 0.05925, 2.01630, -0.84157, 0.94306, -0.00753, -0.49904, 0.03003, 0.03937, -0.47194, 0.00707
10.20000, 0.05953, 0.05953, 2.01801, -0.85517, 0.94346, -0.00849, -0.49905, 0.02965, 0.04145, -0.47348, 0.01023
10.21999, 0.06013, 0.06013, 2.01973, -0.86879, 0.94388, -0.00849, -0.49905, 0.02965, 0.04145, -0.47348, 0.01023
10.24000, 0.06013, 0.06013, 2.01973, -0.86879, 0.94388, -0.00931, -0.49906, 0.02924, 0.03873, -0.47262, 0.00945
10.26003, 0.05985, 0.05985, 2.02180, -0.88393, 0.94440, -0.00931, -0.49906, 0.02924, 0.03873, -0.47262, 0.00945
10.27999, 0.05985, 0.05985, 2.02180, -0.88393, 0.94440, -0.01035, -0.49903, 0.02944, 0.03665, -0.47507, 0.00975
10.30004, 0.06009, 0.06009, 2.02362, -0.89761, 0.94480, -0.01138, -0.49903, 0.02902, 0.03463, -0.47110, 0.01026
10.32000, 0.06106, 0.06106, 2.02550, -0.91135, 0.94520, -0.01138, -0.49903, 0.02902, 0.03463, -0.47110, 0.01026
10.33995, 0.06106, 0.06106, 2.02550, -0.91135, 0.94520, -0.01225, -0.49903, 0.02862, 0.03511, -0.47227, 0.01283
10.36003, 0.06135, 0.06135, 2.02752, -0.92697, 0.94561, -0.01287, -0.49907, 0.02766, 0.03298, -0.47492, 0.00985
10.37999, 0.06135, 0.06135, 2.02752, -0.92697, 0.94561, -0.01287, -0.49907, 0.02766, 0.03298, -0.47492, 0.00985
10.40008, 0.06151, 0.06151, 2.02940, -0.94082, 0.94598, -0.01412, -0.49902, 0.02789, 0.03329, -0.47041, 0.00682
10.42009, 0.06232, 0.06232, 2.03125, -0.95476, 0.94634, -0.01412, -0.49902, 0.02789, 0.03329, -0.47041, 0.00682
10.44004, 0.06232, 0.06232, 2.03125, -0.95476, 0.94634, -0.01530, -0.49898, 0.02810, 0.03144, -0.47400, 0.00393
10.46003, 0.06360, 0.06360, 2.03340, -0.97038, 0.94674, -0.01530, -0.49898, 0.02810, 0.03144, -0.47400, 0.00393
10.47999, 0.06360, 0.06360, 2.03340, -0.97038, 0.94674, -0.01615, -0.49897, 0.02774, 0.02788, -0.47657, 0.00576
10.49999, 0.06374, 0.06374, 2.03521, -0.98455, 0.94706, -0.01719, -0.49895, 0.02741, 0.03093, -0.47483, 0.00754
10.52002, 0.06437, 0.06437, 2.03705, -0.99878, 0.94737, -0.01719, -0.49895, 0.02741, 0.03093, -0.47483, 0.00754
10.53999, 0.06437, 0.06437, 2.03705, -0.99878, 0.94737, -0.01839, -0.49890, 0.02764, 0.02842, -0.47770, 0.00769
10.56004, 0.06555, 0.06555, 2.03891, -1.01313, 0.94769, -0.01839, -0.49890, 0.02764, 0.02842, -0.47770, 0.00769
10.58008, 0.06555, 0.06555, 2.03891, -1.01313, 0.94769, -0.01923, -0.49888, 0.02732, 0.02760, -0.48205, 0.00872
10.60000, 0.06673, 0.06673, 2.04086, -1.02953, 0.94811, -0.01923, -0.49888, 0.02732, 0.02657, -0.48413, 0.01102
10.62014, 0.06702, 0.06702, 2.04267, -1.04412, 0.94849, -0.01923, -0.49888, 0.02732, 0.02657, -0.48413, 0.01102
10.64004, 0.06702, 0.06702, 2.04267, -1.04412, 0.94849, -0.01923, -0.49888, 0.02732, 0.02323, -0.48267, 0.00937
