-0.0616651, -0.0153353, 12.5598
-0.0616651, -0.0153353, 12.5598
-0.0616651, -0.0153353, 12.5598
-0.0613869, -0.0164111, 12.5591
-0.0613869, -0.0164111, 12.5591
-0.060696, -0.0169119, 12.5585
-0.0608711, -0.0182157, 12.5615
-0.0608711, -0.0182157, 12.5615
-0.0603436, -0.0189938, 12.5742
-0.0603436, -0.0189938, 12.5742
-0.059342, -0.0193009, 12.5975
-0.0575874, -0.0188775, 12.631
-0.0575874, -0.0188775, 12.631
-0.0556422, -0.0182508, 12.6675
-0.0556422, -0.0182508, 12.6675
-0.0535823, -0.0171533, 12.6981
-0.0514655, -0.016185, 12.732
-0.0514655, -0.016185, 12.732
-0.0487926, -0.0144878, 12.7636
-0.0487926, -0.0144878, 12.7636
-0.0456003, -0.0122996, 12.7936
-0.0417304, -0.00918029, 12.8206
-0.0417304, -0.00918029, 12.8206
-0.0372449, -0.00529087, 12.8458
-0.0372449, -0.00529087, 12.8458
-0.0312531, -0.000221062, 12.8764
-0.0265968, 0.00355584, 12.9007
-0.0265968, 0.00355584, 12.9007
-0.0201037, 0.00914592, 12.9301
-0.0201037, 0.00914592, 12.9301
-0.0128793, 0.0155197, 12.9602
-0.00642402, 0.0212275, 12.9861
-0.00642402, 0.0212275, 12.9861
0.00159773, 0.0283765, 13.0171
0.00159773, 0.0283765, 13.0171
0.00997263, 0.0361947, 13.0462
0.017738, 0.0429579, 13.078
0.017738, 0.0429579, 13.078
0.0254939, 0.0499223, 13.1076
0.0254939, 0.0499223, 13.1076
0.0342797, 0.0580075, 13.1392
0.0433127, 0.0664082, 13.1705
0.0433127, 0.0664082, 13.1705
0.0513407, 0.0738905, 13.1983
0.0513407, 0.0738905, 13.1983
0.0614938, 0.0832755, 13.2334
0.0700171, 0.0906785, 13.2637
0.0700171, 0.0906785, 13.2637
0.078502, 0.0979158, 13.2944
0.078502, 0.0979158, 13.2944
0.0871334, 0.105851, 13.3217
0.0871334, 0.105851, 13.3217
0.0972922, 0.115107, 13.3536
0.1087, 0.125711, 13.388
0.1087, 0.125711, 13.388
0.118584, 0.134884, 13.4178
0.127339, 0.142467, 13.4455
0.127339, 0.142467, 13.4455
0.137512, 0.151121, 13.4778
0.137512, 0.151121, 13.4778
0.14793, 0.16015, 13.5106
0.14793, 0.16015, 13.5106
0.158811, 0.170073, 13.5431
0.169002, 0.179392, 13.5733
0.169002, 0.179392, 13.5733
0.178308, 0.18738, 13.6014
0.178308, 0.18738, 13.6014
0.189956, 0.197391, 13.6357
0.199412, 0.205373, 13.6643
0.199412, 0.205373, 13.6643
0.211369, 0.215561, 13.6996
0.211369, 0.215561, 13.6996
0.222181, 0.225014, 13.7306
0.232497, 0.234293, 13.7589
0.232497, 0.234293, 13.7589
0.24515, 0.245141, 13.795
0.24515, 0.245141, 13.795
0.255652, 0.25367, 13.8254
0.267285, 0.26346, 13.8584
0.267285, 0.26346, 13.8584
0.277257, 0.271709, 13.8872
0.277257, 0.271709, 13.8872
0.289102, 0.281552, 13.9207
0.301341, 0.292237, 13.9538
0.301341, 0.292237, 13.9538
0.311704, 0.301016, 13.9824
0.311704, 0.301016, 13.9824
0.324706, 0.312039, 14.0175
0.335322, 0.320877, 14.0464
0.335322, 0.320877, 14.0464
0.347699, 0.331584, 14.0789
0.347699, 0.331584, 14.0789
0.360027, 0.342372, 14.111
0.371526, 0.352181, 14.1414
0.371526, 0.352181, 14.1414
0.383205, 0.362404, 14.1713
0.383205, 0.362404, 14.1713
0.394875, 0.37232, 14.2014
0.406601, 0.382476, 14.2316
0.406601, 0.382476, 14.2316
0.419409, 0.393835, 14.2637
0.419409, 0.393835, 14.2637
0.431994, 0.404784, 14.2955
0.443094, 0.414659, 14.3233
0.443094, 0.414659, 14.3233
0.456141, 0.426502, 14.3553
0.456141, 0.426502, 14.3553
0.468029, 0.437317, 14.3847
0.468029, 0.437317, 14.3847
0.481952, 0.450065, 14.419
0.493293, 0.460482, 14.4465
0.493293, 0.460482, 14.4465
0.506116, 0.471151, 14.479
0.506116, 0.471151, 14.479
0.518092, 0.481501, 14.5087
0.531704, 0.493196, 14.5428
0.531704, 0.493196, 14.5428
0.543964, 0.504216, 14.5726
0.543964, 0.504216, 14.5726
0.556294, 0.515037, 14.603
0.570059, 0.526798, 14.6375
0.570059, 0.526798, 14.6375
0.581729, 0.53694, 14.6654
0.581729, 0.53694, 14.6654
0.594769, 0.547879, 14.6973
0.594769, 0.547879, 14.6973
0.606249, 0.55778, 14.7248
0.619489, 0.569495, 14.7562
0.619489, 0.569495, 14.7562
0.632505, 0.581127, 14.7868
0.632505, 0.581127, 14.7868
0.64394, 0.590996, 14.8136
0.658244, 0.603382, 14.8471
0.658244, 0.603382, 14.8471
0.670783, 0.614209, 14.8766
0.670783, 0.614209, 14.8766
0.683356, 0.624849, 14.9065
0.696947, 0.63684, 14.9384
0.696947, 0.63684, 14.9384
0.710695, 0.648788, 14.971
0.710695, 0.648788, 14.971
0.723646, 0.65995, 15.0015
0.734917, 0.66992, 15.0276
0.734917, 0.66992, 15.0276
0.749773, 0.68291, 15.0618
0.749773, 0.68291, 15.0618
0.762862, 0.694564, 15.0916
0.775935, 0.706488, 15.121
0.775935, 0.706488, 15.121
0.790102, 0.719138, 15.1527
0.790102, 0.719138, 15.1527
0.803323, 0.73089, 15.182
0.81638, 0.742728, 15.211
0.81638, 0.742728, 15.211
0.830204, 0.755369, 15.2416
0.830204, 0.755369, 15.2416
0.843064, 0.767288, 15.27
0.857351, 0.780471, 15.3015
0.857351, 0.780471, 15.3015
0.870641, 0.79265, 15.3304
0.870641, 0.79265, 15.3304
0.884298, 0.804882, 15.359
0.899984, 0.819016, 15.392
0.899984, 0.819016, 15.392
0.912788, 0.830433, 15.4189
0.912788, 0.830433, 15.4189
0.927576, 0.843774, 15.4501
0.942579, 0.857246, 15.4817
0.942579, 0.857246, 15.4817
0.955123, 0.868693, 15.5084
0.955123, 0.868693, 15.5084
0.971444, 0.883206, 15.5417
0.971444, 0.883206, 15.5417
0.986649, 0.896855, 15.5729
1.00088, 0.909624, 15.602
1.00088, 0.909624, 15.602
1.01531, 0.922558, 15.6314
1.01531, 0.922558, 15.6314
1.03067, 0.936543, 15.6631
1.04464, 0.94927, 15.6918
1.04464, 0.94927, 15.6918
1.06022, 0.963548, 15.7235
1.06022, 0.963548, 15.7235
1.07474, 0.976872, 15.753
1.09016, 0.990993, 15.7841
1.09016, 0.990993, 15.7841
1.10547, 1.00517, 15.8154
1.10547, 1.00517, 15.8154
1.1189, 1.01763, 15.8425
1.13456, 1.03212, 15.8738
1.13456, 1.03212, 15.8738
1.14986, 1.04609, 15.9033
1.14986, 1.04609, 15.9033
1.16582, 1.06071, 15.9344
1.1799, 1.07357, 15.9617
1.1799, 1.07357, 15.9617
1.19743, 1.08963, 15.9959
1.19743, 1.08963, 15.9959
1.21112, 1.10226, 16.0233
1.24422, 1.13361, 16.0887
1.2578, 1.14661, 16.1157
1.2578, 1.14661, 16.1157
1.27268, 1.16091, 16.1453
1.27268, 1.16091, 16.1453
1.28937, 1.17693, 16.1785
1.30558, 1.19238, 16.2112
1.30558, 1.19238, 16.2112
1.32064, 1.20686, 16.2407
1.32064, 1.20686, 16.2407
1.33597, 1.22147, 16.2703
1.35132, 1.23605, 16.3001
1.35132, 1.23605, 16.3001
1.3666, 1.25052, 16.3299
1.3666, 1.25052, 16.3299
1.38438, 1.26728, 16.3647
1.39842, 1.28039, 16.3924
1.39842, 1.28039, 16.3924
1.41572, 1.29653, 16.4265
1.41572, 1.29653, 16.4265
1.43208, 1.31239, 16.4574
1.44748, 1.32717, 16.4868
1.44748, 1.32717, 16.4868
1.46402, 1.34309, 16.5184
1.46402, 1.34309, 16.5184
1.48038, 1.35869, 16.5501
1.48038, 1.35869, 16.5501
1.49554, 1.37305, 16.5797
1.51111, 1.38831, 16.6095
1.51111, 1.38831, 16.6095
1.52786, 1.40499, 16.6413
1.52786, 1.40499, 16.6413
1.54368, 1.42069, 16.6714
1.56072, 1.4377, 16.7036
1.56072, 1.4377, 16.7036
1.57725, 1.45421, 16.7339
1.57725, 1.45421, 16.7339
1.59177, 1.46857, 16.7608
1.60851, 1.48509, 16.7923
1.60851, 1.48509, 16.7923
1.62568, 1.50289, 16.8237
1.62568, 1.50289, 16.8237
1.6412, 1.51867, 16.8522
1.65809, 1.53569, 16.8831
1.65809, 1.53569, 16.8831
1.67256, 1.55033, 16.9094
1.67256, 1.55033, 16.9094
1.69029, 1.56804, 16.9418
1.70619, 1.58443, 16.9702
1.70619, 1.58443, 16.9702
1.72096, 1.60009, 16.9958
1.72096, 1.60009, 16.9958
1.73832, 1.61842, 17.0258
1.75665, 1.63714, 17.0585
1.75665, 1.63714, 17.0585
1.77213, 1.6531, 17.0859
1.77213, 1.6531, 17.0859
1.78717, 1.66829, 17.1131
1.78717, 1.66829, 17.1131
1.80406, 1.68558, 17.143
1.80406, 1.68558, 17.143
1.82172, 1.70433, 17.173
1.83932, 1.72289, 17.2034
1.83932, 1.72289, 17.2034
1.85425, 1.73845, 17.2297
1.85425, 1.73845, 17.2297
1.87244, 1.75704, 17.2627
1.87244, 1.75704, 17.2627
1.88929, 1.77436, 17.2931
1.90437, 1.7902, 17.3198
1.90437, 1.7902, 17.3198
1.92316, 1.80947, 17.3536
1.92316, 1.80947, 17.3536
1.93944, 1.82623, 17.3829
1.95437, 1.84156, 17.4099
1.95437, 1.84156, 17.4099
1.97162, 1.85917, 17.4411
1.97162, 1.85917, 17.4411
1.98989, 1.87767, 17.4744
2.00624, 1.89498, 17.5041
2.00624, 1.89498, 17.5041
2.02374, 1.91325, 17.5357
2.02374, 1.91325, 17.5357
2.04011, 1.93028, 17.5652
2.05644, 1.94714, 17.5947
2.05644, 1.94714, 17.5947
2.07401, 1.96535, 17.6267
2.07401, 1.96535, 17.6267
2.09016, 1.98187, 17.6562
2.10659, 1.99885, 17.6857
2.10659, 1.99885, 17.6857
2.12435, 2.01698, 17.7178
2.12435, 2.01698, 17.7178
2.14094, 2.03415, 17.748
2.15829, 2.0514, 17.7797
2.15829, 2.0514, 17.7797
2.17589, 2.06928, 17.8119
2.17589, 2.06928, 17.8119
2.19204, 2.0856, 17.8414
2.20864, 2.10272, 17.8715
2.20864, 2.10272, 17.8715
2.22498, 2.11951, 17.9012
2.22498, 2.11951, 17.9012
2.24154, 2.13638, 17.9314
2.25914, 2.15421, 17.9633
2.25914, 2.15421, 17.9633
2.27566, 2.17113, 17.9927
2.27566, 2.17113, 17.9927
2.29337, 2.18935, 18.0245
2.29337, 2.18935, 18.0245
2.30989, 2.20674, 18.0537
2.32643, 2.22396, 18.0829
2.32643, 2.22396, 18.0829
2.34542, 2.24363, 18.1161
2.34542, 2.24363, 18.1161
2.36197, 2.26049, 18.1452
2.37722, 2.27574, 18.1722
2.37722, 2.27574, 18.1722
2.39499, 2.29418, 18.2033
2.39499, 2.29418, 18.2033
2.41168, 2.31154, 18.2324
2.43065, 2.33089, 18.2654
2.43065, 2.33089, 18.2654
2.44581, 2.34651, 18.2916
2.44581, 2.34651, 18.2916
2.46374, 2.36488, 18.3228
2.48034, 2.38158, 18.3519
2.48034, 2.38158, 18.3519
2.49786, 2.39952, 18.3826
2.49786, 2.39952, 18.3826
2.51578, 2.41855, 18.4136
2.53325, 2.43654, 18.444
2.53325, 2.43654, 18.444
2.54891, 2.45236, 18.4714
2.54891, 2.45236, 18.4714
2.56547, 2.46927, 18.5003
2.56547, 2.46927, 18.5003
2.58337, 2.48767, 18.5314
2.60115, 2.50607, 18.5623
2.60115, 2.50607, 18.5623
2.61641, 2.52239, 18.5888
2.61641, 2.52239, 18.5888
2.63427, 2.54106, 18.62
2.65083, 2.55836, 18.649
2.65083, 2.55836, 18.649
2.66867, 2.5771, 18.6803
2.66867, 2.5771, 18.6803
2.68649, 2.59537, 18.7116
2.68649, 2.59537, 18.7116
2.70177, 2.6113, 18.7384
2.72088, 2.63197, 18.7721
2.72088, 2.63197, 18.7721
2.73615, 2.64832, 18.7992
2.75397, 2.66731, 18.8309
2.75397, 2.66731, 18.8309
2.76928, 2.68297, 18.8579
2.76928, 2.68297, 18.8579
2.78825, 2.70259, 18.8914
2.80508, 2.72039, 18.9198
2.80508, 2.72039, 18.9198
2.8226, 2.73889, 18.9485
2.8226, 2.73889, 18.9485
2.84076, 2.75784, 18.9785
2.84076, 2.75784, 18.9785
2.85734, 2.77515, 19.0058
2.87296, 2.79134, 19.0314
2.87296, 2.79134, 19.0314
2.89219, 2.81109, 19.0633
2.89219, 2.81109, 19.0633
2.90913, 2.82872, 19.0914
2.92597, 2.84626, 19.1195
2.92597, 2.84626, 19.1195
2.94434, 2.8651, 19.1502
2.94434, 2.8651, 19.1502
2.96015, 2.8813, 19.1766
2.97988, 2.90138, 19.2098
2.97988, 2.90138, 19.2098
2.99676, 2.91811, 19.2383
2.99676, 2.91811, 19.2383
3.01359, 2.93548, 19.2666
3.03188, 2.9551, 19.2976
3.03188, 2.9551, 19.2976
3.04754, 2.97163, 19.3244
3.04754, 2.97163, 19.3244
3.06698, 2.99165, 19.3577
3.08533, 3.01079, 19.3892
3.08533, 3.01079, 19.3892
3.10222, 3.02808, 19.4181
3.10222, 3.02808, 19.4181
3.11802, 3.04518, 19.4451
3.13514, 3.06335, 19.4743
3.13514, 3.06335, 19.4743
3.1535, 3.0825, 19.5056
3.1535, 3.0825, 19.5056
3.17182, 3.10144, 19.5368
3.19019, 3.12056, 19.5682
3.19019, 3.12056, 19.5682
3.20613, 3.13662, 19.5952
3.20613, 3.13662, 19.5952
3.22458, 3.15582, 19.6265
3.24281, 3.17566, 19.658
3.24281, 3.17566, 19.658
3.25851, 3.19239, 19.6848
3.25851, 3.19239, 19.6848
3.27675, 3.2117, 19.7159
3.29506, 3.23054, 19.747
3.29506, 3.23054, 19.747
3.31197, 3.24795, 19.7759
3.31197, 3.24795, 19.7759
3.32859, 3.26628, 19.8047
3.32859, 3.26628, 19.8047
3.34651, 3.28615, 19.8357
3.36457, 3.30535, 19.8666
3.38032, 3.3217, 19.8934
3.38032, 3.3217, 19.8934
3.38032, 3.3217, 19.8934
3.39867, 3.34082, 19.9242
3.41566, 3.35876, 19.9527
3.41566, 3.35876, 19.9527
3.43507, 3.37943, 19.985
3.43507, 3.37943, 19.985
3.45081, 3.39639, 20.0112
3.46933, 3.41629, 20.0418
3.46933, 3.41629, 20.0418
3.48656, 3.43433, 20.0704
3.48656, 3.43433, 20.0704
3.50354, 3.45202, 20.0985
3.52083, 3.46958, 20.1269
3.52083, 3.46958, 20.1269
3.5409, 3.49119, 20.1598
3.55893, 3.51042, 20.1892
3.55893, 3.51042, 20.1892
3.57557, 3.52814, 20.2164
3.57557, 3.52814, 20.2164
3.5935, 3.547, 20.2456
3.5935, 3.547, 20.2456
3.61176, 3.56633, 20.275
3.63031, 3.58548, 20.3049
3.63031, 3.58548, 20.3049
3.64791, 3.6046, 20.3331
3.64791, 3.6046, 20.3331
3.6665, 3.62496, 20.3628
3.68408, 3.64374, 20.3909
3.68408, 3.64374, 20.3909
3.70309, 3.66373, 20.4214
3.70309, 3.66373, 20.4214
3.72079, 3.68226, 20.4497
3.72079, 3.68226, 20.4497
3.7386, 3.70093, 20.4779
3.75715, 3.72073, 20.5073
3.75715, 3.72073, 20.5073
3.77622, 3.74121, 20.5375
3.77622, 3.74121, 20.5375
3.7941, 3.75998, 20.566
3.81039, 3.77705, 20.5922
3.81039, 3.77705, 20.5922
3.82952, 3.79674, 20.6233
3.82952, 3.79674, 20.6233
3.84713, 3.81501, 20.6521
3.86644, 3.83573, 20.6839
3.86644, 3.83573, 20.6839
3.88641, 3.85653, 20.7167
3.88641, 3.85653, 20.7167
3.90266, 3.87328, 20.7434
3.90266, 3.87328, 20.7434
3.92181, 3.89301, 20.7744
3.93965, 3.91132, 20.8034
3.93965, 3.91132, 20.8034
3.95759, 3.92965, 20.8327
3.95759, 3.92965, 20.8327
3.97774, 3.95147, 20.8663
3.99551, 3.97032, 20.8959
3.99551, 3.97032, 20.8959
4.01454, 3.99063, 20.9277
4.01454, 3.99063, 20.9277
4.0307, 4.00733, 20.9546
4.04992, 4.02743, 20.9869
4.04992, 4.02743, 20.9869
4.06903, 4.04747, 21.0187
4.06903, 4.04747, 21.0187
4.08537, 4.06509, 21.046
4.10455, 4.08529, 21.0777
4.10455, 4.08529, 21.0777
4.12366, 4.10529, 21.1091
4.12366, 4.10529, 21.1091
4.1403, 4.12271, 21.1363
4.16082, 4.14405, 21.1697
4.16082, 4.14405, 21.1697
4.17711, 4.16158, 21.1965
4.17711, 4.16158, 21.1965
4.196, 4.18221, 21.2276
4.21429, 4.20208, 21.2575
4.21429, 4.20208, 21.2575
4.2332, 4.2228, 21.2879
4.2332, 4.2228, 21.2879
4.24934, 4.24018, 21.3133
4.26979, 4.26165, 21.3459
4.26979, 4.26165, 21.3459
4.28725, 4.28041, 21.3741
4.28725, 4.28041, 21.3741
4.30565, 4.30034, 21.4043
4.30565, 4.30034, 21.4043
4.32266, 4.31877, 21.4316
4.33927, 4.33697, 21.4577
4.33927, 4.33697, 21.4577
4.35803, 4.35681, 21.4872
4.35803, 4.35681, 21.4872
4.37567, 4.37543, 21.5151
4.39458, 4.3958, 21.5455
4.39458, 4.3958, 21.5455
4.41304, 4.41573, 21.5753
4.41304, 4.41573, 21.5753
4.43067, 4.43458, 21.6036
4.43067, 4.43458, 21.6036
4.44964, 4.45485, 21.6342
4.46552, 4.47158, 21.6598
4.46552, 4.47158, 21.6598
4.48492, 4.49163, 21.6911
4.48492, 4.49163, 21.6911
4.50253, 4.51028, 21.72
4.52231, 4.53103, 21.7526
4.52231, 4.53103, 21.7526
4.53857, 4.54817, 21.7796
4.53857, 4.54817, 21.7796
4.5589, 4.56943, 21.8128
4.57698, 4.5879, 21.8418
4.57698, 4.5879, 21.8418
4.59495, 4.60659, 21.8711
4.59495, 4.60659, 21.8711
4.61423, 4.62696, 21.9027
4.63042, 4.64413, 21.9294
4.63042, 4.64413, 21.9294
4.64876, 4.66331, 21.9595
4.64876, 4.66331, 21.9595
4.66933, 4.68455, 21.9932
4.68686, 4.7027, 22.0221
4.68686, 4.7027, 22.0221
4.70627, 4.72279, 22.0543
4.70627, 4.72279, 22.0543
4.72438, 4.74119, 22.0839
4.74365, 4.76111, 22.1162
4.74365, 4.76111, 22.1162
4.76187, 4.77953, 22.146
4.76187, 4.77953, 22.146
4.77845, 4.79733, 22.1756
4.7972, 4.81683, 22.2075
4.7972, 4.81683, 22.2075
4.81339, 4.8335, 22.2346
4.81339, 4.8335, 22.2346
4.83214, 4.85286, 22.2661
4.85081, 4.87221, 22.2977
4.85081, 4.87221, 22.2977
4.87001, 4.89188, 22.3294
4.87001, 4.89188, 22.3294
4.8855, 4.90831, 22.3564
4.8855, 4.90831, 22.3564
4.90245, 4.92629, 22.3859
4.92093, 4.94573, 22.4174
4.92093, 4.94573, 22.4174
4.9392, 4.96513, 22.4489
4.9392, 4.96513, 22.4489
4.95776, 4.98451, 22.4801
4.97363, 5.00106, 22.5067
4.97363, 5.00106, 22.5067
4.9906, 5.01964, 22.5366
4.9906, 5.01964, 22.5366
5.00902, 5.0392, 22.5679
5.02753, 5.05873, 22.5993
5.02753, 5.05873, 22.5993
5.04448, 5.07662, 22.6282
5.04448, 5.07662, 22.6282
5.06196, 5.09498, 22.6576
5.08086, 5.11466, 22.689
5.08086, 5.11466, 22.689
5.0993, 5.13423, 22.7208
5.0993, 5.13423, 22.7208
5.11596, 5.15194, 22.7496
5.13319, 5.17014, 22.7786
5.13319, 5.17014, 22.7786
5.15119, 5.18915, 22.8093
5.15119, 5.18915, 22.8093
5.16878, 5.2075, 22.8388
5.18626, 5.22574, 22.8684
5.18626, 5.22574, 22.8684
5.20464, 5.24508, 22.8994
5.20464, 5.24508, 22.8994
5.22176, 5.26308, 22.9281
5.24009, 5.2823, 22.959
5.24009, 5.2823, 22.959
5.2577, 5.30055, 22.988
5.2577, 5.30055, 22.988
5.27685, 5.32034, 23.0184
5.29543, 5.33966, 23.0473
5.29543, 5.33966, 23.0473
5.31253, 5.35805, 23.0751
5.31253, 5.35805, 23.0751
5.33062, 5.3772, 23.1039
5.33062, 5.3772, 23.1039
5.34628, 5.39375, 23.1286
5.36635, 5.41474, 23.1601
5.36635, 5.41474, 23.1601
5.3841, 5.4333, 23.188
5.3841, 5.4333, 23.188
5.40268, 5.45294, 23.2181
5.40268, 5.45294, 23.2181
5.4197, 5.47116, 23.2459
5.43684, 5.48912, 23.2733
5.43684, 5.48912, 23.2733
5.45426, 5.50743, 23.3012
5.45426, 5.50743, 23.3012
5.47316, 5.5272, 23.3314
5.49217, 5.54712, 23.3617
5.49217, 5.54712, 23.3617
5.50957, 5.56535, 23.3901
5.50957, 5.56535, 23.3901
5.52692, 5.58347, 23.4184
5.54565, 5.60303, 23.4493
5.54565, 5.60303, 23.4493
5.56466, 5.62262, 23.48
5.56466, 5.62262, 23.48
5.58256, 5.64109, 23.509
5.60056, 5.65967, 23.5382
5.60056, 5.65967, 23.5382
5.61799, 5.67796, 23.5672
5.61799, 5.67796, 23.5672
5.637, 5.69791, 23.5987
5.637, 5.69791, 23.5987
5.65442, 5.71633, 23.6278
5.67126, 5.73403, 23.6554
5.67126, 5.73403, 23.6554
5.69052, 5.7542, 23.6865
5.69052, 5.7542, 23.6865
5.70852, 5.77302, 23.7153
5.72722, 5.79219, 23.7454
5.72722, 5.79219, 23.7454
5.74725, 5.8127, 23.7778
5.74725, 5.8127, 23.7778
5.76505, 5.83098, 23.8059
5.76505, 5.83098, 23.8059
5.78327, 5.84965, 23.8346
5.80156, 5.86834, 23.8635
5.80156, 5.86834, 23.8635
5.82116, 5.8883, 23.8944
5.82116, 5.8883, 23.8944
5.84051, 5.90792, 23.9258
5.85802, 5.92562, 23.9541
5.85802, 5.92562, 23.9541
5.8762, 5.94395, 23.9832
5.8762, 5.94395, 23.9832
5.89574, 5.96355, 24.0143
5.91255, 5.98038, 24.041
5.91255, 5.98038, 24.041
5.9338, 6.00176, 24.0743
5.9338, 6.00176, 24.0743
5.95165, 6.01973, 24.1035
5.96962, 6.03777, 24.1327
5.96962, 6.03777, 24.1327
5.98719, 6.05536, 24.1612
5.98719, 6.05536, 24.1612
6.00666, 6.07487, 24.1925
6.02481, 6.09303, 24.2215
6.02481, 6.09303, 24.2215
6.04437, 6.11261, 24.2533
6.04437, 6.11261, 24.2533
6.06329, 6.13176, 24.2844
6.08127, 6.14985, 24.314
6.08127, 6.14985, 24.314
6.10012, 6.16872, 24.3447
6.10012, 6.16872, 24.3447
6.11836, 6.18696, 24.374
6.13674, 6.20527, 24.4034
6.13674, 6.20527, 24.4034
6.15635, 6.22477, 24.435
6.15635, 6.22477, 24.435
6.17582, 6.24411, 24.467
6.19369, 6.2618, 24.4966
6.19369, 6.2618, 24.4966
6.21041, 6.27826, 24.5243
6.21041, 6.27826, 24.5243
6.23009, 6.29753, 24.5564
6.24979, 6.3168, 24.5882
6.24979, 6.3168, 24.5882
6.26956, 6.3362, 24.6203
6.26956, 6.3362, 24.6203
6.28686, 6.35344, 24.6484
6.30278, 6.36939, 24.6748
6.30278, 6.36939, 24.6748
6.32067, 6.38725, 24.7043
6.32067, 6.38725, 24.7043
6.33883, 6.40538, 24.7345
6.33883, 6.40538, 24.7345
6.35984, 6.42619, 24.7683
6.35984, 6.42619, 24.7683
6.37843, 6.4447, 24.7981
6.39763, 6.46433, 24.8306
6.39763, 6.46433, 24.8306
6.41589, 6.48267, 24.8597
6.41589, 6.48267, 24.8597
6.43396, 6.50094, 24.8876
6.45307, 6.52008, 24.9171
6.45307, 6.52008, 24.9171
6.47281, 6.53975, 24.9478
6.47281, 6.53975, 24.9478
6.49041, 6.55753, 24.9761
6.51013, 6.5773, 25.0075
6.51013, 6.5773, 25.0075
6.5299, 6.59706, 25.0389
6.5299, 6.59706, 25.0389
6.54542, 6.61254, 25.0635
6.56523, 6.63237, 25.0951
6.56523, 6.63237, 25.0951
6.58532, 6.6524, 25.1266
6.58532, 6.6524, 25.1266
6.60381, 6.671, 25.156
6.62317, 6.69096, 25.1874
6.62317, 6.69096, 25.1874
6.63962, 6.70794, 25.2141
6.63962, 6.70794, 25.2141
6.65919, 6.72788, 25.2455
6.67873, 6.74783, 25.2771
6.67873, 6.74783, 25.2771
6.69868, 6.76791, 25.3087
6.69868, 6.76791, 25.3087
6.71534, 6.78501, 25.3359
6.73427, 6.80475, 25.3675
6.73427, 6.80475, 25.3675
6.75091, 6.82187, 25.3948
6.75091, 6.82187, 25.3948
6.77182, 6.84306, 25.4284
6.79025, 6.86168, 25.458
6.79025, 6.86168, 25.458
6.80877, 6.88032, 25.4877
6.80877, 6.88032, 25.4877
6.82836, 6.90031, 25.5192
6.84499, 6.91765, 25.546
6.84499, 6.91765, 25.546
6.86396, 6.93736, 25.5765
6.86396, 6.93736, 25.5765
6.88411, 6.95784, 25.6081
6.88411, 6.95784, 25.6081
6.90356, 6.97774, 25.6388
6.92094, 6.99514, 25.6656
6.92094, 6.99514, 25.6656
6.94138, 7.01645, 25.6984
6.94138, 7.01645, 25.6984
6.96096, 7.03654, 25.7294
6.97934, 7.05539, 25.7585
6.97934, 7.05539, 25.7585
6.99765, 7.07408, 25.7873
6.99765, 7.07408, 25.7873
7.01555, 7.09224, 25.8152
7.01555, 7.09224, 25.8152
7.037, 7.11376, 25.8485
7.05584, 7.13309, 25.8787
7.05584, 7.13309, 25.8787
7.07244, 7.15027, 25.9057
7.07244, 7.15027, 25.9057
7.09078, 7.16901, 25.9351
7.11062, 7.1893, 25.967
7.11062, 7.1893, 25.967
7.13189, 7.21078, 26.0006
7.13189, 7.21078, 26.0006
7.15026, 7.22956, 26.0299
7.16746, 7.24711, 26.0572
7.16746, 7.24711, 26.0572
7.18711, 7.26724, 26.0884
7.18711, 7.26724, 26.0884
7.20824, 7.28893, 26.1218
7.22492, 7.30593, 26.148
7.22492, 7.30593, 26.148
7.24521, 7.32628, 26.1794
7.24521, 7.32628, 26.1794
7.26483, 7.34584, 26.2098
7.26483, 7.34584, 26.2098
7.28214, 7.36405, 26.2377
7.3033, 7.38609, 26.2716
7.3033, 7.38609, 26.2716
7.32029, 7.4033, 26.2981
7.32029, 7.4033, 26.2981
7.3404, 7.42375, 26.3293
7.36013, 7.444, 26.3599
7.36013, 7.444, 26.3599
7.37836, 7.46275, 26.3879
7.37836, 7.46275, 26.3879
7.39807, 7.48369, 26.4188
7.41648, 7.50321, 26.4473
7.41648, 7.50321, 26.4473
7.43623, 7.52386, 26.4778
7.43623, 7.52386, 26.4778
7.45456, 7.54301, 26.5061
7.4729, 7.56232, 26.5345
7.4729, 7.56232, 26.5345
7.49303, 7.58334, 26.5656
7.49303, 7.58334, 26.5656
7.51265, 7.60416, 26.596
7.51265, 7.60416, 26.596
7.53132, 7.62388, 26.625
7.55128, 7.64499, 26.6557
7.55128, 7.64499, 26.6557
7.57018, 7.66454, 26.6837
7.5875, 7.68214, 26.7093
7.5875, 7.68214, 26.7093
7.60944, 7.70519, 26.7419
7.60944, 7.70519, 26.7419
7.62781, 7.72528, 26.7697
7.62781, 7.72528, 26.7697
7.64799, 7.74604, 26.7999
7.66678, 7.76576, 26.8281
7.66678, 7.76576, 26.8281
7.68686, 7.78695, 26.858
7.68686, 7.78695, 26.858
7.70569, 7.8064, 26.886
7.72437, 7.82608, 26.9141
7.72437, 7.82608, 26.9141
7.74286, 7.84588, 26.9422
7.74286, 7.84588, 26.9422
7.76301, 7.86706, 26.9726
7.78168, 7.88699, 26.9999
7.78168, 7.88699, 26.9999
7.80206, 7.90799, 27.0295
7.80206, 7.90799, 27.0295
7.82081, 7.92725, 27.0567
7.83981, 7.94698, 27.0846
7.83981, 7.94698, 27.0846
7.86008, 7.96814, 27.1146
7.86008, 7.96814, 27.1146
7.88042, 7.98954, 27.1448
7.88042, 7.98954, 27.1448
7.89923, 8.00897, 27.1728
7.91815, 8.02838, 27.201
7.91815, 8.02838, 27.201
7.93717, 8.04777, 27.2295
7.93717, 8.04777, 27.2295
7.97673, 8.08896, 27.2896
7.99704, 8.10997, 27.3205
7.99704, 8.10997, 27.3205
8.03487, 8.14891, 27.3778
8.0555, 8.17006, 27.4091
8.0555, 8.17006, 27.4091
8.07464, 8.18991, 27.4385
8.09354, 8.20988, 27.4677
8.09354, 8.20988, 27.4677
8.11561, 8.23305, 27.5019
8.11561, 8.23305, 27.5019
8.13484, 8.25291, 27.5315
8.15561, 8.27414, 27.5635
8.15561, 8.27414, 27.5635
8.17318, 8.29218, 27.5906
8.17318, 8.29218, 27.5906
8.19388, 8.31382, 27.6227
8.21433, 8.33568, 27.6544
8.21433, 8.33568, 27.6544
8.25391, 8.37801, 27.7154
8.27321, 8.39816, 27.7448
8.27321, 8.39816, 27.7448
8.2925, 8.41817, 27.7741
8.2925, 8.41817, 27.7741
8.31314, 8.44001, 27.8054
8.33218, 8.46069, 27.8345
8.33218, 8.46069, 27.8345
8.3498, 8.47972, 27.8613
8.3498, 8.47972, 27.8613
8.37192, 8.50334, 27.8947
8.39104, 8.52341, 27.9235
8.39104, 8.52341, 27.9235
8.4102, 8.54337, 27.952
8.4102, 8.54337, 27.952
8.42916, 8.56397, 27.9808
8.44803, 8.58453, 28.0093
8.44803, 8.58453, 28.0093
8.46699, 8.6049, 28.0377
8.46699, 8.6049, 28.0377
8.4889, 8.62831, 28.0705
8.50777, 8.64812, 28.0986
8.50777, 8.64812, 28.0986
8.54736, 8.6901, 28.1578
8.56639, 8.7109, 28.1864
8.56639, 8.7109, 28.1864
8.58669, 8.73318, 28.2168
8.58669, 8.73318, 28.2168
8.6264, 8.77509, 28.2759
8.64552, 8.79505, 28.3044
8.64552, 8.79505, 28.3044
8.66478, 8.81587, 28.3333
8.66478, 8.81587, 28.3333
8.68407, 8.8368, 28.3621
8.70491, 8.85897, 28.3931
8.72405, 8.87974, 28.4215
8.74497, 8.90154, 28.4525
8.76495, 8.92264, 28.4819
8.76495, 8.92264, 28.4819
8.78243, 8.9424, 28.5079
8.78243, 8.9424, 28.5079
8.80286, 8.96471, 28.5384
8.82338, 8.98629, 28.5692
8.84107, 9.0055, 28.5957
8.86158, 9.02722, 28.6266
8.8823, 9.04925, 28.658
8.8823, 9.04925, 28.658
8.90316, 9.07135, 28.6895
8.94059, 9.11179, 28.7454
8.94059, 9.11179, 28.7454
8.95997, 9.13227, 28.7742
8.95997, 9.13227, 28.7742
8.98238, 9.15582, 28.8073
9.00196, 9.17595, 28.8361
9.02159, 9.19732, 28.8649
9.04266, 9.22039, 28.8957
9.06345, 9.24229, 28.9261
9.06345, 9.24229, 28.9261
9.08134, 9.26074, 28.9524
9.08134, 9.26074, 28.9524
9.10254, 9.28301, 28.983
9.12206, 9.30309, 29.0113
9.12206, 9.30309, 29.0113
9.14305, 9.32579, 29.042
9.14305, 9.32579, 29.042
9.16243, 9.34715, 29.0705
9.18162, 9.3681, 29.0988
9.2025, 9.39092, 29.1295
9.24112, 9.43168, 29.1864
9.26221, 9.45487, 29.2174
9.26221, 9.45487, 29.2174
9.28169, 9.47622, 29.2457
9.30226, 9.49887, 29.2755
9.30226, 9.49887, 29.2755
9.32172, 9.51961, 29.3037
9.32172, 9.51961, 29.3037
9.3428, 9.54213, 29.3342
9.36071, 9.56087, 29.3602
9.36071, 9.56087, 29.3602
9.40313, 9.60728, 29.4215
9.40313, 9.60728, 29.4215
9.42409, 9.62976, 29.4516
9.46346, 9.67148, 29.508
9.46346, 9.67148, 29.508
9.4846, 9.69335, 29.5382
9.4846, 9.69335, 29.5382
9.52293, 9.73628, 29.593
9.54384, 9.75891, 29.6227
9.54384, 9.75891, 29.6227
9.56499, 9.78201, 29.6515
9.58424, 9.80238, 29.6782
9.58424, 9.80238, 29.6782
9.60556, 9.82494, 29.7081
9.60556, 9.82494, 29.7081
9.62408, 9.8458, 29.7333
9.64541, 9.86898, 29.7625
9.64541, 9.86898, 29.7625
9.66676, 9.89181, 29.792
9.66676, 9.89181, 29.792
9.6881, 9.91482, 29.8212
9.70824, 9.93584, 29.8491
9.70824, 9.93584, 29.8491
9.72832, 9.95656, 29.8772
9.72832, 9.95656, 29.8772
9.74962, 9.97827, 29.9071
9.76935, 9.99831, 29.9343
9.7907, 10.0208, 29.9639
9.80969, 10.0407, 29.9911
9.8291, 10.0619, 30.0184
9.8291, 10.0619, 30.0184
9.85147, 10.0856, 30.0503
9.85147, 10.0856, 30.0503
9.87158, 10.1064, 30.0791
9.87158, 10.1064, 30.0791
9.89118, 10.1265, 30.107
9.89118, 10.1265, 30.107
9.91194, 10.1497, 30.1364
9.93083, 10.1696, 30.1637
9.93083, 10.1696, 30.1637
9.95155, 10.1917, 30.1934
9.95155, 10.1917, 30.1934
9.99028, 10.2323, 30.2488
10.0113, 10.2538, 30.2791
10.0113, 10.2538, 30.2791
10.0309, 10.2748, 30.3073
10.0506, 10.2973, 30.3354
10.0506, 10.2973, 30.3354
10.0702, 10.3186, 30.3635
10.0702, 10.3186, 30.3635
10.0899, 10.3397, 30.3916
10.1127, 10.3639, 30.4238
10.1127, 10.3639, 30.4238
10.1305, 10.3821, 30.4493
10.1305, 10.3821, 30.4493
10.1532, 10.4077, 30.4812
10.1731, 10.4298, 30.5093
10.1731, 10.4298, 30.5093
10.1914, 10.4501, 30.5351
10.1914, 10.4501, 30.5351
10.2117, 10.472, 30.5639
10.234, 10.4953, 30.5958
10.234, 10.4953, 30.5958
10.2548, 10.5175, 30.6255
10.2548, 10.5175, 30.6255
10.2747, 10.5398, 30.6534
10.3168, 10.5856, 30.7129
10.3353, 10.6057, 30.7386
10.357, 10.6283, 30.769
10.357, 10.6283, 30.769
10.3787, 10.6507, 30.7994
10.3988, 10.6738, 30.8275
10.3988, 10.6738, 30.8275
10.419, 10.6976, 30.8557
10.419, 10.6976, 30.8557
10.4404, 10.7211, 30.8861
10.4602, 10.7428, 30.9144
10.4602, 10.7428, 30.9144
10.4817, 10.7656, 30.9452
10.4817, 10.7656, 30.9452
10.5227, 10.8105, 31.0034
10.5445, 10.8356, 31.0339
10.5445, 10.8356, 31.0339
10.5653, 10.8582, 31.0631
10.5835, 10.8782, 31.0888
10.6047, 10.9005, 31.1187
10.6266, 10.9255, 31.1492
10.6266, 10.9255, 31.1492
10.6468, 10.9483, 31.1777
10.6686, 10.9722, 31.209
10.6686, 10.9722, 31.209
10.6898, 10.9952, 31.2387
10.6898, 10.9952, 31.2387
10.7301, 11.0382, 31.2961
10.7498, 11.0594, 31.3242
10.7498, 11.0594, 31.3242
10.794, 11.1097, 31.3867
10.814, 11.1317, 31.4152
10.814, 11.1317, 31.4152
10.8353, 11.1552, 31.4455
10.8556, 11.1766, 31.4747
10.8556, 11.1766, 31.4747
10.8757, 11.1994, 31.503
10.8757, 11.1994, 31.503
10.8961, 11.2225, 31.5313
10.94, 11.2713, 31.5927
10.94, 11.2713, 31.5927
10.96, 11.292, 31.6213
10.96, 11.292, 31.6213
11.0034, 11.3397, 31.6814
11.0241, 11.3633, 31.7088
11.0241, 11.3633, 31.7088
11.0458, 11.3873, 31.737
11.0879, 11.4339, 31.7892
11.1083, 11.4555, 31.8135
11.1271, 11.4761, 31.8352
11.1488, 11.501, 31.8593
11.1488, 11.501, 31.8593
11.1723, 11.5281, 31.8846
11.1723, 11.5281, 31.8846
11.1907, 11.548, 31.9041
11.2123, 11.5714, 31.9264
11.2123, 11.5714, 31.9264
11.2341, 11.5954, 31.9484
11.2341, 11.5954, 31.9484
11.2536, 11.6183, 31.9666
11.2747, 11.6422, 31.9857
11.2988, 11.6693, 32.0068
11.2988, 11.6693, 32.0068
11.3417, 11.7153, 32.0428
11.3417, 11.7153, 32.0428
11.3632, 11.7379, 32.0601
11.3632, 11.7379, 32.0601
11.3841, 11.7615, 32.0762
11.4052, 11.7855, 32.0919
11.4052, 11.7855, 32.0919
11.4262, 11.8099, 32.1075
11.4262, 11.8099, 32.1075
11.4486, 11.834, 32.1232
11.4486, 11.834, 32.1232
11.471, 11.8587, 32.1388
11.4899, 11.8782, 32.1511
11.5149, 11.9076, 32.1658
11.5363, 11.9318, 32.1779
11.5571, 11.9551, 32.1894
11.5571, 11.9551, 32.1894
11.5782, 11.9783, 32.2008
11.6008, 12.0024, 32.2126
11.6008, 12.0024, 32.2126
11.6202, 12.0232, 32.2226
11.6202, 12.0232, 32.2226
11.6446, 12.0508, 32.2343
11.6446, 12.0508, 32.2343
11.6667, 12.0766, 32.2446
11.6882, 12.1003, 32.2539
11.6882, 12.1003, 32.2539
11.7112, 12.125, 32.2635
11.7112, 12.125, 32.2635
11.7308, 12.1462, 32.2715
11.7555, 12.173, 32.281
11.7555, 12.173, 32.281
11.7988, 12.221, 32.2965
11.8223, 12.2475, 32.3043
11.8435, 12.2705, 32.3109
11.863, 12.2908, 32.3168
11.8877, 12.3168, 32.324
11.8877, 12.3168, 32.324
11.9093, 12.3412, 32.3296
11.9093, 12.3412, 32.3296
11.9332, 12.3692, 32.3351
11.955, 12.3935, 32.3399
11.955, 12.3935, 32.3399
11.9776, 12.4183, 32.3447
11.9776, 12.4183, 32.3447
11.999, 12.4413, 32.3493
12.0197, 12.4635, 32.3537
12.0197, 12.4635, 32.3537
12.0436, 12.492, 32.3583
12.0436, 12.492, 32.3583
12.0667, 12.5178, 32.363
12.0884, 12.5418, 32.367
12.0884, 12.5418, 32.367
12.1097, 12.5651, 32.3704
12.1097, 12.5651, 32.3704
12.1328, 12.5903, 32.3741
12.1537, 12.6118, 32.3779
12.1537, 12.6118, 32.3779
12.178, 12.6404, 32.3818
12.178, 12.6404, 32.3818
12.1996, 12.6647, 32.3856
12.2215, 12.6887, 32.3892
12.2215, 12.6887, 32.3892
12.2433, 12.7122, 32.3926
12.2433, 12.7122, 32.3926
12.2648, 12.7352, 32.3959
12.2878, 12.7591, 32.3995
12.3091, 12.7833, 32.4023
12.3091, 12.7833, 32.4023
12.3328, 12.8103, 32.4054
12.3562, 12.8361, 32.4084
12.3562, 12.8361, 32.4084
12.3796, 12.8614, 32.4114
12.3796, 12.8614, 32.4114
12.4246, 12.9084, 32.4149
12.4454, 12.9319, 32.4155
12.4454, 12.9319, 32.4155
12.4708, 12.9599, 32.4161
12.4708, 12.9599, 32.4161
12.4905, 12.9804, 32.4172
12.5373, 13.0288, 32.4193
12.5373, 13.0288, 32.4193
12.5587, 13.0509, 32.4202
12.5587, 13.0509, 32.4202
12.6055, 13.1025, 32.4228
12.6504, 13.1517, 32.4253
12.6738, 13.176, 32.4267
12.6983, 13.2033, 32.428
12.7188, 13.2254, 32.4294
12.7415, 13.2511, 32.4305
12.7415, 13.2511, 32.4305
12.7669, 13.2777, 32.4323
12.7669, 13.2777, 32.4323
12.7874, 13.2994, 32.4336
12.8123, 13.3248, 32.4352
12.8123, 13.3248, 32.4352
12.8345, 13.348, 32.4368
12.8345, 13.348, 32.4368
12.8564, 13.3728, 32.4383
12.9043, 13.4255, 32.4412
12.9043, 13.4255, 32.4412
12.9484, 13.4718, 32.4439
12.9707, 13.496, 32.4453
13.0175, 13.549, 32.448
13.0175, 13.549, 32.448
13.0384, 13.5719, 32.4491
13.0384, 13.5719, 32.4491
13.0627, 13.5983, 32.4502
13.0627, 13.5983, 32.4502
13.0859, 13.6231, 32.451
13.0859, 13.6231, 32.451
13.1082, 13.6487, 32.4517
13.1288, 13.6722, 32.4523
13.1288, 13.6722, 32.4523
13.1522, 13.6977, 32.4532
13.1522, 13.6977, 32.4532
13.1775, 13.7252, 32.4538
13.1959, 13.7444, 32.4542
13.1959, 13.7444, 32.4542
13.2209, 13.7708, 32.4544
13.2209, 13.7708, 32.4544
13.2632, 13.818, 32.4551
13.3113, 13.8709, 32.4558
13.3318, 13.8929, 32.4562
13.3318, 13.8929, 32.4562
13.3541, 13.9178, 32.4565
13.3541, 13.9178, 32.4565
13.3779, 13.9464, 32.457
13.4014, 13.9728, 32.4577
13.4014, 13.9728, 32.4577
13.4217, 13.9957, 32.4582
13.4217, 13.9957, 32.4582
13.4449, 14.0208, 32.459
13.4449, 14.0208, 32.459
13.4682, 14.0455, 32.4597
13.4872, 14.0658, 32.46
13.4872, 14.0658, 32.46
13.5126, 14.0942, 32.4607
13.5126, 14.0942, 32.4607
13.5331, 14.1176, 32.461
13.5559, 14.1428, 32.4615
13.5559, 14.1428, 32.4615
13.5793, 14.1681, 32.4622
13.5793, 14.1681, 32.4622
13.6006, 14.1911, 32.4619
13.6221, 14.2139, 32.4618
13.6221, 14.2139, 32.4618
13.6449, 14.2404, 32.4614
13.6449, 14.2404, 32.4614
13.6688, 14.2685, 32.461
13.6907, 14.293, 32.4609
13.6907, 14.293, 32.4609
13.7123, 14.3159, 32.4612
13.7123, 14.3159, 32.4612
13.7355, 14.3408, 32.4614
13.759, 14.3671, 32.4613
13.759, 14.3671, 32.4613
13.7809, 14.3926, 32.4616
13.7809, 14.3926, 32.4616
13.804, 14.4197, 32.4618
13.804, 14.4197, 32.4618
13.826, 14.4442, 32.4623
13.8486, 14.4688, 32.4629
13.8486, 14.4688, 32.4629
13.8706, 14.4925, 32.4635
13.8706, 14.4925, 32.4635
13.9135, 14.5412, 32.4646
13.9354, 14.5659, 32.465
13.9354, 14.5659, 32.465
13.9821, 14.6173, 32.4656
14.0034, 14.6401, 32.4658
14.0034, 14.6401, 32.4658
14.0491, 14.6915, 32.4665
14.0706, 14.7171, 32.4667
14.0706, 14.7171, 32.4667
14.092, 14.7409, 32.4671
14.092, 14.7409, 32.4671
14.1132, 14.7642, 32.4675
14.1361, 14.7886, 32.4681
14.1361, 14.7886, 32.4681
14.1575, 14.8135, 32.4686
14.1575, 14.8135, 32.4686
14.1789, 14.8394, 32.4693
14.202, 14.8651, 32.4703
14.202, 14.8651, 32.4703
14.2464, 14.9146, 32.4724
14.2674, 14.9365, 32.4733
14.2674, 14.9365, 32.4733
14.2892, 14.9615, 32.4743
14.3101, 14.9867, 32.475
14.3544, 15.0367, 32.4764
14.3772, 15.0612, 32.4772
14.3772, 15.0612, 32.4772
14.3984, 15.0839, 32.4778
14.4217, 15.1102, 32.4783
14.4217, 15.1102, 32.4783
14.4429, 15.1332, 32.4789
14.4429, 15.1332, 32.4789
14.464, 15.1566, 32.4791
14.4871, 15.1824, 32.4794
14.4871, 15.1824, 32.4794
14.531, 15.229, 32.4803
14.5527, 15.2534, 32.4806
14.5527, 15.2534, 32.4806
14.5745, 15.278, 32.481
14.5745, 15.278, 32.481
14.5979, 15.3044, 32.4814
14.6427, 15.3523, 32.4817
14.6427, 15.3523, 32.4817
14.6859, 15.3995, 32.4819
14.7091, 15.4251, 32.4821
14.7091, 15.4251, 32.4821
14.7324, 15.4511, 32.4821
14.754, 15.4743, 32.4822
14.754, 15.4743, 32.4822
14.7737, 15.4949, 32.4824
14.7737, 15.4949, 32.4824
14.8187, 15.5442, 32.4824
14.8421, 15.5699, 32.4826
14.8421, 15.5699, 32.4826
14.8654, 15.5949, 32.4829
14.887, 15.6182, 32.4832
14.887, 15.6182, 32.4832
14.9086, 15.6417, 32.4834
14.9086, 15.6417, 32.4834
14.9301, 15.6642, 32.4837
14.9529, 15.6904, 32.4841
14.9761, 15.7158, 32.4841
14.996, 15.7369, 32.4835
15.0174, 15.7599, 32.4828
15.0417, 15.7858, 32.4818
15.0631, 15.8082, 32.4809
15.0843, 15.8317, 32.4802
15.1072, 15.8572, 32.4792
15.1294, 15.8815, 32.4774
15.1294, 15.8815, 32.4774
15.1507, 15.9052, 32.4731
15.1719, 15.9277, 32.4697
15.1719, 15.9277, 32.4697
15.1932, 15.95, 32.4667
15.2146, 15.9736, 32.4642
15.2146, 15.9736, 32.4642
15.2358, 15.9968, 32.4621
15.2588, 16.0212, 32.4603
15.3031, 16.0674, 32.4573
15.3257, 16.0907, 32.4552
15.3257, 16.0907, 32.4552
15.3486, 16.1155, 32.4543
15.37, 16.1384, 32.4535
15.3913, 16.1608, 32.4528
15.4154, 16.186, 32.4521
15.4332, 16.204, 32.4519
15.4572, 16.2286, 32.4515
15.4572, 16.2286, 32.4515
15.4784, 16.2498, 32.4516
15.4784, 16.2498, 32.4516
15.5, 16.2713, 32.4518
15.5445, 16.3181, 32.4522
15.5445, 16.3181, 32.4522
15.5636, 16.3384, 32.4525
15.5859, 16.361, 32.4534
15.5859, 16.361, 32.4534
15.6083, 16.3842, 32.454
15.6083, 16.3842, 32.454
15.6513, 16.4281, 32.4555
15.6715, 16.4502, 32.4561
15.6933, 16.4742, 32.4569
15.7137, 16.4959, 32.4566
15.7557, 16.5398, 32.4541
15.7557, 16.5398, 32.4541
15.7953, 16.5834, 32.4529
15.8178, 16.6074, 32.4526
15.8178, 16.6074, 32.4526
15.8374, 16.6283, 32.4521
15.8374, 16.6283, 32.4521
15.8582, 16.6495, 32.4521
15.8816, 16.6738, 32.451
15.8816, 16.6738, 32.451
15.9019, 16.6955, 32.4498
15.9019, 16.6955, 32.4498
15.9212, 16.7179, 32.4474
15.9425, 16.7409, 32.4462
15.9609, 16.7603, 32.4457
15.9842, 16.7852, 32.4447
16.003, 16.8049, 32.4441
16.003, 16.8049, 32.4441
16.0458, 16.8521, 32.4438
16.0653, 16.8743, 32.4432
16.0653, 16.8743, 32.4432
16.0848, 16.8953, 32.4434
16.0848, 16.8953, 32.4434
16.1057, 16.9172, 32.4438
16.1057, 16.9172, 32.4438
16.1261, 16.9384, 32.4444
16.1478, 16.9619, 32.4453
16.169, 16.9851, 32.4463
16.1889, 17.0067, 32.4473
16.2086, 17.0283, 32.4483
16.2086, 17.0283, 32.4483
16.23, 17.0511, 32.4494
16.23, 17.0511, 32.4494
16.2499, 17.0712, 32.4508
16.2712, 17.0944, 32.4521
16.2712, 17.0944, 32.4521
16.2907, 17.1155, 32.451
16.2907, 17.1155, 32.451
16.3123, 17.1388, 32.4473
16.3123, 17.1388, 32.4473
16.3327, 17.1599, 32.445
16.3545, 17.1821, 32.4434
16.3545, 17.1821, 32.4434
16.3767, 17.2045, 32.4421
16.3767, 17.2045, 32.4421
16.4186, 17.2498, 32.4408
16.4373, 17.2689, 32.4411
16.4795, 17.3128, 32.442
16.4795, 17.3128, 32.442
16.503, 17.3364, 32.4433
16.5411, 17.3784, 32.4458
16.5411, 17.3784, 32.4458
16.5639, 17.4031, 32.4473
16.5639, 17.4031, 32.4473
16.5848, 17.425, 32.4488
16.6051, 17.4462, 32.4502
16.6051, 17.4462, 32.4502
16.627, 17.4689, 32.452
16.627, 17.4689, 32.452
16.6467, 17.491, 32.4537
16.6668, 17.5125, 32.4556
16.6668, 17.5125, 32.4556
16.6873, 17.5335, 32.4574
16.6873, 17.5335, 32.4574
16.709, 17.5564, 32.4591
16.7295, 17.5774, 32.4609
16.7295, 17.5774, 32.4609
16.7517, 17.5998, 32.4627
16.7517, 17.5998, 32.4627
16.7713, 17.6211, 32.4644
16.7928, 17.6444, 32.4664
16.7928, 17.6444, 32.4664
16.8124, 17.6649, 32.4682
16.8124, 17.6649, 32.4682
16.8328, 17.6861, 32.47
16.8328, 17.6861, 32.47
16.8534, 17.707, 32.4717
16.8755, 17.7298, 32.473
16.8948, 17.7512, 32.4734
16.9164, 17.775, 32.4739
16.9367, 17.7967, 32.4746
16.9367, 17.7967, 32.4746
16.9806, 17.8421, 32.4761
17.0012, 17.8636, 32.4766
17.0012, 17.8636, 32.4766
17.0217, 17.8856, 32.4773
17.0217, 17.8856, 32.4773
17.0437, 17.9088, 32.4783
17.0642, 17.9304, 32.4795
17.0642, 17.9304, 32.4795
17.0863, 17.9537, 32.4811
17.0863, 17.9537, 32.4811
17.1084, 17.9767, 32.4829
17.1276, 17.9966, 32.4842
17.1687, 18.0403, 32.4869
17.1687, 18.0403, 32.4869
17.191, 18.0634, 32.4876
17.191, 18.0634, 32.4876
17.2134, 18.0867, 32.4881
17.2134, 18.0867, 32.4881
17.2357, 18.1093, 32.4887
17.2564, 18.1305, 32.4894
17.2564, 18.1305, 32.4894
17.2772, 18.1524, 32.4902
17.2951, 18.1714, 32.4909
17.2951, 18.1714, 32.4909
17.3185, 18.1956, 32.4921
17.34, 18.2174, 32.4931
17.361, 18.2386, 32.4937
17.361, 18.2386, 32.4937
17.4071, 18.2871, 32.4942
17.4263, 18.3072, 32.4945
17.4263, 18.3072, 32.4945
17.4465, 18.3277, 32.4949
17.4707, 18.3524, 32.4955
17.4707, 18.3524, 32.4955
17.4917, 18.3736, 32.496
17.4917, 18.3736, 32.496
17.5125, 18.3955, 32.4964
17.5565, 18.4417, 32.4973
17.5565, 18.4417, 32.4973
17.5759, 18.4614, 32.4976
17.6191, 18.5052, 32.4985
17.6191, 18.5052, 32.4985
17.6431, 18.5301, 32.4991
17.6431, 18.5301, 32.4991
17.6641, 18.552, 32.4992
17.6833, 18.572, 32.4993
17.6833, 18.572, 32.4993
17.706, 18.5955, 32.4989
17.706, 18.5955, 32.4989
17.7302, 18.6198, 32.4981
17.748, 18.6379, 32.497
17.748, 18.6379, 32.497
17.7695, 18.6604, 32.4961
17.7695, 18.6604, 32.4961
17.7912, 18.6828, 32.4952
17.7912, 18.6828, 32.4952
17.8135, 18.706, 32.4942
17.8541, 18.747, 32.4928
17.8541, 18.747, 32.4928
17.8785, 18.7716, 32.4924
17.9202, 18.8142, 32.4922
17.9202, 18.8142, 32.4922
17.9434, 18.8375, 32.4924
17.9622, 18.8563, 32.4925
17.9622, 18.8563, 32.4925
17.9866, 18.8805, 32.4927
17.9866, 18.8805, 32.4927
18.0059, 18.8998, 32.4927
18.0059, 18.8998, 32.4927
18.0288, 18.9236, 32.4925
18.051, 18.9462, 32.4924
18.051, 18.9462, 32.4924
18.0719, 18.9673, 32.4924
18.0719, 18.9673, 32.4924
18.0937, 18.9893, 32.4925
18.0937, 18.9893, 32.4925
18.1163, 19.012, 32.4925
18.1354, 19.0321, 32.4927
18.1354, 19.0321, 32.4927
18.1563, 19.0538, 32.4928
18.2023, 19.1007, 32.4933
18.2023, 19.1007, 32.4933
18.2217, 19.1204, 32.4937
18.2217, 19.1204, 32.4937
18.244, 19.1429, 32.4943
18.2659, 19.1655, 32.4949
18.2659, 19.1655, 32.4949
18.2866, 19.1867, 32.4954
18.2866, 19.1867, 32.4954
18.3072, 19.2077, 32.4956
18.3509, 19.2514, 32.4961
18.3751, 19.2755, 32.4964
18.3967, 19.2975, 32.4966
18.4163, 19.3175, 32.4966
18.4163, 19.3175, 32.4966
18.4408, 19.3422, 32.4965
18.4408, 19.3422, 32.4965
18.4599, 19.3614, 32.4963
18.4599, 19.3614, 32.4963
18.4844, 19.3858, 32.496
18.5031, 19.4042, 32.4958
18.5031, 19.4042, 32.4958
18.5271, 19.4285, 32.4955
18.5466, 19.4477, 32.4954
18.5466, 19.4477, 32.4954
18.5695, 19.4702, 32.4954
18.5695, 19.4702, 32.4954
18.5923, 19.4927, 32.4953
18.6136, 19.5134, 32.4953
18.6136, 19.5134, 32.4953
18.635, 19.5341, 32.4953
18.6558, 19.5547, 32.4954
18.6771, 19.5758, 32.4954
18.6998, 19.5984, 32.4952
18.6998, 19.5984, 32.4952
18.7226, 19.6207, 32.4951
18.7226, 19.6207, 32.4951
18.7452, 19.6428, 32.495
18.7664, 19.6635, 32.4949
18.7664, 19.6635, 32.4949
18.7877, 19.6844, 32.4948
18.8304, 19.7267, 32.4947
18.8304, 19.7267, 32.4947
18.8543, 19.7499, 32.4948
18.8958, 19.7903, 32.495
18.9205, 19.8149, 32.4951
18.942, 19.8362, 32.4951
18.9618, 19.8555, 32.4951
18.9618, 19.8555, 32.4951
18.9867, 19.8798, 32.4945
18.9867, 19.8798, 32.4945
19.0082, 19.9007, 32.494
19.0312, 19.9229, 32.4935
19.0312, 19.9229, 32.4935
19.0509, 19.9422, 32.4931
19.0971, 19.987, 32.4928
19.0971, 19.987, 32.4928
19.1185, 20.0076, 32.4931
19.1185, 20.0076, 32.4931
19.1399, 20.0281, 32.4936
19.1399, 20.0281, 32.4936
19.1612, 20.0486, 32.4941
19.1859, 20.0724, 32.4947
19.1859, 20.0724, 32.4947
19.2074, 20.093, 32.4952
19.2074, 20.093, 32.4952
19.227, 20.1117, 32.4956
19.2499, 20.1334, 32.4961
19.2499, 20.1334, 32.4961
19.2714, 20.1537, 32.4966
19.2944, 20.1754, 32.4971
19.3172, 20.1975, 32.4975
19.3382, 20.2177, 32.4979
19.3382, 20.2177, 32.4979
19.3594, 20.238, 32.4983
19.3822, 20.2598, 32.4985
19.3822, 20.2598, 32.4985
19.4033, 20.2798, 32.4984
19.4473, 20.3224, 32.4979
19.4687, 20.3434, 32.4976
19.5138, 20.387, 32.4974
19.5344, 20.407, 32.4972
19.5558, 20.4278, 32.4972
19.5558, 20.4278, 32.4972
19.5785, 20.45, 32.497
19.5785, 20.45, 32.497
19.6223, 20.4926, 32.4963
19.6223, 20.4926, 32.4963
19.6435, 20.513, 32.4959
19.6664, 20.535, 32.4954
19.6874, 20.5554, 32.495
19.7305, 20.5988, 32.4947
19.7498, 20.6181, 32.4949
19.7498, 20.6181, 32.4949
19.7945, 20.6621, 32.4959
19.8167, 20.6843, 32.4967
19.8167, 20.6843, 32.4967
19.8391, 20.7066, 32.4974
19.8584, 20.7258, 32.498
19.8584, 20.7258, 32.498
19.8793, 20.7463, 32.4984
19.9241, 20.7905, 32.4995
19.9241, 20.7905, 32.4995
19.9673, 20.8333, 32.5009
19.9881, 20.8538, 32.5012
19.9881, 20.8538, 32.5012
20.0092, 20.8746, 32.5019
20.0092, 20.8746, 32.5019
20.0317, 20.8966, 32.5023
20.0524, 20.9169, 32.5025
20.0524, 20.9169, 32.5025
20.0964, 20.96, 32.5028
20.1177, 20.9807, 32.5028
20.1177, 20.9807, 32.5028
20.139, 21.0013, 32.5029
20.139, 21.0013, 32.5029
20.1631, 21.0245, 32.503
20.1631, 21.0245, 32.503
20.3349, 21.1895, 32.5052
20.3594, 21.2134, 32.5052
20.3594, 21.2134, 32.5052
20.3808, 21.2343, 32.5054
20.4035, 21.2563, 32.5056
20.4035, 21.2563, 32.5056
20.4248, 21.2768, 32.5059
20.4248, 21.2768, 32.5059
20.446, 21.2973, 32.5062
20.4692, 21.3197, 32.5063
20.4692, 21.3197, 32.5063
20.4909, 21.3406, 32.5064
20.4909, 21.3406, 32.5064
20.5133, 21.3621, 32.5066
20.5343, 21.3823, 32.5069
20.5343, 21.3823, 32.5069
20.5572, 21.4044, 32.5072
20.5572, 21.4044, 32.5072
20.5791, 21.4254, 32.5075
20.5791, 21.4254, 32.5075
20.6015, 21.447, 32.508
20.6015, 21.447, 32.508
20.6236, 21.4683, 32.5083
20.6448, 21.4886, 32.5084
20.6448, 21.4886, 32.5084
20.6672, 21.5101, 32.5085
20.6672, 21.5101, 32.5085
20.6896, 21.5315, 32.5087
20.7107, 21.5517, 32.5089
20.7107, 21.5517, 32.5089
20.7301, 21.5703, 32.5092
20.7301, 21.5703, 32.5092
20.7528, 21.5919, 32.5095
20.7756, 21.6136, 32.5099
20.7756, 21.6136, 32.5099
20.7952, 21.6321, 32.5101
20.7952, 21.6321, 32.5101
20.819, 21.6546, 32.5104
20.84, 21.6745, 32.5105
20.84, 21.6745, 32.5105
20.8611, 21.6944, 32.51
20.8611, 21.6944, 32.51
20.8838, 21.7159, 32.5093
20.9046, 21.7357, 32.5088
20.9046, 21.7357, 32.5088
20.9257, 21.7557, 32.5085
20.9257, 21.7557, 32.5085
20.9482, 21.7772, 32.5084
20.9677, 21.7957, 32.5083
20.9677, 21.7957, 32.5083
20.9901, 21.8172, 32.508
20.9901, 21.8172, 32.508
21.0127, 21.8388, 32.5079
21.032, 21.8573, 32.5077
21.032, 21.8573, 32.5077
21.0547, 21.8788, 32.5076
21.0547, 21.8788, 32.5076
21.0776, 21.9003, 32.5077
21.0988, 21.9203, 32.5079
21.0988, 21.9203, 32.5079
21.1197, 21.9402, 32.5068
21.1197, 21.9402, 32.5068
21.1415, 21.9608, 32.5051
21.1415, 21.9608, 32.5051
21.1645, 21.9823, 32.504
21.1864, 22.0028, 32.5023
21.1864, 22.0028, 32.5023
21.2089, 22.0238, 32.4998
21.2089, 22.0238, 32.4998
21.2303, 22.0437, 32.4972
21.2533, 22.0652, 32.4952
21.2533, 22.0652, 32.4952
21.2745, 22.0853, 32.4937
21.2745, 22.0853, 32.4937
21.2964, 22.1053, 32.4926
21.3197, 22.1265, 32.4918
21.3197, 22.1265, 32.4918
21.3416, 22.1465, 32.4912
21.3416, 22.1465, 32.4912
21.3653, 22.1683, 32.4908
21.3653, 22.1683, 32.4908
21.3871, 22.1883, 32.4904
21.4071, 22.2066, 32.4899
21.4071, 22.2066, 32.4899
21.4302, 22.2276, 32.4898
21.4526, 22.2474, 32.4896
21.4526, 22.2474, 32.4896
21.4772, 22.2699, 32.4898
21.4772, 22.2699, 32.4898
21.499, 22.2897, 32.4899
21.499, 22.2897, 32.4899
21.5209, 22.3095, 32.4896
21.544, 22.3306, 32.4897
21.544, 22.3306, 32.4897
21.5659, 22.3504, 32.4897
21.5659, 22.3504, 32.4897
21.5876, 22.3701, 32.4897
21.6101, 22.3906, 32.4899
21.6101, 22.3906, 32.4899
21.633, 22.4115, 32.4901
21.633, 22.4115, 32.4901
21.6528, 22.4296, 32.4898
21.6754, 22.4503, 32.4896
21.6754, 22.4503, 32.4896
21.6988, 22.4716, 32.4893
21.6988, 22.4716, 32.4893
21.7205, 22.4913, 32.4889
21.7434, 22.5124, 32.4881
21.7434, 22.5124, 32.4881
21.7649, 22.5321, 32.4873
21.7873, 22.5528, 32.4867
21.7873, 22.5528, 32.4867
21.8102, 22.5738, 32.4861
21.8102, 22.5738, 32.4861
21.8325, 22.5942, 32.4858
21.8325, 22.5942, 32.4858
21.8538, 22.6134, 32.4855
21.8538, 22.6134, 32.4855
21.8771, 22.6349, 32.4855
21.8771, 22.6349, 32.4855
21.8989, 22.6549, 32.4857
21.9229, 22.677, 32.4861
21.9229, 22.677, 32.4861
21.9447, 22.6971, 32.4864
21.9447, 22.6971, 32.4864
21.9668, 22.7173, 32.487
21.99, 22.7386, 32.4877
21.99, 22.7386, 32.4877
22.0102, 22.7572, 32.4883
22.0102, 22.7572, 32.4883
22.0351, 22.7804, 32.4892
22.0351, 22.7804, 32.4892
22.0567, 22.8004, 32.4901
22.079, 22.8208, 32.4914
22.079, 22.8208, 32.4914
22.1027, 22.8426, 32.4926
22.1027, 22.8426, 32.4926
22.1231, 22.8613, 32.4934
22.1451, 22.8816, 32.4943
22.1451, 22.8816, 32.4943
22.17, 22.9046, 32.4952
22.17, 22.9046, 32.4952
22.1908, 22.924, 32.496
22.2143, 22.9457, 32.4967
22.2143, 22.9457, 32.4967
22.2368, 22.9661, 32.4975
22.2368, 22.9661, 32.4975
22.2594, 22.9866, 32.4985
22.2815, 23.007, 32.4989
22.2815, 23.007, 32.4989
22.3052, 23.0287, 32.4984
22.3052, 23.0287, 32.4984
22.3268, 23.0486, 32.4977
22.3514, 23.0706, 32.4969
22.3514, 23.0706, 32.4969
22.3757, 23.0923, 32.4965
22.3757, 23.0923, 32.4965
22.3984, 23.1127, 32.4962
22.4225, 23.1344, 32.496
22.4225, 23.1344, 32.496
22.4449, 23.1546, 32.4962
22.4449, 23.1546, 32.4962
22.4655, 23.1732, 32.4964
22.4894, 23.195, 32.4969
22.4894, 23.195, 32.4969
22.5136, 23.2168, 32.4974
22.5136, 23.2168, 32.4974
22.5345, 23.2355, 32.4978
22.5604, 23.259, 32.4984
22.5604, 23.259, 32.4984
22.5803, 23.2773, 32.4988
22.5803, 23.2773, 32.4988
22.606, 23.3007, 32.4994
22.6285, 23.3213, 32.4997
22.6285, 23.3213, 32.4997
22.6525, 23.3435, 32.5
22.6525, 23.3435, 32.5
22.6744, 23.3638, 32.5005
22.6976, 23.3853, 32.501
22.6976, 23.3853, 32.501
22.7202, 23.4064, 32.5014
22.7202, 23.4064, 32.5014
22.7423, 23.4271, 32.502
22.7646, 23.4477, 32.5022
22.7646, 23.4477, 32.5022
22.7864, 23.4679, 32.5023
22.7864, 23.4679, 32.5023
22.8103, 23.4899, 32.5024
22.8103, 23.4899, 32.5024
22.8342, 23.5119, 32.5025
22.8575, 23.5334, 32.5027
22.8575, 23.5334, 32.5027
22.8778, 23.5523, 32.5028
22.8778, 23.5523, 32.5028
22.9007, 23.5734, 32.5027
22.9237, 23.5943, 32.5017
22.9237, 23.5943, 32.5017
22.9466, 23.6153, 32.5011
22.9466, 23.6153, 32.5011
22.9724, 23.6391, 32.5006
22.9724, 23.6391, 32.5006
22.9944, 23.6595, 32.5003
23.0179, 23.6813, 32.4996
23.0179, 23.6813, 32.4996
23.0406, 23.702, 32.4988
23.0406, 23.702, 32.4988
23.063, 23.7223, 32.498
23.0854, 23.7428, 32.497
23.0854, 23.7428, 32.497
23.1086, 23.7642, 32.4963
23.1086, 23.7642, 32.4963
23.1327, 23.7863, 32.4951
23.1547, 23.8067, 32.4936
23.1547, 23.8067, 32.4936
23.1768, 23.8265, 32.4922
23.1768, 23.8265, 32.4922
23.2009, 23.8484, 32.4897
23.2232, 23.8688, 32.4873
23.2232, 23.8688, 32.4873
23.2446, 23.8883, 32.4851
23.2446, 23.8883, 32.4851
23.2702, 23.9117, 32.4829
23.2922, 23.932, 32.4813
23.2922, 23.932, 32.4813
23.3145, 23.9523, 32.4802
23.3145, 23.9523, 32.4802
23.339, 23.9744, 32.4777
23.3629, 23.9963, 32.4761
23.3629, 23.9963, 32.4761
23.3835, 24.015, 32.4746
23.3835, 24.015, 32.4746
23.4073, 24.037, 32.4734
23.4298, 24.0575, 32.4717
23.4298, 24.0575, 32.4717
23.4525, 24.0777, 32.4704
23.4525, 24.0777, 32.4704
23.4767, 24.0997, 32.4694
23.5007, 24.1215, 32.4686
23.5007, 24.1215, 32.4686
23.5231, 24.1419, 32.468
23.5231, 24.1419, 32.468
23.5437, 24.1607, 32.4674
23.5675, 24.1825, 32.4671
23.5675, 24.1825, 32.4671
23.5933, 24.2057, 32.4664
23.5933, 24.2057, 32.4664
23.6142, 24.2245, 32.466
23.6142, 24.2245, 32.466
23.6394, 24.2471, 32.4658
23.661, 24.2667, 32.4657
23.661, 24.2667, 32.4657
23.6831, 24.2868, 32.4658
23.6831, 24.2868, 32.4658
23.7053, 24.307, 32.466
23.7296, 24.3289, 32.4666
23.7296, 24.3289, 32.4666
23.7521, 24.3492, 32.4673
23.7521, 24.3492, 32.4673
23.7767, 24.3715, 32.4682
23.7982, 24.391, 32.4692
23.7982, 24.391, 32.4692
23.8204, 24.4111, 32.4701
23.8204, 24.4111, 32.4701
23.842, 24.4307, 32.471
23.8664, 24.4527, 32.4718
23.8664, 24.4527, 32.4718
23.8904, 24.4745, 32.4724
23.8904, 24.4745, 32.4724
23.9125, 24.4947, 32.4728
23.934, 24.5143, 32.4733
23.934, 24.5143, 32.4733
23.9557, 24.5341, 32.4739
23.9557, 24.5341, 32.4739
23.9791, 24.5557, 32.4746
24.0025, 24.5776, 32.4752
24.0025, 24.5776, 32.4752
24.0265, 24.6, 32.4756
24.0265, 24.6, 32.4756
24.0484, 24.6205, 32.4761
24.0721, 24.6426, 32.4768
24.0721, 24.6426, 32.4768
24.0941, 24.6632, 32.4775
24.0941, 24.6632, 32.4775
24.1178, 24.6853, 32.4778
24.1385, 24.7047, 32.4771
24.1385, 24.7047, 32.4771
24.1639, 24.7283, 32.4769
24.1639, 24.7283, 32.4769
24.1857, 24.7487, 32.4769
24.2073, 24.7689, 32.4767
24.2073, 24.7689, 32.4767
24.2307, 24.7907, 32.4768
24.2307, 24.7907, 32.4768
24.2527, 24.8108, 32.4771
24.2749, 24.8309, 32.4771
24.2749, 24.8309, 32.4771
24.297, 24.851, 32.4771
24.297, 24.851, 32.4771
24.3192, 24.8711, 32.4768
24.3192, 24.8711, 32.4768
24.3448, 24.8943, 32.4766
24.3649, 24.9127, 32.4766
24.3649, 24.9127, 32.4766
24.3885, 24.9341, 32.4766
24.3885, 24.9341, 32.4766
24.4108, 24.9543, 32.4766
24.4367, 24.9778, 32.4764
24.4367, 24.9778, 32.4764
24.4573, 24.9964, 32.4767
24.4573, 24.9964, 32.4767
24.4812, 25.018, 32.4769
24.5018, 25.0365, 32.477
24.5018, 25.0365, 32.477
24.5258, 25.0581, 32.477
24.5258, 25.0581, 32.477
24.5499, 25.0796, 32.4769
24.5724, 25.0997, 32.4772
24.5724, 25.0997, 32.4772
24.5961, 25.1209, 32.4775
24.6178, 25.1403, 32.478
24.6178, 25.1403, 32.478
24.6428, 25.1627, 32.4785
24.6428, 25.1627, 32.4785
24.6646, 25.1823, 32.4791
24.6646, 25.1823, 32.4791
24.6877, 25.2033, 32.4794
24.6877, 25.2033, 32.4794
24.7099, 25.2233, 32.4797
24.7302, 25.2418, 32.48
24.7302, 25.2418, 32.48
24.7556, 25.2649, 32.4803
24.7556, 25.2649, 32.4803
24.7787, 25.2859, 32.4805
24.8008, 25.3061, 32.4808
24.8008, 25.3061, 32.4808
24.8208, 25.3245, 32.4807
24.8442, 25.3458, 32.4807
24.8442, 25.3458, 32.4807
24.8671, 25.3667, 32.4806
24.8671, 25.3667, 32.4806
24.8902, 25.3878, 32.4806
24.8902, 25.3878, 32.4806
24.9132, 25.4088, 32.4808
24.9132, 25.4088, 32.4808
24.9372, 25.4307, 32.481
24.9594, 25.4511, 32.4813
24.9594, 25.4511, 32.4813
24.9833, 25.4728, 32.4814
24.9833, 25.4728, 32.4814
25.0053, 25.4929, 32.4815
25.0275, 25.513, 32.4816
25.0275, 25.513, 32.4816
25.0494, 25.5329, 32.482
25.0494, 25.5329, 32.482
25.0734, 25.5547, 32.4823
25.0734, 25.5547, 32.4823
25.0938, 25.5731, 32.4824
25.1194, 25.5963, 32.4819
25.1194, 25.5963, 32.4819
25.1399, 25.6148, 32.4819
25.1399, 25.6148, 32.4819
25.1637, 25.6363, 32.4817
25.1876, 25.6577, 32.4814
25.1876, 25.6577, 32.4814
25.2082, 25.6767, 32.4811
25.2082, 25.6767, 32.4811
25.2319, 25.6985, 32.4811
25.2554, 25.7202, 32.4812
25.2554, 25.7202, 32.4812
25.2774, 25.7404, 32.4816
25.2774, 25.7404, 32.4816
25.3011, 25.7618, 32.4818
25.3228, 25.7818, 32.482
25.3228, 25.7818, 32.482
25.3454, 25.803, 32.4824
25.3454, 25.803, 32.4824
25.3671, 25.8233, 32.482
25.3671, 25.8233, 32.482
25.3881, 25.843, 32.4817
25.4114, 25.8649, 32.4815
25.4114, 25.8649, 32.4815
25.4332, 25.8851, 32.4815
25.4567, 25.9069, 32.4819
25.4567, 25.9069, 32.4819
25.4782, 25.9272, 32.4822
25.4782, 25.9272, 32.4822
25.5015, 25.949, 32.4827
25.5015, 25.949, 32.4827
25.5239, 25.9701, 32.483
25.5458, 25.9904, 32.4834
25.5458, 25.9904, 32.4834
25.5659, 26.0089, 32.4837
25.5659, 26.0089, 32.4837
25.5893, 26.0305, 32.4843
25.6112, 26.051, 32.4848
25.6112, 26.051, 32.4848
25.6362, 26.0745, 32.485
25.6362, 26.0745, 32.485
25.6579, 26.0946, 32.4851
25.6809, 26.1159, 32.4854
25.6809, 26.1159, 32.4854
25.7035, 26.1368, 32.4858
25.7035, 26.1368, 32.4858
25.7254, 26.1579, 32.4854
25.7254, 26.1579, 32.4854
25.745, 26.1763, 32.4853
25.745, 26.1763, 32.4853
25.7702, 26.1998, 32.4852
25.7901, 26.2186, 32.4851
25.7901, 26.2186, 32.4851
25.8151, 26.2417, 32.4853
25.8151, 26.2417, 32.4853
25.8352, 26.2604, 32.4854
25.8585, 26.2821, 32.4855
25.8585, 26.2821, 32.4855
25.8811, 26.3045, 32.4859
25.8811, 26.3045, 32.4859
25.9034, 26.3259, 32.4863
25.9249, 26.3464, 32.4867
25.9249, 26.3464, 32.4867
25.9465, 26.3669, 32.4871
25.9465, 26.3669, 32.4871
25.9689, 26.3879, 32.4877
25.9689, 26.3879, 32.4877
25.9905, 26.4086, 32.4884
26.0132, 26.4302, 32.4891
26.0132, 26.4302, 32.4891
26.0347, 26.4506, 32.4898
26.0561, 26.4708, 32.4905
26.0561, 26.4708, 32.4905
26.0794, 26.4928, 32.4913
26.0794, 26.4928, 32.4913
26.1025, 26.5141, 32.492
26.1025, 26.5141, 32.492
26.1235, 26.5343, 32.4926
26.1448, 26.555, 32.4925
26.1448, 26.555, 32.4925
26.166, 26.5757, 32.4923
26.166, 26.5757, 32.4923
26.1905, 26.5986, 32.4921
26.2103, 26.617, 32.4918
26.2103, 26.617, 32.4918
26.2334, 26.6384, 32.4915
26.2334, 26.6384, 32.4915
26.2547, 26.6589, 32.4908
26.2754, 26.6798, 32.4896
26.2754, 26.6798, 32.4896
26.2981, 26.7016, 32.489
26.2981, 26.7016, 32.489
26.3207, 26.7236, 32.4884
26.3437, 26.7453, 32.4882
26.3437, 26.7453, 32.4882
26.3652, 26.7655, 32.488
26.3652, 26.7655, 32.488
26.386, 26.7861, 32.488
26.4069, 26.8066, 32.4879
26.4069, 26.8066, 32.4879
26.4293, 26.8286, 32.4879
26.4293, 26.8286, 32.4879
26.4491, 26.8471, 32.4878
26.4704, 26.867, 32.4876
26.4704, 26.867, 32.4876
26.4951, 26.8901, 32.486
26.4951, 26.8901, 32.486
26.5183, 26.9112, 32.4849
26.54, 26.931, 32.4838
26.54, 26.931, 32.4838
26.5602, 26.9494, 32.4825
26.5602, 26.9494, 32.4825
26.5836, 26.9724, 32.4812
26.6042, 26.9924, 32.4805
26.6042, 26.9924, 32.4805
26.6266, 27.0139, 32.4801
26.6266, 27.0139, 32.4801
26.6458, 27.0323, 32.4799
26.6684, 27.0535, 32.48
26.6684, 27.0535, 32.48
26.69, 27.0741, 32.4803
26.69, 27.0741, 32.4803
26.7078, 27.0922, 32.4807
26.7293, 27.1132, 32.481
26.7293, 27.1132, 32.481
26.7511, 27.1343, 32.4813
26.7511, 27.1343, 32.4813
26.7727, 27.1554, 32.4815
26.7727, 27.1554, 32.4815
26.7933, 27.1744, 32.482
26.8137, 27.1939, 32.4822
26.8137, 27.1939, 32.4822
26.8319, 27.2125, 32.4825
26.8319, 27.2125, 32.4825
26.8536, 27.2337, 32.4827
26.8744, 27.2538, 32.4829
26.8744, 27.2538, 32.4829
26.897, 27.2748, 32.4832
26.897, 27.2748, 32.4832
26.9153, 27.2929, 32.4832
26.9391, 27.3154, 32.4832
26.9391, 27.3154, 32.4832
26.9573, 27.3334, 32.4833
26.9573, 27.3334, 32.4833
26.9781, 27.3541, 32.4832
26.999, 27.3753, 32.4831
26.999, 27.3753, 32.4831
27.0175, 27.3934, 32.4831
27.0175, 27.3934, 32.4831
27.0413, 27.4159, 32.4832
27.0619, 27.4353, 32.4831
27.0619, 27.4353, 32.4831
27.0821, 27.4564, 32.4832
27.0821, 27.4564, 32.4832
27.1017, 27.4758, 32.4834
27.1199, 27.4937, 32.4837
27.1199, 27.4937, 32.4837
27.1416, 27.5143, 32.4838
27.1416, 27.5143, 32.4838
27.1627, 27.5342, 32.4838
27.1842, 27.555, 32.4838
27.1842, 27.555, 32.4838
27.2032, 27.5743, 32.4838
27.2032, 27.5743, 32.4838
27.2245, 27.5954, 32.4835
27.2245, 27.5954, 32.4835
27.2444, 27.615, 32.4827
27.2638, 27.6338, 32.482
27.2638, 27.6338, 32.482
27.2855, 27.6549, 32.4807
27.2855, 27.6549, 32.4807
27.3059, 27.6744, 32.4799
27.325, 27.6939, 32.4793
27.325, 27.6939, 32.4793
27.3481, 27.7165, 32.4788
27.3481, 27.7165, 32.4788
27.3663, 27.7346, 32.4784
27.3882, 27.7556, 32.4782
27.3882, 27.7556, 32.4782
27.4082, 27.7753, 32.4781
27.4082, 27.7753, 32.4781
27.4293, 27.7945, 32.4785
27.4479, 27.8143, 32.4785
27.4479, 27.8143, 32.4785
27.4692, 27.8353, 32.4785
27.4692, 27.8353, 32.4785
27.491, 27.8563, 32.4785
27.5097, 27.8743, 32.4784
27.5097, 27.8743, 32.4784
27.5331, 27.8967, 32.4782
27.5331, 27.8967, 32.4782
27.5521, 27.9148, 32.4781
27.5745, 27.9366, 32.4773
27.5745, 27.9366, 32.4773
27.5956, 27.9577, 32.473
27.5956, 27.9577, 32.473
27.6148, 27.9756, 32.4706
27.6353, 27.9949, 32.4677
27.6353, 27.9949, 32.4677
27.6574, 28.0153, 32.4652
27.6574, 28.0153, 32.4652
27.6802, 28.0359, 32.4633
27.6995, 28.0562, 32.461
27.6995, 28.0562, 32.461
27.7214, 28.0775, 32.46
27.7214, 28.0775, 32.46
27.7399, 28.0957, 32.4592
27.7639, 28.1182, 32.459
27.7639, 28.1182, 32.459
27.7844, 28.1379, 32.4585
27.7844, 28.1379, 32.4585
27.803, 28.1553, 32.4587
27.803, 28.1553, 32.4587
27.8247, 28.1778, 32.4588
27.8465, 28.199, 32.4592
27.8465, 28.199, 32.4592
27.867, 28.2189, 32.4595
27.867, 28.2189, 32.4595
27.886, 28.2371, 32.4597
27.9105, 28.2595, 32.4604
27.9105, 28.2595, 32.4604
27.9296, 28.2777, 32.4601
27.9296, 28.2777, 32.4601
27.9525, 28.3012, 32.4601
27.9728, 28.3212, 32.4604
27.9728, 28.3212, 32.4604
27.9933, 28.341, 32.4608
28.0141, 28.3608, 32.4614
28.0141, 28.3608, 32.4614
28.0363, 28.3815, 32.4622
28.0363, 28.3815, 32.4622
28.0569, 28.4011, 32.463
28.0569, 28.4011, 32.463
28.0778, 28.4233, 32.4638
28.098, 28.4434, 32.4647
28.098, 28.4434, 32.4647
28.1185, 28.4634, 32.4654
28.1185, 28.4634, 32.4654
28.1408, 28.4846, 32.4661
28.1617, 28.5044, 32.4665
28.1617, 28.5044, 32.4665
28.1832, 28.5259, 32.4668
28.1832, 28.5259, 32.4668
28.2048, 28.5475, 32.4673
28.2254, 28.5679, 32.4677
28.2254, 28.5679, 32.4677
28.2462, 28.5881, 32.4683
28.2689, 28.6103, 32.4689
28.2914, 28.6312, 32.4697
28.2914, 28.6312, 32.4697
28.3118, 28.6517, 32.4703
28.3118, 28.6517, 32.4703
28.3324, 28.6724, 32.4707
28.3528, 28.6926, 32.4705
28.3528, 28.6926, 32.4705
28.3734, 28.7125, 32.4702
28.3734, 28.7125, 32.4702
28.3941, 28.7322, 32.4699
28.417, 28.7533, 32.4697
28.417, 28.7533, 32.4697
28.4379, 28.7733, 32.4693
28.4379, 28.7733, 32.4693
28.4614, 28.7966, 32.4689
28.4614, 28.7966, 32.4689
28.4821, 28.8165, 32.4686
28.5014, 28.8349, 32.4683
28.5014, 28.8349, 32.4683
28.5242, 28.856, 32.4681
28.5454, 28.8754, 32.4678
28.5454, 28.8754, 32.4678
28.5662, 28.8953, 32.4675
28.5662, 28.8953, 32.4675
28.5897, 28.9186, 32.4673
28.6105, 28.9385, 32.4672
28.6105, 28.9385, 32.4672
28.6297, 28.9568, 32.4672
28.6297, 28.9568, 32.4672
28.6525, 28.9777, 32.4674
28.6525, 28.9777, 32.4674
28.6737, 28.997, 32.4674
28.6959, 29.0184, 32.4677
28.6959, 29.0184, 32.4677
28.7147, 29.0371, 32.4672
28.7384, 29.0601, 32.4664
28.7384, 29.0601, 32.4664
28.7575, 29.0782, 32.4647
28.7575, 29.0782, 32.4647
28.7817, 29.1001, 32.4631
28.7817, 29.1001, 32.4631
28.8014, 29.118, 32.4616
28.825, 29.1414, 32.4601
28.825, 29.1414, 32.4601
28.8457, 29.1614, 32.4593
28.8457, 29.1614, 32.4593
28.8662, 29.1809, 32.4587
28.8873, 29.2005, 32.4582
28.8873, 29.2005, 32.4582
28.9102, 29.2211, 32.4578
28.9102, 29.2211, 32.4578
28.9299, 29.239, 32.4573
28.9518, 29.2609, 32.4568
28.9518, 29.2609, 32.4568
28.9726, 29.2808, 32.4569
28.9726, 29.2808, 32.4569
28.9939, 29.3002, 32.4575
29.0182, 29.3229, 32.4577
29.0182, 29.3229, 32.4577
29.0408, 29.3439, 32.4581
29.0408, 29.3439, 32.4581
29.0623, 29.3631, 32.4585
29.0828, 29.3826, 32.4588
29.0828, 29.3826, 32.4588
29.1038, 29.4026, 32.4594
29.1038, 29.4026, 32.4594
29.1269, 29.4237, 32.4603
29.1483, 29.4432, 32.4612
29.1483, 29.4432, 32.4612
29.1695, 29.4622, 32.4617
