-0.0730088, -0.032906, 12.5614
-0.0733848, -0.0343561, 12.5611
-0.0733848, -0.0343561, 12.5611
-0.0733946, -0.0354539, 12.5606
-0.0733946, -0.0354539, 12.5606
-0.0732961, -0.036406, 12.5603
-0.0732407, -0.0373117, 12.5605
-0.0732407, -0.0373117, 12.5605
-0.0730201, -0.0381799, 12.5612
-0.0730201, -0.0381799, 12.5612
-0.072231, -0.0383005, 12.5614
-0.072231, -0.0383005, 12.5614
-0.0720867, -0.039056, 12.5616
-0.0714711, -0.0392528, 12.5617
-0.0714711, -0.0392528, 12.5617
-0.069947, -0.0384905, 12.5617
-0.069947, -0.0384905, 12.5617
-0.0681925, -0.037509, 12.5621
-0.0648544, -0.034861, 12.5619
-0.0648544, -0.034861, 12.5619
-0.0612059, -0.0317665, 12.5615
-0.0612059, -0.0317665, 12.5615
-0.0577674, -0.028984, 12.5613
-0.0535787, -0.0253141, 12.5606
-0.0535787, -0.0253141, 12.5606
-0.0480436, -0.0203534, 12.5594
-0.0480436, -0.0203534, 12.5594
-0.0421064, -0.0150581, 12.5586
-0.0351797, -0.00866966, 12.5577
-0.0351797, -0.00866966, 12.5577
-0.0294545, -0.00351968, 12.5571
-0.0294545, -0.00351968, 12.5571
-0.0230479, 0.00205013, 12.5562
-0.0230479, 0.00205013, 12.5562
-0.0164234, 0.00792134, 12.5555
-0.00776615, 0.015841, 12.5544
-0.00776615, 0.015841, 12.5544
-0.00048459, 0.0224065, 12.5537
-0.00048459, 0.0224065, 12.5537
0.00846409, 0.0307516, 12.5528
0.0159865, 0.037688, 12.5521
0.0159865, 0.037688, 12.5521
0.0244565, 0.0454671, 12.5513
0.0244565, 0.0454671, 12.5513
0.0323711, 0.0528472, 12.5503
0.04123, 0.0609557, 12.5497
0.04123, 0.0609557, 12.5497
0.0509073, 0.0700678, 12.549
0.0509073, 0.0700678, 12.549
0.060608, 0.0791853, 12.5487
0.07023, 0.0884152, 12.5481
0.07023, 0.0884152, 12.5481
0.0785385, 0.0959737, 12.5481
0.0785385, 0.0959737, 12.5481
0.0877443, 0.10464, 12.5471
0.159515, 0.17202, 12.5423
0.159515, 0.17202, 12.5423
0.170064, 0.181872, 12.5419
0.170064, 0.181872, 12.5419
0.180811, 0.191987, 12.5417
0.192147, 0.202252, 12.542
0.192147, 0.202252, 12.542
0.202771, 0.211722, 12.5418
0.202771, 0.211722, 12.5418
0.214469, 0.222335, 12.5416
0.225219, 0.231815, 12.5418
0.225219, 0.231815, 12.5418
0.23642, 0.242069, 12.5414
0.23642, 0.242069, 12.5414
0.249181, 0.253739, 12.5411
0.260036, 0.263575, 12.5406
0.260036, 0.263575, 12.5406
0.271173, 0.273702, 12.5399
0.271173, 0.273702, 12.5399
0.282947, 0.284628, 12.5392
0.282947, 0.284628, 12.5392
0.295322, 0.296217, 12.5383
0.306049, 0.306066, 12.5378
0.306049, 0.306066, 12.5378
0.317677, 0.317077, 12.537
0.317677, 0.317077, 12.537
0.329343, 0.328185, 12.5361
0.342699, 0.340722, 12.5352
0.342699, 0.340722, 12.5352
0.353307, 0.350601, 12.5348
0.353307, 0.350601, 12.5348
0.366049, 0.362642, 12.534
0.377829, 0.37372, 12.5331
0.377829, 0.37372, 12.5331
0.389949, 0.385161, 12.5325
0.389949, 0.385161, 12.5325
0.403819, 0.397923, 12.5322
0.414867, 0.407986, 12.5321
0.414867, 0.407986, 12.5321
0.427988, 0.420216, 12.532
0.427988, 0.420216, 12.532
0.441181, 0.432593, 12.532
0.441181, 0.432593, 12.532
0.452586, 0.443244, 12.5322
0.466267, 0.456036, 12.5327
0.466267, 0.456036, 12.5327
0.479272, 0.46794, 12.5329
0.479272, 0.46794, 12.5329
0.492121, 0.479607, 12.5331
0.505521, 0.491618, 12.5337
0.505521, 0.491618, 12.5337
0.518083, 0.503301, 12.5335
0.518083, 0.503301, 12.5335
0.53091, 0.515083, 12.5336
0.543499, 0.52653, 12.5338
0.543499, 0.52653, 12.5338
0.557678, 0.539165, 12.5338
0.557678, 0.539165, 12.5338
0.571526, 0.551719, 12.5337
0.571526, 0.551719, 12.5337
0.583634, 0.562639, 12.5336
0.597773, 0.575589, 12.5334
0.597773, 0.575589, 12.5334
0.61188, 0.588581, 12.5332
0.61188, 0.588581, 12.5332
0.625168, 0.600959, 12.5328
0.638956, 0.612936, 12.5331
0.638956, 0.612936, 12.5331
0.653193, 0.625824, 12.5326
0.653193, 0.625824, 12.5326
0.665226, 0.636882, 12.532
0.665226, 0.636882, 12.532
0.679012, 0.649522, 12.5312
0.693836, 0.663255, 12.5303
0.693836, 0.663255, 12.5303
0.707192, 0.675656, 12.5294
0.707192, 0.675656, 12.5294
0.721052, 0.688542, 12.528
0.721052, 0.688542, 12.528
0.733132, 0.699898, 12.5267
0.748083, 0.713959, 12.5252
0.748083, 0.713959, 12.5252
0.761268, 0.726483, 12.5242
0.761268, 0.726483, 12.5242
0.774243, 0.738756, 12.5231
0.78945, 0.753051, 12.5215
0.78945, 0.753051, 12.5215
0.802599, 0.765387, 12.5202
0.802599, 0.765387, 12.5202
0.816252, 0.77827, 12.5191
0.830349, 0.791526, 12.518
0.830349, 0.791526, 12.518
0.842951, 0.80334, 12.5172
0.842951, 0.80334, 12.5172
0.859773, 0.819148, 12.5162
0.872156, 0.831021, 12.5155
0.872156, 0.831021, 12.5155
0.886696, 0.845061, 12.5148
0.886696, 0.845061, 12.5148
0.900189, 0.85803, 12.5144
0.913867, 0.87119, 12.514
0.913867, 0.87119, 12.514
0.928711, 0.885474, 12.5135
0.928711, 0.885474, 12.5135
0.94239, 0.898617, 12.5125
0.957041, 0.912665, 12.5115
0.957041, 0.912665, 12.5115
0.969639, 0.924641, 12.5108
0.969639, 0.924641, 12.5108
0.984384, 0.938706, 12.5099
0.998839, 0.952502, 12.5088
0.998839, 0.952502, 12.5088
1.01277, 0.965787, 12.5077
1.01277, 0.965787, 12.5077
1.02881, 0.981133, 12.5066
1.02881, 0.981133, 12.5066
1.04291, 0.994608, 12.506
1.05793, 1.00894, 12.5055
1.05793, 1.00894, 12.5055
1.071, 1.02137, 12.5052
1.071, 1.02137, 12.5052
1.08686, 1.03639, 12.5051
1.08686, 1.03639, 12.5051
1.10117, 1.04989, 12.5051
1.11559, 1.06349, 12.5053
1.11559, 1.06349, 12.5053
1.13098, 1.07812, 12.504
1.13098, 1.07812, 12.504
1.14522, 1.09189, 12.5018
1.16087, 1.10686, 12.5003
1.16087, 1.10686, 12.5003
1.1742, 1.11959, 12.499
1.1742, 1.11959, 12.499
1.18981, 1.13439, 12.4979
1.20476, 1.14856, 12.4966
1.20476, 1.14856, 12.4966
1.22007, 1.16365, 12.4954
1.22007, 1.16365, 12.4954
1.23436, 1.17767, 12.4946
1.24866, 1.19162, 12.4939
1.24866, 1.19162, 12.4939
1.26478, 1.20732, 12.4925
1.26478, 1.20732, 12.4925
1.27823, 1.2202, 12.4918
1.27823, 1.2202, 12.4918
1.2941, 1.2354, 12.4908
1.30862, 1.24991, 12.4899
1.30862, 1.24991, 12.4899
1.32289, 1.26408, 12.4889
1.32289, 1.26408, 12.4889
1.3387, 1.27962, 12.4881
1.35434, 1.2951, 12.4876
1.35434, 1.2951, 12.4876
1.36834, 1.30879, 12.4876
1.36834, 1.30879, 12.4876
1.38437, 1.32431, 12.4878
1.39762, 1.33813, 12.4881
1.39762, 1.33813, 12.4881
1.4144, 1.3551, 12.4885
1.4144, 1.3551, 12.4885
1.42887, 1.37014, 12.4889
1.44469, 1.38596, 12.4894
1.44469, 1.38596, 12.4894
1.45825, 1.39958, 12.4898
1.45825, 1.39958, 12.4898
1.47427, 1.41557, 12.4902
1.47427, 1.41557, 12.4902
1.49048, 1.43235, 12.4897
1.50682, 1.44878, 12.4889
1.50682, 1.44878, 12.4889
1.52159, 1.46373, 12.4881
1.52159, 1.46373, 12.4881
1.53717, 1.47931, 12.4874
1.55355, 1.49553, 12.4868
1.55355, 1.49553, 12.4868
1.56877, 1.51075, 12.4861
1.56877, 1.51075, 12.4861
1.584, 1.5264, 12.4855
1.60031, 1.54325, 12.4846
1.60031, 1.54325, 12.4846
1.61443, 1.5576, 12.484
1.61443, 1.5576, 12.484
1.62998, 1.57317, 12.4833
1.64756, 1.59053, 12.4828
1.64756, 1.59053, 12.4828
1.6627, 1.60612, 12.482
1.6627, 1.60612, 12.482
1.67761, 1.62195, 12.4809
1.69262, 1.6381, 12.4798
1.69262, 1.6381, 12.4798
1.70897, 1.65503, 12.4791
1.70897, 1.65503, 12.4791
1.72419, 1.67081, 12.4784
1.74065, 1.68794, 12.4776
1.74065, 1.68794, 12.4776
1.75592, 1.7035, 12.4773
1.75592, 1.7035, 12.4773
1.77251, 1.72018, 12.4772
1.78866, 1.73636, 12.4772
1.78866, 1.73636, 12.4772
1.8024, 1.7505, 12.4773
1.8024, 1.7505, 12.4773
1.81855, 1.76708, 12.4775
1.81855, 1.76708, 12.4775
1.83322, 1.78213, 12.4777
1.84942, 1.79874, 12.4781
1.84942, 1.79874, 12.4781
1.8645, 1.81391, 12.4786
1.8645, 1.81391, 12.4786
1.8805, 1.83004, 12.4794
1.89634, 1.84645, 12.4804
1.89634, 1.84645, 12.4804
1.91249, 1.86298, 12.4814
1.91249, 1.86298, 12.4814
1.92609, 1.87698, 12.4822
1.92609, 1.87698, 12.4822
1.94116, 1.89228, 12.4831
1.95862, 1.9097, 12.4842
1.95862, 1.9097, 12.4842
1.97271, 1.92362, 12.485
1.97271, 1.92362, 12.485
1.98974, 1.94108, 12.4864
2.00319, 1.95489, 12.4874
2.00319, 1.95489, 12.4874
2.01895, 1.97146, 12.4888
2.01895, 1.97146, 12.4888
2.03497, 1.98808, 12.4899
2.04994, 2.00328, 12.4903
2.04994, 2.00328, 12.4903
2.06519, 2.01863, 12.4907
2.06519, 2.01863, 12.4907
2.08093, 2.0356, 12.4911
2.09661, 2.05232, 12.4915
2.09661, 2.05232, 12.4915
2.11145, 2.06808, 12.4919
2.11145, 2.06808, 12.4919
2.12637, 2.08373, 12.4924
2.14158, 2.09948, 12.4929
2.14158, 2.09948, 12.4929
2.15807, 2.11655, 12.4929
2.15807, 2.11655, 12.4929
2.1737, 2.13364, 12.4929
2.18843, 2.14962, 12.493
2.18843, 2.14962, 12.493
2.20341, 2.16562, 12.4932
2.20341, 2.16562, 12.4932
2.21983, 2.18277, 12.4936
2.23394, 2.19753, 12.494
2.23394, 2.19753, 12.494
2.25049, 2.21476, 12.4942
2.25049, 2.21476, 12.4942
2.26663, 2.2325, 12.4942
2.28185, 2.24907, 12.4943
2.28185, 2.24907, 12.4943
2.29705, 2.26537, 12.4944
2.29705, 2.26537, 12.4944
2.31124, 2.2805, 12.4944
2.32755, 2.29783, 12.4946
2.32755, 2.29783, 12.4946
2.34527, 2.31655, 12.4948
2.34527, 2.31655, 12.4948
2.3607, 2.33293, 12.4949
2.37583, 2.34948, 12.4951
2.37583, 2.34948, 12.4951
2.39103, 2.36586, 12.495
2.39103, 2.36586, 12.495
2.40751, 2.38326, 12.4949
2.40751, 2.38326, 12.4949
2.42399, 2.40091, 12.4949
2.43971, 2.41717, 12.495
2.43971, 2.41717, 12.495
2.45463, 2.43402, 12.4952
2.45463, 2.43402, 12.4952
2.46965, 2.45075, 12.4952
2.48529, 2.46838, 12.4944
2.48529, 2.46838, 12.4944
2.50075, 2.48452, 12.4939
2.50075, 2.48452, 12.4939
2.51703, 2.50177, 12.4934
2.53374, 2.5192, 12.4928
2.53374, 2.5192, 12.4928
2.54759, 2.53468, 12.4921
2.54759, 2.53468, 12.4921
2.56389, 2.55311, 12.4912
2.57925, 2.56976, 12.4907
2.57925, 2.56976, 12.4907
2.5949, 2.5864, 12.4903
2.5949, 2.5864, 12.4903
2.61324, 2.60529, 12.4895
2.62906, 2.62158, 12.4889
2.62906, 2.62158, 12.4889
2.64426, 2.63868, 12.4884
2.64426, 2.63868, 12.4884
2.6608, 2.65739, 12.4881
2.67523, 2.67256, 12.488
2.67523, 2.67256, 12.488
2.69282, 2.69151, 12.488
2.69282, 2.69151, 12.488
2.70831, 2.7078, 12.4882
2.72436, 2.7253, 12.4882
2.72436, 2.7253, 12.4882
2.74152, 2.74451, 12.4877
2.74152, 2.74451, 12.4877
2.75847, 2.7632, 12.4872
2.75847, 2.7632, 12.4872
2.77299, 2.77935, 12.4867
2.78875, 2.79643, 12.4861
2.78875, 2.79643, 12.4861
2.80691, 2.81597, 12.4854
2.80691, 2.81597, 12.4854
2.82408, 2.83427, 12.485
2.83843, 2.85073, 12.4844
2.83843, 2.85073, 12.4844
2.85428, 2.86833, 12.4838
2.85428, 2.86833, 12.4838
2.87226, 2.88773, 12.4832
2.88819, 2.90497, 12.4827
2.88819, 2.90497, 12.4827
2.90543, 2.92365, 12.4822
2.90543, 2.92365, 12.4822
2.92145, 2.9409, 12.4814
2.93856, 2.96016, 12.4809
2.93856, 2.96016, 12.4809
2.95515, 2.97868, 12.4805
2.95515, 2.97868, 12.4805
2.97016, 2.99538, 12.4803
2.98738, 3.01443, 12.4801
2.98738, 3.01443, 12.4801
3.00497, 3.03306, 12.4802
3.00497, 3.03306, 12.4802
3.02017, 3.04919, 12.4804
3.02017, 3.04919, 12.4804
3.03727, 3.06917, 12.4805
3.05352, 3.08727, 12.4808
3.05352, 3.08727, 12.4808
3.06946, 3.10481, 12.4805
3.06946, 3.10481, 12.4805
3.08944, 3.12598, 12.4805
3.1059, 3.14402, 12.4801
3.1059, 3.14402, 12.4801
3.12096, 3.16112, 12.48
3.13841, 3.18057, 12.4801
3.13841, 3.18057, 12.4801
3.15531, 3.19915, 12.4803
3.15531, 3.19915, 12.4803
3.17179, 3.21706, 12.4804
3.17179, 3.21706, 12.4804
3.18982, 3.23617, 12.4807
3.20785, 3.25538, 12.4808
3.20785, 3.25538, 12.4808
3.22317, 3.27224, 12.4811
3.22317, 3.27224, 12.4811
3.23967, 3.29078, 12.4815
3.25765, 3.31051, 12.482
3.25765, 3.31051, 12.482
3.27419, 3.32864, 12.4827
3.27419, 3.32864, 12.4827
3.29183, 3.34764, 12.4834
3.31056, 3.3679, 12.4842
3.31056, 3.3679, 12.4842
3.32779, 3.38667, 12.4849
3.32779, 3.38667, 12.4849
3.34448, 3.40593, 12.4856
3.36, 3.42265, 12.4861
3.36, 3.42265, 12.4861
3.37984, 3.44388, 12.4865
3.37984, 3.44388, 12.4865
3.39475, 3.46007, 12.4865
3.39475, 3.46007, 12.4865
3.41297, 3.47923, 12.4864
3.41297, 3.47923, 12.4864
3.43084, 3.49893, 12.4864
3.44758, 3.5183, 12.4865
3.44758, 3.5183, 12.4865
3.46711, 3.54, 12.4858
3.46711, 3.54, 12.4858
3.48421, 3.5585, 12.4854
3.50015, 3.57521, 12.4845
3.50015, 3.57521, 12.4845
3.51964, 3.59631, 12.4812
3.51964, 3.59631, 12.4812
3.5364, 3.61505, 12.4779
3.55336, 3.6337, 12.4752
3.55336, 3.6337, 12.4752
3.57043, 3.6522, 12.4731
3.57043, 3.6522, 12.4731
3.58885, 3.67178, 12.4716
3.58885, 3.67178, 12.4716
3.60738, 3.69126, 12.4706
3.62465, 3.70971, 12.4689
3.62465, 3.70971, 12.4689
3.64152, 3.72842, 12.468
3.64152, 3.72842, 12.468
3.65873, 3.74721, 12.4674
3.67741, 3.76725, 12.4669
3.67741, 3.76725, 12.4669
3.69472, 3.78571, 12.4663
3.69472, 3.78571, 12.4663
3.71335, 3.80525, 12.4661
3.73083, 3.82379, 12.4657
3.73083, 3.82379, 12.4657
3.74805, 3.84274, 12.4657
3.76671, 3.8629, 12.4659
3.76671, 3.8629, 12.4659
3.78408, 3.88161, 12.4661
3.78408, 3.88161, 12.4661
3.80291, 3.90151, 12.4667
3.80291, 3.90151, 12.4667
3.81906, 3.9186, 12.4672
3.83728, 3.93783, 12.4678
3.83728, 3.93783, 12.4678
3.85494, 3.95746, 12.4687
3.85494, 3.95746, 12.4687
3.87208, 3.97632, 12.4697
3.88899, 3.99472, 12.4708
3.88899, 3.99472, 12.4708
3.90884, 4.01569, 12.472
3.90884, 4.01569, 12.472
3.92735, 4.03518, 12.4734
3.94461, 4.05363, 12.4748
3.94461, 4.05363, 12.4748
3.96165, 4.0722, 12.4759
3.96165, 4.0722, 12.4759
3.97989, 4.09303, 12.4775
3.99766, 4.11248, 12.4791
3.99766, 4.11248, 12.4791
4.01449, 4.13076, 12.4807
4.01449, 4.13076, 12.4807
4.03322, 4.15065, 12.4824
4.03322, 4.15065, 12.4824
4.04864, 4.16745, 12.4841
4.04864, 4.16745, 12.4841
4.06846, 4.1893, 12.4857
4.08681, 4.21, 12.4874
4.08681, 4.21, 12.4874
4.10408, 4.22888, 12.4887
4.10408, 4.22888, 12.4887
4.12144, 4.24768, 12.4897
4.13751, 4.26505, 12.4904
4.13751, 4.26505, 12.4904
4.15585, 4.28516, 12.4911
4.15585, 4.28516, 12.4911
4.17422, 4.30619, 12.4919
4.1933, 4.32701, 12.4929
4.1933, 4.32701, 12.4929
4.20986, 4.34507, 12.4941
4.20986, 4.34507, 12.4941
4.2275, 4.36398, 12.4954
4.24648, 4.38438, 12.4972
4.24648, 4.38438, 12.4972
4.26519, 4.40492, 12.4987
4.26519, 4.40492, 12.4987
4.28113, 4.42277, 12.5
4.30101, 4.4443, 12.5015
4.30101, 4.4443, 12.5015
4.31859, 4.46338, 12.503
4.42597, 4.58008, 12.5086
4.44499, 4.60046, 12.5087
4.46105, 4.61779, 12.5088
4.46105, 4.61779, 12.5088
4.48007, 4.63828, 12.509
4.48007, 4.63828, 12.509
4.49858, 4.65843, 12.5092
4.51724, 4.67884, 12.5091
4.51724, 4.67884, 12.5091
4.53477, 4.69759, 12.5086
4.53477, 4.69759, 12.5086
4.55243, 4.71633, 12.5082
4.56972, 4.73455, 12.5078
4.56972, 4.73455, 12.5078
4.58833, 4.75508, 12.5074
4.58833, 4.75508, 12.5074
4.60562, 4.77422, 12.5071
4.62438, 4.79467, 12.5068
4.62438, 4.79467, 12.5068
4.64193, 4.81373, 12.5065
4.64193, 4.81373, 12.5065
4.66086, 4.83406, 12.5061
4.67997, 4.85455, 12.5057
4.67997, 4.85455, 12.5057
4.69594, 4.87222, 12.5053
4.69594, 4.87222, 12.5053
4.71437, 4.89272, 12.5049
4.73289, 4.91349, 12.5046
4.73289, 4.91349, 12.5046
4.7491, 4.93133, 12.5046
4.7491, 4.93133, 12.5046
4.76899, 4.95281, 12.5047
4.78659, 4.97209, 12.5051
4.78659, 4.97209, 12.5051
4.80233, 4.98942, 12.5052
4.80233, 4.98942, 12.5052
4.82194, 5.01125, 12.5055
4.82194, 5.01125, 12.5055
4.83886, 5.02979, 12.5056
4.85637, 5.04884, 12.5057
4.85637, 5.04884, 12.5057
4.87516, 5.06914, 12.5056
4.87516, 5.06914, 12.5056
4.89279, 5.08809, 12.5055
4.91289, 5.10981, 12.5056
4.91289, 5.10981, 12.5056
4.92898, 5.12701, 12.5056
4.92898, 5.12701, 12.5056
4.94876, 5.14827, 12.5055
4.96643, 5.16711, 12.5056
4.96643, 5.16711, 12.5056
4.98287, 5.18457, 12.5058
4.98287, 5.18457, 12.5058
5.00362, 5.20646, 12.5061
5.01976, 5.2236, 12.5064
5.01976, 5.2236, 12.5064
5.03883, 5.24371, 12.5064
5.03883, 5.24371, 12.5064
5.05792, 5.26379, 12.5064
5.07571, 5.28256, 12.5064
5.07571, 5.28256, 12.5064
5.09484, 5.30263, 12.5059
5.09484, 5.30263, 12.5059
5.11149, 5.32005, 12.5055
5.12908, 5.33848, 12.5051
5.12908, 5.33848, 12.5051
5.1482, 5.35851, 12.5048
5.1482, 5.35851, 12.5048
5.16701, 5.37818, 12.5043
5.18615, 5.39819, 12.5039
5.18615, 5.39819, 12.5039
5.20388, 5.41671, 12.5036
5.20388, 5.41671, 12.5036
5.22321, 5.43683, 12.5032
5.239, 5.45336, 12.503
5.239, 5.45336, 12.503
5.2579, 5.47309, 12.5026
5.2579, 5.47309, 12.5026
5.27525, 5.49118, 12.5024
5.29569, 5.5125, 12.5021
5.29569, 5.5125, 12.5021
5.31215, 5.52962, 12.502
5.31215, 5.52962, 12.502
5.33159, 5.54978, 12.502
5.33159, 5.54978, 12.502
5.35067, 5.56957, 12.5021
5.3682, 5.58774, 12.5022
5.3682, 5.58774, 12.5022
5.38758, 5.6077, 12.5023
5.38758, 5.6077, 12.5023
5.40449, 5.62518, 12.5021
5.42551, 5.64688, 12.5017
5.42551, 5.64688, 12.5017
5.44385, 5.66585, 12.501
5.44385, 5.66585, 12.501
5.46171, 5.68404, 12.5003
5.47985, 5.70255, 12.4996
5.47985, 5.70255, 12.4996
5.49779, 5.72093, 12.4988
5.49779, 5.72093, 12.4988
5.51603, 5.73968, 12.498
5.53576, 5.76008, 12.4974
5.53576, 5.76008, 12.4974
5.55543, 5.7804, 12.4969
5.55543, 5.7804, 12.4969
5.57515, 5.80041, 12.4965
5.59334, 5.81845, 12.4962
5.59334, 5.81845, 12.4962
5.61214, 5.83736, 12.4961
5.63102, 5.85628, 12.4961
5.63102, 5.85628, 12.4961
5.64822, 5.87342, 12.4952
5.64822, 5.87342, 12.4952
5.66942, 5.89456, 12.4946
5.66942, 5.89456, 12.4946
5.68754, 5.91196, 12.4942
5.70579, 5.92962, 12.494
5.70579, 5.92962, 12.494
5.72582, 5.94921, 12.4939
5.72582, 5.94921, 12.4939
5.74428, 5.96697, 12.4935
5.74428, 5.96697, 12.4935
5.76475, 5.98717, 12.4932
5.78318, 6.00525, 12.4929
5.78318, 6.00525, 12.4929
5.80291, 6.02445, 12.4909
5.80291, 6.02445, 12.4909
5.822, 6.04276, 12.4883
5.84102, 6.06133, 12.4864
5.84102, 6.06133, 12.4864
5.85804, 6.07784, 12.4848
5.85804, 6.07784, 12.4848
5.87844, 6.09787, 12.4835
5.87844, 6.09787, 12.4835
5.89775, 6.1162, 12.4821
5.91742, 6.13476, 12.4811
5.91742, 6.13476, 12.4811
5.93588, 6.15246, 12.4806
5.93588, 6.15246, 12.4806
5.95451, 6.17037, 12.4804
5.97222, 6.18741, 12.4796
5.97222, 6.18741, 12.4796
5.99188, 6.20648, 12.4789
5.99188, 6.20648, 12.4789
6.01213, 6.2258, 12.4783
6.01213, 6.2258, 12.4783
6.03186, 6.24479, 12.4781
6.04993, 6.26243, 12.4782
6.04993, 6.26243, 12.4782
6.06823, 6.28014, 12.4778
6.06823, 6.28014, 12.4778
6.08777, 6.29915, 12.4776
6.10633, 6.31723, 12.4775
6.10633, 6.31723, 12.4775
6.12489, 6.33491, 12.4773
6.12489, 6.33491, 12.4773
6.14462, 6.35376, 12.4776
6.16145, 6.36977, 12.4779
6.16145, 6.36977, 12.4779
6.18143, 6.38905, 12.4784
6.18143, 6.38905, 12.4784
6.2012, 6.40792, 12.479
6.21926, 6.42534, 12.4798
6.21926, 6.42534, 12.4798
6.24079, 6.4463, 12.4808
6.24079, 6.4463, 12.4808
6.25957, 6.46441, 12.4819
6.25957, 6.46441, 12.4819
6.27966, 6.48401, 12.483
6.2973, 6.50063, 12.4841
6.2973, 6.50063, 12.4841
6.31693, 6.51937, 12.4852
6.31693, 6.51937, 12.4852
6.33371, 6.53534, 12.486
6.35292, 6.55384, 12.4867
6.35292, 6.55384, 12.4867
6.37268, 6.57296, 12.4875
6.37268, 6.57296, 12.4875
6.39123, 6.59088, 12.4881
6.41056, 6.60938, 12.4887
6.52246, 6.71517, 12.4893
6.54125, 6.73283, 12.489
6.54125, 6.73283, 12.489
6.56032, 6.75059, 12.4887
6.57847, 6.76774, 12.4887
6.57847, 6.76774, 12.4887
6.59678, 6.78511, 12.4887
6.59678, 6.78511, 12.4887
6.61481, 6.80214, 12.4889
6.63268, 6.81917, 12.489
6.63268, 6.81917, 12.489
6.65179, 6.8374, 12.4892
6.65179, 6.8374, 12.4892
6.67133, 6.85614, 12.4894
6.68959, 6.87367, 12.4895
6.68959, 6.87367, 12.4895
6.708, 6.89137, 12.4899
6.708, 6.89137, 12.4899
6.72636, 6.90899, 12.4902
6.72636, 6.90899, 12.4902
6.74588, 6.92773, 12.4904
6.76512, 6.94628, 12.4905
6.76512, 6.94628, 12.4905
6.78312, 6.96364, 12.4904
6.78312, 6.96364, 12.4904
6.80128, 6.98116, 12.4902
6.81936, 6.99857, 12.4899
6.81936, 6.99857, 12.4899
6.83918, 7.01776, 12.4894
6.83918, 7.01776, 12.4894
6.85824, 7.03622, 12.4889
6.87442, 7.05186, 12.4884
6.87442, 7.05186, 12.4884
6.89407, 7.07095, 12.4884
6.89407, 7.07095, 12.4884
6.91081, 7.08717, 12.4884
6.93212, 7.10793, 12.4885
6.93212, 7.10793, 12.4885
6.95028, 7.1256, 12.4887
6.95028, 7.1256, 12.4887
6.96846, 7.14317, 12.4889
6.98811, 7.16223, 12.4892
6.98811, 7.16223, 12.4892
7.00479, 7.17837, 12.4894
7.00479, 7.17837, 12.4894
7.02482, 7.19779, 12.4896
7.0447, 7.21711, 12.4897
7.0447, 7.21711, 12.4897
7.06342, 7.23527, 12.4899
7.06342, 7.23527, 12.4899
7.08139, 7.25285, 12.4899
7.09928, 7.27036, 12.49
7.09928, 7.27036, 12.49
7.12068, 7.2913, 12.4898
7.12068, 7.2913, 12.4898
7.14046, 7.31063, 12.4892
7.1591, 7.32883, 12.4885
7.1591, 7.32883, 12.4885
7.17782, 7.34707, 12.4876
7.17782, 7.34707, 12.4876
7.19443, 7.36335, 12.4868
7.21533, 7.38381, 12.4862
7.21533, 7.38381, 12.4862
7.23369, 7.40179, 12.4856
7.23369, 7.40179, 12.4856
7.25199, 7.4197, 12.485
7.27106, 7.43829, 12.4846
7.27106, 7.43829, 12.4846
7.28998, 7.45667, 12.4845
7.28998, 7.45667, 12.4845
7.30947, 7.47569, 12.4841
7.32925, 7.49493, 12.4834
7.32925, 7.49493, 12.4834
7.34618, 7.51139, 12.483
7.34618, 7.51139, 12.483
7.36772, 7.53226, 12.4827
7.38669, 7.55065, 12.4822
7.38669, 7.55065, 12.4822
7.40519, 7.56866, 12.4819
7.40519, 7.56866, 12.4819
7.42425, 7.58728, 12.4818
7.42425, 7.58728, 12.4818
7.44409, 7.60674, 12.4814
7.46287, 7.62519, 12.4811
7.46287, 7.62519, 12.4811
7.48196, 7.64391, 12.4809
7.48196, 7.64391, 12.4809
7.50058, 7.66224, 12.4806
7.50058, 7.66224, 12.4806
7.52068, 7.68224, 12.48
7.54004, 7.70163, 12.4799
7.54004, 7.70163, 12.4799
7.55855, 7.72015, 12.4799
7.55855, 7.72015, 12.4799
7.5771, 7.73866, 12.4799
7.59598, 7.75744, 12.4801
7.59598, 7.75744, 12.4801
7.61775, 7.77902, 12.4805
7.61775, 7.77902, 12.4805
7.63668, 7.79801, 12.4808
7.65732, 7.81856, 12.4814
7.65732, 7.81856, 12.4814
7.6765, 7.83767, 12.4821
7.6765, 7.83767, 12.4821
7.69571, 7.85676, 12.483
7.71498, 7.8759, 12.4839
7.71498, 7.8759, 12.4839
7.73562, 7.89632, 12.4849
7.73562, 7.89632, 12.4849
7.75617, 7.91714, 12.486
7.77357, 7.93487, 12.4868
7.77357, 7.93487, 12.4868
7.79398, 7.95547, 12.4875
7.79398, 7.95547, 12.4875
7.81296, 7.97461, 12.4879
7.81296, 7.97461, 12.4879
7.83369, 7.99534, 12.4883
7.85295, 8.01459, 12.4886
7.85295, 8.01459, 12.4886
7.87334, 8.03552, 12.489
7.89223, 8.0549, 12.4893
7.89223, 8.0549, 12.4893
7.9127, 8.07569, 12.4896
7.9127, 8.07569, 12.4896
7.93124, 8.09455, 12.4899
7.93124, 8.09455, 12.4899
7.9488, 8.11241, 12.4901
7.98991, 8.15446, 12.4908
8.00988, 8.17525, 12.491
8.00988, 8.17525, 12.491
8.02996, 8.19573, 12.491
8.02996, 8.19573, 12.491
8.04789, 8.21426, 12.4909
8.04789, 8.21426, 12.4909
8.06819, 8.23457, 12.491
8.08728, 8.25387, 12.4911
8.08728, 8.25387, 12.4911
8.10952, 8.27644, 12.4911
8.10952, 8.27644, 12.4911
8.12712, 8.29439, 12.4912
8.14807, 8.31545, 12.4914
8.14807, 8.31545, 12.4914
8.16883, 8.33647, 12.4917
8.20606, 8.37369, 12.4921
8.20606, 8.37369, 12.4921
8.22816, 8.39698, 12.4925
8.22816, 8.39698, 12.4925
8.24743, 8.41718, 12.4928
8.26644, 8.43698, 12.4931
8.26644, 8.43698, 12.4931
8.28714, 8.4583, 12.4933
8.28714, 8.4583, 12.4933
8.30624, 8.47795, 12.4934
8.30624, 8.47795, 12.4934
8.32669, 8.49875, 12.4934
8.36522, 8.53863, 12.4932
8.36522, 8.53863, 12.4932
8.38557, 8.55971, 12.4931
8.4271, 8.60171, 12.4925
8.46437, 8.63984, 12.492
8.46437, 8.63984, 12.492
8.48556, 8.66146, 12.4918
8.48556, 8.66146, 12.4918
8.50635, 8.68285, 12.4912
8.52733, 8.704, 12.4909
8.52733, 8.704, 12.4909
8.54659, 8.72341, 12.4906
8.54659, 8.72341, 12.4906
8.56657, 8.74343, 12.4903
8.58603, 8.76428, 12.49
8.58603, 8.76428, 12.49
8.60698, 8.78597, 12.4901
8.60698, 8.78597, 12.4901
8.62642, 8.80607, 12.4903
8.64425, 8.82444, 12.4905
8.64425, 8.82444, 12.4905
8.66518, 8.84565, 12.4908
8.66518, 8.84565, 12.4908
8.68771, 8.86864, 12.4911
8.68771, 8.86864, 12.4911
8.70728, 8.88884, 12.4912
8.7271, 8.90911, 12.4915
8.7271, 8.90911, 12.4915
8.74829, 8.93056, 12.4917
8.7682, 8.95088, 12.4918
8.7682, 8.95088, 12.4918
8.7878, 8.97042, 12.492
8.7878, 8.97042, 12.492
8.80737, 8.99009, 12.4922
8.82736, 9.01084, 12.4919
8.82736, 9.01084, 12.4919
8.84943, 9.03374, 12.4913
8.84943, 9.03374, 12.4913
8.86963, 9.05423, 12.4906
8.86963, 9.05423, 12.4906
8.89034, 9.07536, 12.4888
8.89034, 9.07536, 12.4888
8.91008, 9.09486, 12.4879
8.93146, 9.11664, 12.4869
8.93146, 9.11664, 12.4869
8.97133, 9.15807, 12.4852
9.01089, 9.19849, 12.484
9.01089, 9.19849, 12.484
9.03377, 9.22177, 12.4834
9.03377, 9.22177, 12.4834
9.05213, 9.2411, 12.483
9.07362, 9.26344, 12.4827
9.09355, 9.28454, 12.4821
9.11503, 9.30647, 12.4818
9.13538, 9.32713, 12.4815
9.13538, 9.32713, 12.4815
9.15369, 9.3457, 12.4812
9.15369, 9.3457, 12.4812
9.17526, 9.36822, 12.4809
9.19697, 9.39151, 12.4804
9.19697, 9.39151, 12.4804
9.21681, 9.4122, 12.48
9.25668, 9.45318, 12.4792
9.25668, 9.45318, 12.4792
9.27598, 9.47246, 12.4789
9.27598, 9.47246, 12.4789
9.29892, 9.49571, 12.4786
9.31891, 9.51696, 12.4782
9.34016, 9.53918, 12.4779
9.35869, 9.5586, 12.4771
9.38211, 9.58327, 12.4752
9.38211, 9.58327, 12.4752
9.42107, 9.6244, 12.4734
9.42107, 9.6244, 12.4734
9.44391, 9.64918, 12.4725
9.46395, 9.67033, 12.4718
9.48521, 9.69236, 12.4714
9.50689, 9.71458, 12.4711
9.52681, 9.73455, 12.4713
9.52681, 9.73455, 12.4713
9.54576, 9.75504, 12.4711
9.58958, 9.80151, 12.471
9.58958, 9.80151, 12.471
9.61118, 9.82465, 12.4709
9.61118, 9.82465, 12.4709
9.63156, 9.84632, 12.4707
9.67061, 9.88763, 12.4706
9.67061, 9.88763, 12.4706
9.69253, 9.91109, 12.4705
9.71468, 9.935, 12.4702
9.71468, 9.935, 12.4702
9.75667, 9.97867, 12.4702
9.77715, 10.0005, 12.4702
9.77715, 10.0005, 12.4702
9.79953, 10.0245, 12.4706
9.79953, 10.0245, 12.4706
9.82024, 10.0467, 12.4698
9.86225, 10.0909, 12.4674
9.86225, 10.0909, 12.4674
9.88316, 10.1125, 12.4655
9.88316, 10.1125, 12.4655
9.90527, 10.1354, 12.4633
9.92473, 10.1569, 12.4621
9.92473, 10.1569, 12.4621
9.94693, 10.1807, 12.4614
9.94693, 10.1807, 12.4614
9.96921, 10.2042, 12.4609
9.98989, 10.226, 12.4605
9.98989, 10.226, 12.4605
10.0107, 10.2481, 12.4599
10.0107, 10.2481, 12.4599
10.0325, 10.27, 12.4601
10.0539, 10.2943, 12.4595
10.0539, 10.2943, 12.4595
10.073, 10.3153, 12.4593
10.073, 10.3153, 12.4593
10.0969, 10.3404, 12.4594
10.1174, 10.362, 12.4593
10.1174, 10.362, 12.4593
10.1393, 10.3852, 12.459
10.1565, 10.4028, 12.459
10.1565, 10.4028, 12.459
10.1807, 10.4292, 12.4591
10.1807, 10.4292, 12.4591
10.2034, 10.4545, 12.4585
10.2034, 10.4545, 12.4585
10.221, 10.474, 12.4579
10.221, 10.474, 12.4579
10.2433, 10.4975, 12.4575
10.2433, 10.4975, 12.4575
10.2638, 10.5191, 12.457
10.3057, 10.5662, 12.4564
10.3057, 10.5662, 12.4564
10.3484, 10.6128, 12.4567
10.3908, 10.6585, 12.4568
10.4353, 10.708, 12.4578
10.4353, 10.708, 12.4578
10.4546, 10.7295, 12.4581
10.4972, 10.7754, 12.4596
10.4972, 10.7754, 12.4596
10.5177, 10.7971, 12.4602
10.5404, 10.823, 12.4604
10.5404, 10.823, 12.4604
10.563, 10.8482, 12.4606
10.563, 10.8482, 12.4606
10.5819, 10.8688, 12.461
10.5819, 10.8688, 12.461
10.6045, 10.894, 12.4613
10.6268, 10.9177, 12.4619
10.649, 10.9408, 12.4628
10.6702, 10.9651, 12.4635
10.6929, 10.9902, 12.4645
10.6929, 10.9902, 12.4645
10.7332, 11.0344, 12.466
10.7555, 11.0579, 12.4669
10.7555, 11.0579, 12.4669
10.7773, 11.0808, 12.4678
10.7773, 11.0808, 12.4678
10.7997, 11.1068, 12.4684
10.8189, 11.1277, 12.4691
10.8189, 11.1277, 12.4691
10.8605, 11.1734, 12.4702
10.8835, 11.1986, 12.4708
10.9041, 11.2211, 12.4713
10.9266, 11.2469, 12.4719
10.9475, 11.2706, 12.4726
10.9475, 11.2706, 12.4726
10.9698, 11.2952, 12.4733
10.9698, 11.2952, 12.4733
10.9905, 11.3179, 12.4739
11.0126, 11.3415, 12.4746
11.0126, 11.3415, 12.4746
11.0338, 11.3638, 12.4753
11.0338, 11.3638, 12.4753
11.0535, 11.3878, 12.4757
11.0757, 11.4129, 12.4759
11.0757, 11.4129, 12.4759
11.0979, 11.4374, 12.476
11.0979, 11.4374, 12.476
11.1197, 11.4619, 12.4759
11.1197, 11.4619, 12.4759
11.1413, 11.4841, 12.4762
11.1604, 11.5046, 12.4762
11.1604, 11.5046, 12.4762
11.1813, 11.5283, 12.4765
11.225, 11.5784, 12.4772
11.225, 11.5784, 12.4772
11.2473, 11.6026, 12.4775
11.2473, 11.6026, 12.4775
11.2688, 11.6255, 12.4778
11.2688, 11.6255, 12.4778
11.2914, 11.6489, 12.4783
11.3132, 11.6753, 12.4783
11.3132, 11.6753, 12.4783
11.3338, 11.6976, 12.4785
11.3552, 11.7224, 12.4783
11.3775, 11.7464, 12.4786
11.4003, 11.7713, 12.479
11.4195, 11.7911, 12.4795
11.4195, 11.7911, 12.4795
11.4442, 11.8205, 12.4801
11.4442, 11.8205, 12.4801
11.4639, 11.8434, 12.4805
11.4867, 11.8696, 12.4803
11.4867, 11.8696, 12.4803
11.5073, 11.8914, 12.4805
11.5073, 11.8914, 12.4805
11.5525, 11.9407, 12.4808
11.5723, 11.964, 12.4811
11.5941, 11.9886, 12.4815
11.6166, 12.0133, 12.482
11.6361, 12.0349, 12.4826
11.6361, 12.0349, 12.4826
11.6796, 12.0808, 12.4838
11.7022, 12.1046, 12.4844
11.7022, 12.1046, 12.4844
11.7247, 12.1272, 12.4851
11.7676, 12.1744, 12.4866
11.7866, 12.1947, 12.4872
11.8089, 12.2195, 12.4878
11.8494, 12.2617, 12.4876
11.8494, 12.2617, 12.4876
11.8711, 12.284, 12.4875
11.9139, 12.3361, 12.4868
11.9139, 12.3361, 12.4868
11.9338, 12.3585, 12.4868
11.954, 12.3808, 12.487
11.954, 12.3808, 12.487
11.9753, 12.4037, 12.4874
11.9753, 12.4037, 12.4874
11.9967, 12.4279, 12.4877
12.0151, 12.4503, 12.4882
12.0151, 12.4503, 12.4882
12.1626, 12.6182, 12.4928
12.1626, 12.6182, 12.4928
12.1846, 12.6439, 12.4936
12.2051, 12.6665, 12.494
12.2051, 12.6665, 12.494
12.2249, 12.6881, 12.4942
12.2249, 12.6881, 12.4942
12.2468, 12.7128, 12.4945
12.2468, 12.7128, 12.4945
12.2886, 12.7636, 12.4949
12.3086, 12.7854, 12.495
12.3086, 12.7854, 12.495
12.3487, 12.8302, 12.4948
12.3705, 12.8558, 12.49
12.3705, 12.8558, 12.49
12.3926, 12.882, 12.4841
12.4129, 12.9058, 12.479
12.4129, 12.9058, 12.479
12.435, 12.9318, 12.4734
12.435, 12.9318, 12.4734
12.4556, 12.9548, 12.4698
12.477, 12.9771, 12.4678
12.4979, 13.0019, 12.4646
12.5196, 13.0276, 12.4627
12.5395, 13.051, 12.461
12.56, 13.0742, 12.4596
12.5805, 13.0971, 12.4585
12.6027, 13.1209, 12.4578
12.7307, 13.2684, 12.4564
12.7481, 13.2885, 12.4567
12.7727, 13.3183, 12.4569
12.8155, 13.3683, 12.4578
12.8347, 13.3898, 12.4586
12.8347, 13.3898, 12.4586
12.8572, 13.4138, 12.4596
12.8794, 13.4402, 12.4601
12.8794, 13.4402, 12.4601
12.9001, 13.4645, 12.4601
12.9001, 13.4645, 12.4601
12.9428, 13.5136, 12.4596
12.9614, 13.5333, 12.4599
12.9614, 13.5333, 12.4599
12.9838, 13.557, 12.4603
13.0058, 13.5834, 12.4608
13.0058, 13.5834, 12.4608
13.0258, 13.6074, 12.4614
13.0258, 13.6074, 12.4614
13.0478, 13.6337, 12.462
13.0667, 13.6554, 12.4623
13.0667, 13.6554, 12.4623
13.1093, 13.7016, 12.4631
13.1313, 13.7271, 12.4637
13.1313, 13.7271, 12.4637
13.1505, 13.7504, 12.4642
13.1729, 13.7758, 12.4648
13.1951, 13.8006, 12.4648
13.216, 13.8236, 12.4648
13.216, 13.8236, 12.4648
13.2593, 13.874, 12.4637
13.2802, 13.8989, 12.4631
13.2802, 13.8989, 12.4631
13.3006, 13.9227, 12.4627
13.3451, 13.9731, 12.4624
13.3451, 13.9731, 12.4624
13.3653, 13.9961, 12.4628
13.3653, 13.9961, 12.4628
13.3869, 14.0222, 12.4635
13.428, 14.0717, 12.4583
13.428, 14.0717, 12.4583
13.452, 14.0983, 12.4566
13.452, 14.0983, 12.4566
13.4732, 14.1226, 12.4544
13.495, 14.1467, 12.4534
13.495, 14.1467, 12.4534
13.5158, 14.1716, 12.4525
13.5158, 14.1716, 12.4525
13.5365, 14.1947, 12.4525
13.5589, 14.2201, 12.4522
13.5589, 14.2201, 12.4522
13.5778, 14.2417, 12.4519
13.5778, 14.2417, 12.4519
13.6002, 14.2662, 12.452
13.6429, 14.3157, 12.4514
13.6429, 14.3157, 12.4514
13.6653, 14.3417, 12.4483
13.6859, 14.3655, 12.4456
13.6859, 14.3655, 12.4456
13.7067, 14.3888, 12.4432
13.7067, 14.3888, 12.4432
13.7256, 14.4101, 12.4413
13.7494, 14.4377, 12.4396
13.7494, 14.4377, 12.4396
13.7701, 14.4627, 12.4389
13.7701, 14.4627, 12.4389
13.792, 14.4883, 12.4387
13.8143, 14.5149, 12.4385
13.8143, 14.5149, 12.4385
13.835, 14.5383, 12.4391
13.835, 14.5383, 12.4391
13.8539, 14.5594, 12.4399
13.8763, 14.5842, 12.4412
13.8763, 14.5842, 12.4412
13.8985, 14.6108, 12.4425
13.8985, 14.6108, 12.4425
13.9186, 14.6347, 12.444
13.9406, 14.6599, 12.4458
13.9406, 14.6599, 12.4458
13.9628, 14.6856, 12.4477
13.9628, 14.6856, 12.4477
13.9818, 14.707, 12.4495
13.9818, 14.707, 12.4495
14.0036, 14.7314, 12.4516
14.0226, 14.755, 12.4534
14.0226, 14.755, 12.4534
14.0661, 14.8059, 12.4577
14.0888, 14.8323, 12.4601
14.0888, 14.8323, 12.4601
14.1102, 14.8568, 12.4624
14.1102, 14.8568, 12.4624
14.1293, 14.8805, 12.4644
14.1293, 14.8805, 12.4644
14.1534, 14.9082, 12.4666
14.1725, 14.9307, 12.4685
14.1725, 14.9307, 12.4685
14.1931, 14.9541, 12.4707
14.1931, 14.9541, 12.4707
14.2174, 14.9806, 12.4731
14.2378, 15.003, 12.475
14.2378, 15.003, 12.475
14.2587, 15.0269, 12.477
14.3015, 15.077, 12.4806
14.3015, 15.077, 12.4806
14.3246, 15.103, 12.4823
14.3246, 15.103, 12.4823
14.3454, 15.1262, 12.4839
14.3454, 15.1262, 12.4839
14.368, 15.1515, 12.4856
14.4082, 15.1981, 12.488
14.4082, 15.1981, 12.488
14.4305, 15.2248, 12.4893
14.4537, 15.2508, 12.4904
14.4537, 15.2508, 12.4904
14.4736, 15.2731, 12.4911
14.4736, 15.2731, 12.4911
14.496, 15.298, 12.4914
14.5152, 15.3212, 12.4916
14.5152, 15.3212, 12.4916
14.5378, 15.347, 12.492
14.5378, 15.347, 12.492
14.5603, 15.3723, 12.4926
14.5794, 15.3939, 12.493
14.5794, 15.3939, 12.493
14.6032, 15.4196, 12.4936
14.6032, 15.4196, 12.4936
14.624, 15.442, 12.4941
14.645, 15.4655, 12.4946
14.645, 15.4655, 12.4946
14.6672, 15.492, 12.4953
14.6672, 15.492, 12.4953
14.6887, 15.5163, 12.4958
14.6887, 15.5163, 12.4958
14.7318, 15.5644, 12.4971
14.7534, 15.5882, 12.4976
14.7534, 15.5882, 12.4976
14.7949, 15.6367, 12.4979
14.8157, 15.6603, 12.498
14.8604, 15.7095, 12.498
14.8604, 15.7095, 12.498
14.8797, 15.7302, 12.498
14.926, 15.7828, 12.4981
14.926, 15.7828, 12.4981
14.9452, 15.8042, 12.4976
14.9452, 15.8042, 12.4976
14.9677, 15.8283, 12.4971
14.9677, 15.8283, 12.4971
14.9902, 15.8521, 12.4967
15.0114, 15.8743, 12.4963
15.0114, 15.8743, 12.4963
15.0561, 15.9243, 12.4955
15.0772, 15.9481, 12.4947
15.0772, 15.9481, 12.4947
15.0978, 15.9697, 12.4942
15.1425, 16.0178, 12.4928
15.1425, 16.0178, 12.4928
15.1635, 16.0417, 12.4921
15.1635, 16.0417, 12.4921
15.1829, 16.0637, 12.491
15.2055, 16.0883, 12.4902
15.2055, 16.0883, 12.4902
15.2282, 16.1132, 12.4892
15.2282, 16.1132, 12.4892
15.2702, 16.1569, 12.4877
15.314, 16.2074, 12.4853
15.3344, 16.2301, 12.4845
15.3553, 16.2529, 12.4839
15.3778, 16.2774, 12.4835
15.421, 16.3259, 12.4829
15.421, 16.3259, 12.4829
15.4401, 16.3468, 12.4825
15.4639, 16.3735, 12.4819
15.4639, 16.3735, 12.4819
15.5055, 16.4181, 12.4811
15.5489, 16.4664, 12.4801
15.5489, 16.4664, 12.4801
15.5697, 16.4898, 12.4796
15.5919, 16.5141, 12.4792
15.5919, 16.5141, 12.4792
15.6128, 16.5367, 12.4787
15.6128, 16.5367, 12.4787
15.6354, 16.5611, 12.478
15.6354, 16.5611, 12.478
15.656, 16.5837, 12.4774
15.6784, 16.6086, 12.4767
15.6784, 16.6086, 12.4767
15.6975, 16.6301, 12.476
15.7426, 16.6788, 12.4749
15.7634, 16.7004, 12.4745
15.8045, 16.746, 12.4742
15.8477, 16.7928, 12.4746
15.8685, 16.8149, 12.4751
15.8685, 16.8149, 12.4751
15.891, 16.8383, 12.4756
15.891, 16.8383, 12.4756
15.9118, 16.8603, 12.476
15.932, 16.8834, 12.4765
15.932, 16.8834, 12.4765
15.952, 16.9067, 12.4769
15.952, 16.9067, 12.4769
15.9741, 16.9305, 12.4776
15.9947, 16.9524, 12.4783
15.9947, 16.9524, 12.4783
16.0373, 16.9969, 12.4793
16.059, 17.0211, 12.4791
16.059, 17.0211, 12.4791
16.0806, 17.0457, 12.4787
16.0806, 17.0457, 12.4787
16.0994, 17.0662, 12.4786
16.1215, 17.0895, 12.4787
16.1215, 17.0895, 12.4787
16.1436, 17.113, 12.4785
16.1436, 17.113, 12.4785
16.1626, 17.1327, 12.4786
16.1859, 17.1593, 12.4787
16.1859, 17.1593, 12.4787
16.2048, 17.1795, 12.4789
16.2488, 17.2269, 12.4792
16.2488, 17.2269, 12.4792
16.2679, 17.2471, 12.4794
16.2679, 17.2471, 12.4794
16.2901, 17.2713, 12.4798
16.3106, 17.294, 12.4802
16.3106, 17.294, 12.4802
16.3344, 17.3195, 12.4808
16.3344, 17.3195, 12.4808
16.3534, 17.34, 12.4812
16.3739, 17.3616, 12.4816
16.3739, 17.3616, 12.4816
16.3977, 17.3865, 12.4821
16.3977, 17.3865, 12.4821
16.4183, 17.4087, 12.4825
16.4371, 17.4298, 12.483
16.4371, 17.4298, 12.483
16.4796, 17.4755, 12.484
16.5021, 17.4989, 12.4846
16.5021, 17.4989, 12.4846
16.5228, 17.5204, 12.4851
16.5228, 17.5204, 12.4851
16.545, 17.5447, 12.4854
16.545, 17.5447, 12.4854
16.5668, 17.5701, 12.485
16.6071, 17.6137, 12.4833
16.6071, 17.6137, 12.4833
16.6291, 17.6371, 12.4827
16.6511, 17.6608, 12.4817
16.6511, 17.6608, 12.4817
16.6715, 17.6841, 12.4812
16.6715, 17.6841, 12.4812
16.6937, 17.7086, 12.4808
16.6937, 17.7086, 12.4808
16.7145, 17.7315, 12.4805
16.7369, 17.7554, 12.4804
16.7768, 17.798, 12.4807
16.7768, 17.798, 12.4807
16.8005, 17.8248, 12.481
16.8005, 17.8248, 12.481
16.8224, 17.849, 12.4815
16.8224, 17.849, 12.4815
16.8413, 17.87, 12.4819
16.8635, 17.8937, 12.4827
16.8635, 17.8937, 12.4827
16.8859, 17.9174, 12.4835
16.8859, 17.9174, 12.4835
16.9063, 17.9393, 12.4844
16.9271, 17.9629, 12.4853
16.9271, 17.9629, 12.4853
16.9491, 17.9872, 12.4862
16.9491, 17.9872, 12.4862
16.9697, 18.0098, 12.4868
16.99, 18.0316, 12.4873
16.99, 18.0316, 12.4873
17.0115, 18.0547, 12.4879
17.0115, 18.0547, 12.4879
17.0333, 18.0787, 12.4883
17.0333, 18.0787, 12.4883
17.0522, 18.0993, 12.4887
17.0729, 18.1213, 12.489
17.0729, 18.1213, 12.489
17.0965, 18.1473, 12.4888
17.0965, 18.1473, 12.4888
17.117, 18.1694, 12.4886
17.139, 18.193, 12.4879
17.139, 18.193, 12.4879
17.1598, 18.2143, 12.4875
17.1598, 18.2143, 12.4875
17.1816, 18.2392, 12.487
17.2, 18.2601, 12.4869
17.2, 18.2601, 12.4869
17.2222, 18.2842, 12.4868
17.2222, 18.2842, 12.4868
17.2428, 18.3064, 12.4867
17.2634, 18.3287, 12.4865
17.2634, 18.3287, 12.4865
17.2843, 18.3501, 12.4867
17.2843, 18.3501, 12.4867
17.3048, 18.373, 12.4867
17.3282, 18.3989, 12.4862
17.3282, 18.3989, 12.4862
17.3488, 18.4211, 12.4856
17.3488, 18.4211, 12.4856
17.3695, 18.4436, 12.4847
17.3905, 18.465, 12.4842
17.3905, 18.465, 12.4842
17.4145, 18.4901, 12.4828
17.4145, 18.4901, 12.4828
17.4354, 18.5116, 12.4819
17.4554, 18.5321, 12.4813
17.4554, 18.5321, 12.4813
17.4794, 18.5567, 12.4807
17.4794, 18.5567, 12.4807
17.4993, 18.5781, 12.4803
17.5178, 18.5979, 12.4799
17.5178, 18.5979, 12.4799
17.5381, 18.6192, 12.4794
17.5381, 18.6192, 12.4794
17.5585, 18.6401, 12.4784
17.5807, 18.6627, 12.4777
17.5807, 18.6627, 12.4777
17.6014, 18.6835, 12.4769
17.6014, 18.6835, 12.4769
17.6229, 18.7063, 12.4765
17.643, 18.7273, 12.4762
17.643, 18.7273, 12.4762
17.6658, 18.7506, 12.4761
17.6658, 18.7506, 12.4761
17.6841, 18.7694, 12.4756
17.706, 18.7916, 12.475
17.706, 18.7916, 12.475
17.7277, 18.8146, 12.4742
17.7277, 18.8146, 12.4742
17.7459, 18.8339, 12.4735
17.7459, 18.8339, 12.4735
17.7654, 18.8549, 12.4726
17.7864, 18.8771, 12.4721
17.7864, 18.8771, 12.4721
17.8059, 18.898, 12.4713
17.8059, 18.898, 12.4713
17.8274, 18.9202, 12.4711
17.8495, 18.9431, 12.4712
17.8495, 18.9431, 12.4712
17.8672, 18.9624, 12.4709
17.8874, 18.9838, 12.471
17.8874, 18.9838, 12.471
17.9078, 19.0052, 12.4709
17.9078, 19.0052, 12.4709
17.9288, 19.0273, 12.4705
17.9288, 19.0273, 12.4705
17.9496, 19.0484, 12.4705
17.9496, 19.0484, 12.4705
17.9689, 19.0691, 12.4706
17.9883, 19.09, 12.4707
17.9883, 19.09, 12.4707
18.0089, 19.1123, 12.47
18.0089, 19.1123, 12.47
18.0315, 19.1356, 12.4698
18.0515, 19.156, 12.4695
18.0515, 19.156, 12.4695
18.0921, 19.199, 12.469
18.112, 19.2206, 12.4688
18.112, 19.2206, 12.4688
18.1304, 19.2399, 12.4691
18.1304, 19.2399, 12.4691
18.1718, 19.2822, 12.4701
18.1938, 19.3042, 12.4709
18.1938, 19.3042, 12.4709
18.236, 19.3483, 12.4726
18.2553, 19.3683, 12.4733
18.2553, 19.3683, 12.4733
18.2771, 19.3903, 12.474
18.2771, 19.3903, 12.474
18.2957, 19.4092, 12.4746
18.3176, 19.4309, 12.4754
18.3176, 19.4309, 12.4754
18.3371, 19.4514, 12.4762
18.3371, 19.4514, 12.4762
18.357, 19.4723, 12.4771
18.3797, 19.4959, 12.4781
18.3797, 19.4959, 12.4781
18.4002, 19.5164, 12.479
18.4002, 19.5164, 12.479
18.4213, 19.5381, 12.4801
18.4406, 19.5573, 12.4803
18.4639, 19.5813, 12.4807
18.4843, 19.6023, 12.481
18.5052, 19.6236, 12.4813
18.5052, 19.6236, 12.4813
18.5267, 19.6455, 12.4816
18.5457, 19.6642, 12.482
18.5888, 19.7087, 12.4826
18.6101, 19.7308, 12.4831
18.6101, 19.7308, 12.4831
18.6514, 19.7733, 12.4842
18.6717, 19.7937, 12.4847
18.6717, 19.7937, 12.4847
18.6938, 19.8163, 12.4853
18.7121, 19.8357, 12.4858
18.7121, 19.8357, 12.4858
18.7547, 19.8795, 12.4869
18.7547, 19.8795, 12.4869
18.7768, 19.9017, 12.4875
18.7965, 19.9216, 12.4881
18.7965, 19.9216, 12.4881
18.8203, 19.9456, 12.4887
18.8409, 19.9667, 12.4893
18.8409, 19.9667, 12.4893
18.8834, 20.0099, 12.4906
18.8834, 20.0099, 12.4906
18.9022, 20.0283, 12.4908
18.9253, 20.0512, 12.4909
18.9253, 20.0512, 12.4909
18.9477, 20.0741, 12.4911
18.9477, 20.0741, 12.4911
18.9668, 20.0934, 12.4913
18.9875, 20.1144, 12.4915
19.0087, 20.1357, 12.4916
19.0311, 20.1579, 12.4917
19.0311, 20.1579, 12.4917
19.0533, 20.1799, 12.4918
19.0756, 20.2022, 12.4912
19.0756, 20.2022, 12.4912
19.1172, 20.2448, 12.4892
19.1381, 20.2659, 12.4883
19.1381, 20.2659, 12.4883
19.1606, 20.2886, 12.4865
19.1606, 20.2886, 12.4865
19.1805, 20.3085, 12.4843
19.2239, 20.3524, 12.4808
19.2239, 20.3524, 12.4808
19.2672, 20.3961, 12.4778
19.2882, 20.4171, 12.4763
19.2882, 20.4171, 12.4763
19.3091, 20.438, 12.4742
19.3304, 20.46, 12.4722
19.3304, 20.46, 12.4722
19.3527, 20.483, 12.4699
19.3527, 20.483, 12.4699
19.3954, 20.5266, 12.4645
19.4159, 20.5473, 12.4627
19.4159, 20.5473, 12.4627
19.4391, 20.5707, 12.4611
19.4391, 20.5707, 12.4611
19.4616, 20.5936, 12.4605
19.5027, 20.6356, 12.46
19.5027, 20.6356, 12.46
19.5235, 20.6568, 12.46
19.546, 20.6791, 12.4605
19.546, 20.6791, 12.4605
19.5682, 20.7011, 12.4612
19.6101, 20.7435, 12.4627
19.6101, 20.7435, 12.4627
19.6336, 20.7669, 12.4637
19.6741, 20.8071, 12.4654
19.6741, 20.8071, 12.4654
19.6968, 20.8294, 12.4664
19.6968, 20.8294, 12.4664
19.7199, 20.8526, 12.4675
19.7414, 20.874, 12.4679
19.7414, 20.874, 12.4679
19.7645, 20.8967, 12.4678
19.7645, 20.8967, 12.4678
19.7859, 20.9177, 12.468
19.7859, 20.9177, 12.468
19.8087, 20.9399, 12.4685
19.8289, 20.9596, 12.4692
19.8501, 20.9806, 12.4702
19.8733, 21.0036, 12.4711
19.9174, 21.0471, 12.4721
19.9174, 21.0471, 12.4721
19.9377, 21.067, 12.4725
19.9604, 21.0891, 12.473
19.9604, 21.0891, 12.473
19.9826, 21.1115, 12.4736
20.0267, 21.1552, 12.4754
20.0267, 21.1552, 12.4754
20.048, 21.1761, 12.476
20.048, 21.1761, 12.476
20.0713, 21.199, 12.4769
20.0923, 21.2196, 12.478
20.0923, 21.2196, 12.478
20.1126, 21.2401, 12.4792
20.1126, 21.2401, 12.4792
20.1579, 21.2853, 12.4821
20.1579, 21.2853, 12.4821
20.1773, 21.3044, 12.4832
20.2019, 21.3287, 12.4849
20.2019, 21.3287, 12.4849
20.2469, 21.3727, 12.4877
20.267, 21.3922, 12.4892
20.267, 21.3922, 12.4892
20.292, 21.4163, 12.4907
20.292, 21.4163, 12.4907
20.3113, 21.435, 12.4921
20.333, 21.4558, 12.4937
20.333, 21.4558, 12.4937
20.358, 21.4799, 12.4956
20.358, 21.4799, 12.4956
20.3802, 21.5013, 12.497
20.4022, 21.5225, 12.4982
20.4022, 21.5225, 12.4982
20.4257, 21.5452, 12.4993
20.4257, 21.5452, 12.4993
20.4474, 21.566, 12.5005
20.4708, 21.5884, 12.5021
20.4708, 21.5884, 12.5021
20.4929, 21.6099, 12.5034
20.5369, 21.6527, 12.5059
20.5369, 21.6527, 12.5059
20.5604, 21.6754, 12.507
20.5604, 21.6754, 12.507
20.584, 21.6983, 12.5082
20.6053, 21.7189, 12.5087
20.6053, 21.7189, 12.5087
20.6252, 21.7382, 12.509
20.6252, 21.7382, 12.509
20.651, 21.763, 12.5097
20.6732, 21.7844, 12.5104
20.6732, 21.7844, 12.5104
20.6949, 21.805, 12.511
20.6949, 21.805, 12.511
20.7169, 21.8259, 12.5117
20.7401, 21.848, 12.5124
20.7401, 21.848, 12.5124
20.7643, 21.8709, 12.5135
20.7643, 21.8709, 12.5135
20.7881, 21.8933, 12.5141
20.7881, 21.8933, 12.5141
20.8088, 21.9127, 12.5147
20.8326, 21.9352, 12.5153
20.8326, 21.9352, 12.5153
20.8559, 21.9572, 12.5152
20.8559, 21.9572, 12.5152
20.877, 21.977, 12.515
20.9006, 21.9993, 12.5148
20.9006, 21.9993, 12.5148
20.9244, 22.0219, 12.5145
20.9244, 22.0219, 12.5145
20.9462, 22.0426, 12.5144
20.9462, 22.0426, 12.5144
20.9699, 22.0652, 12.5142
20.9932, 22.0872, 12.5141
20.9932, 22.0872, 12.5141
21.0151, 22.108, 12.5142
21.0388, 22.13, 12.5145
21.0388, 22.13, 12.5145
21.0615, 22.1509, 12.5149
21.0615, 22.1509, 12.5149
21.0839, 22.1716, 12.5155
21.0839, 22.1716, 12.5155
21.1068, 22.1929, 12.5161
21.1309, 22.2154, 12.5167
21.1309, 22.2154, 12.5167
21.1507, 22.2337, 12.5175
21.1507, 22.2337, 12.5175
21.1752, 22.2564, 12.5183
21.1976, 22.277, 12.5192
21.1976, 22.277, 12.5192
21.2205, 22.2979, 12.5203
21.2205, 22.2979, 12.5203
21.245, 22.3205, 12.521
21.245, 22.3205, 12.521
21.2675, 22.3411, 12.522
21.2914, 22.3632, 12.5226
21.2914, 22.3632, 12.5226
21.3142, 22.3841, 12.5231
21.3344, 22.4026, 12.5236
21.3344, 22.4026, 12.5236
21.3592, 22.4254, 12.5234
21.3592, 22.4254, 12.5234
21.3823, 22.4467, 12.523
21.3823, 22.4467, 12.523
21.4058, 22.4686, 12.5224
21.4058, 22.4686, 12.5224
21.4285, 22.4893, 12.5218
21.4516, 22.5103, 12.5211
21.4516, 22.5103, 12.5211
21.4761, 22.5324, 12.5206
21.4761, 22.5324, 12.5206
21.4994, 22.5537, 12.5201
21.4994, 22.5537, 12.5201
21.5203, 22.5727, 12.5198
21.5441, 22.5944, 12.5193
21.5441, 22.5944, 12.5193
21.567, 22.6151, 12.5189
21.567, 22.6151, 12.5189
21.5929, 22.6383, 12.5186
21.5929, 22.6383, 12.5186
21.6137, 22.6572, 12.5184
21.6384, 22.6795, 12.518
21.6384, 22.6795, 12.518
21.6588, 22.6982, 12.5177
21.6588, 22.6982, 12.5177
21.6846, 22.7217, 12.5173
21.7063, 22.7409, 12.5168
21.7063, 22.7409, 12.5168
21.7306, 22.7627, 12.5161
21.7306, 22.7627, 12.5161
21.7554, 22.7847, 12.5155
21.7775, 22.8049, 12.515
21.7775, 22.8049, 12.515
21.8019, 22.8267, 12.5146
21.8019, 22.8267, 12.5146
21.8229, 22.8458, 12.5142
21.8489, 22.8692, 12.5137
21.8489, 22.8692, 12.5137
21.8721, 22.89, 12.5131
21.8721, 22.89, 12.5131
21.8966, 22.912, 12.5122
21.9193, 22.9326, 12.5114
21.9193, 22.9326, 12.5114
21.9419, 22.9529, 12.5107
21.9419, 22.9529, 12.5107
21.9624, 22.9716, 12.5103
21.9889, 22.9954, 12.5099
21.9889, 22.9954, 12.5099
22.0142, 23.018, 12.5097
22.0142, 23.018, 12.5097
22.0359, 23.0377, 12.5097
22.0591, 23.0586, 12.5098
22.0591, 23.0586, 12.5098
22.0812, 23.0786, 12.51
22.0812, 23.0786, 12.51
22.1071, 23.102, 12.51
22.1071, 23.102, 12.51
22.1292, 23.122, 12.5102
22.1514, 23.1422, 12.5105
22.1514, 23.1422, 12.5105
22.1735, 23.1621, 12.5108
22.1735, 23.1621, 12.5108
22.1979, 23.1841, 12.511
22.2218, 23.2058, 12.5111
22.2218, 23.2058, 12.5111
22.2439, 23.2257, 12.5112
22.2439, 23.2257, 12.5112
22.268, 23.2473, 12.5111
22.2893, 23.2664, 12.5111
22.2893, 23.2664, 12.5111
22.3153, 23.29, 12.5108
22.3153, 23.29, 12.5108
22.3379, 23.3104, 12.5105
22.3584, 23.3292, 12.5103
22.3584, 23.3292, 12.5103
22.3843, 23.3528, 12.5099
22.3843, 23.3528, 12.5099
22.4062, 23.3729, 12.5094
22.4062, 23.3729, 12.5094
22.4282, 23.3931, 12.509
22.4501, 23.4131, 12.5086
22.4501, 23.4131, 12.5086
22.4741, 23.4346, 12.5082
22.4741, 23.4346, 12.5082
22.4967, 23.4548, 12.5079
22.5201, 23.4759, 12.5073
22.5201, 23.4759, 12.5073
22.5438, 23.4974, 12.5067
22.5438, 23.4974, 12.5067
22.5657, 23.5173, 12.5061
22.5878, 23.5373, 12.5053
22.5878, 23.5373, 12.5053
22.6113, 23.5583, 12.5041
22.6113, 23.5583, 12.5041
22.6328, 23.5777, 12.5033
22.6328, 23.5777, 12.5033
22.6564, 23.5991, 12.5027
22.678, 23.6188, 12.502
22.678, 23.6188, 12.502
22.6996, 23.6385, 12.5015
22.8362, 23.7603, 12.4947
22.8602, 23.7816, 12.4926
22.8829, 23.8016, 12.4908
22.8829, 23.8016, 12.4908
22.9047, 23.8207, 12.4893
22.9276, 23.8407, 12.4875
22.9276, 23.8407, 12.4875
22.9276, 23.8407, 12.4875
22.9546, 23.8647, 12.4858
22.9767, 23.8845, 12.4841
22.9767, 23.8845, 12.4841
22.9998, 23.9043, 12.4827
23.0227, 23.9241, 12.4815
23.0227, 23.9241, 12.4815
23.0452, 23.9437, 12.4805
23.0452, 23.9437, 12.4805
23.0694, 23.9649, 12.4798
23.0694, 23.9649, 12.4798
23.0933, 23.9859, 12.4792
23.114, 24.0041, 12.4786
23.114, 24.0041, 12.4786
23.138, 24.0251, 12.4782
23.138, 24.0251, 12.4782
23.1606, 24.0446, 12.4774
23.1845, 24.0657, 12.4765
23.1845, 24.0657, 12.4765
23.207, 24.0853, 12.475
23.207, 24.0853, 12.475
23.2286, 24.1047, 12.4744
23.2541, 24.1273, 12.4732
23.2541, 24.1273, 12.4732
23.2764, 24.1468, 12.4729
23.2764, 24.1468, 12.4729
23.2992, 24.1662, 12.4718
23.3229, 24.1869, 12.4713
23.3229, 24.1869, 12.4713
23.3453, 24.2065, 12.4708
23.3453, 24.2065, 12.4708
23.3677, 24.2263, 12.4705
23.3918, 24.2474, 12.4698
23.3918, 24.2474, 12.4698
23.4127, 24.2656, 12.4698
23.4127, 24.2656, 12.4698
23.4371, 24.2865, 12.4694
23.4612, 24.3076, 12.4694
23.4612, 24.3076, 12.4694
23.4838, 24.3273, 12.4695
23.4838, 24.3273, 12.4695
23.5061, 24.3468, 12.4698
23.5285, 24.3665, 12.4703
23.5285, 24.3665, 12.4703
23.5514, 24.3863, 12.4708
23.5514, 24.3863, 12.4708
23.5776, 24.4091, 12.4713
23.6002, 24.4288, 12.4719
23.6002, 24.4288, 12.4719
23.6226, 24.4485, 12.4724
23.6226, 24.4485, 12.4724
23.6464, 24.4695, 12.4728
23.667, 24.4877, 12.4729
23.667, 24.4877, 12.4729
23.6933, 24.5108, 12.4731
23.6933, 24.5108, 12.4731
23.7142, 24.5292, 12.4734
23.7383, 24.5506, 12.4737
23.7383, 24.5506, 12.4737
23.7623, 24.5719, 12.4743
23.7623, 24.5719, 12.4743
23.7828, 24.5903, 12.4747
23.8067, 24.6118, 12.4751
23.8067, 24.6118, 12.4751
23.8307, 24.6328, 12.4753
23.8307, 24.6328, 12.4753
23.8513, 24.6511, 12.4757
23.8754, 24.6723, 12.476
23.8754, 24.6723, 12.476
23.8993, 24.6934, 12.4762
23.8993, 24.6934, 12.4762
23.921, 24.7126, 12.4761
23.9451, 24.7337, 12.4759
23.9451, 24.7337, 12.4759
23.9678, 24.7532, 12.4761
23.9678, 24.7532, 12.4761
23.9912, 24.7734, 12.4764
23.9912, 24.7734, 12.4764
24.0155, 24.7943, 12.4766
24.0379, 24.8138, 12.4767
24.0379, 24.8138, 12.4767
24.061, 24.8339, 12.4768
24.061, 24.8339, 12.4768
24.0826, 24.8528, 12.4769
24.1072, 24.8735, 12.4773
24.1072, 24.8735, 12.4773
24.1298, 24.8927, 12.4775
24.1298, 24.8927, 12.4775
24.1542, 24.9135, 12.4774
24.1749, 24.9313, 12.4772
24.1749, 24.9313, 12.4772
24.1991, 24.9519, 12.4766
24.1991, 24.9519, 12.4766
24.2233, 24.9727, 12.4764
24.2463, 24.992, 12.4762
24.2463, 24.992, 12.4762
24.2686, 25.0113, 12.4765
24.2686, 25.0113, 12.4765
24.2914, 25.0306, 12.4768
24.3155, 25.0513, 12.4774
24.3155, 25.0513, 12.4774
24.3396, 25.0722, 12.4781
24.3396, 25.0722, 12.4781
24.3619, 25.0916, 12.4787
24.3864, 25.1124, 12.4794
24.3864, 25.1124, 12.4794
24.4068, 25.13, 12.48
24.4068, 25.13, 12.48
24.4324, 25.152, 12.4805
24.453, 25.1698, 12.4805
24.453, 25.1698, 12.4805
24.4751, 25.1889, 12.4804
24.4751, 25.1889, 12.4804
24.5009, 25.2112, 12.4804
24.522, 25.2291, 12.4797
24.522, 25.2291, 12.4797
24.5462, 25.2499, 12.4793
24.5462, 25.2499, 12.4793
24.5685, 25.2691, 12.479
24.5927, 25.29, 12.4788
24.5927, 25.29, 12.4788
24.6162, 25.3102, 12.4787
24.6162, 25.3102, 12.4787
24.6371, 25.3282, 12.4786
24.6371, 25.3282, 12.4786
24.6607, 25.3484, 12.4787
24.6851, 25.3692, 12.4787
24.6851, 25.3692, 12.4787
24.7076, 25.3884, 12.4791
24.7076, 25.3884, 12.4791
24.732, 25.4092, 12.4796
24.7532, 25.4276, 12.48
24.7763, 25.4474, 12.4804
24.7763, 25.4474, 12.4804
24.8001, 25.4674, 12.4807
24.8001, 25.4674, 12.4807
24.8263, 25.4896, 12.4812
24.8263, 25.4896, 12.4812
24.8491, 25.5091, 12.4817
24.8491, 25.5091, 12.4817
24.8696, 25.5265, 12.4821
24.8958, 25.5489, 12.4818
24.8958, 25.5489, 12.4818
24.9168, 25.5669, 12.4817
24.9168, 25.5669, 12.4817
24.9417, 25.5882, 12.4813
24.9646, 25.6079, 12.4812
24.9646, 25.6079, 12.4812
24.9892, 25.629, 12.4812
25.0127, 25.6492, 12.4812
25.0127, 25.6492, 12.4812
25.0365, 25.6696, 12.4813
25.0365, 25.6696, 12.4813
25.0608, 25.6904, 12.4815
25.0608, 25.6904, 12.4815
25.0815, 25.7083, 12.4819
25.0815, 25.7083, 12.4819
25.1058, 25.7292, 12.4824
25.1266, 25.7473, 12.483
25.1266, 25.7473, 12.483
25.1522, 25.7694, 12.4838
25.1522, 25.7694, 12.4838
25.1757, 25.7897, 12.4846
25.1984, 25.8094, 12.4853
25.1984, 25.8094, 12.4853
25.2212, 25.829, 12.4856
25.2212, 25.829, 12.4856
25.2423, 25.8472, 12.4856
25.2423, 25.8472, 12.4856
25.2677, 25.8691, 12.4855
25.2921, 25.8902, 12.4857
25.2921, 25.8902, 12.4857
25.316, 25.9107, 12.4858
25.316, 25.9107, 12.4858
25.3387, 25.9307, 12.4859
25.3608, 25.95, 12.486
25.3608, 25.95, 12.486
25.3853, 25.9715, 12.4864
25.3853, 25.9715, 12.4864
25.4062, 25.9898, 12.4866
25.4307, 26.0113, 12.4865
25.4307, 26.0113, 12.4865
25.4551, 26.0326, 12.4866
25.4551, 26.0326, 12.4866
25.4757, 26.051, 12.4865
25.502, 26.0743, 12.4863
25.502, 26.0743, 12.4863
25.5244, 26.0942, 12.4862
25.5244, 26.0942, 12.4862
25.5469, 26.114, 12.4863
25.5693, 26.1339, 12.4862
25.5693, 26.1339, 12.4862
25.5924, 26.1543, 12.4864
25.5924, 26.1543, 12.4864
25.6181, 26.1777, 12.4864
25.6403, 26.1975, 12.4863
25.6403, 26.1975, 12.4863
25.6627, 26.2176, 12.4861
25.6627, 26.2176, 12.4861
25.6851, 26.2378, 12.4859
25.7093, 26.2593, 12.4859
25.7093, 26.2593, 12.4859
25.7317, 26.2792, 12.4859
25.7317, 26.2792, 12.4859
25.7546, 26.2996, 12.4855
25.7546, 26.2996, 12.4855
25.7789, 26.321, 12.4854
25.8025, 26.3418, 12.4851
25.8025, 26.3418, 12.4851
25.8245, 26.3612, 12.485
25.8245, 26.3612, 12.485
25.8461, 26.3802, 12.4836
25.8698, 26.401, 12.4814
25.8698, 26.401, 12.4814
25.8938, 26.4225, 12.4795
25.8938, 26.4225, 12.4795
25.9178, 26.4438, 12.4779
25.9401, 26.4636, 12.4766
25.9401, 26.4636, 12.4766
25.9623, 26.4832, 12.4755
25.9623, 26.4832, 12.4755
25.9846, 26.5029, 12.4745
26.0069, 26.5226, 12.4736
26.0069, 26.5226, 12.4736
26.0304, 26.5436, 12.4725
26.0304, 26.5436, 12.4725
26.0552, 26.5659, 12.4709
26.0757, 26.5842, 12.4698
26.0757, 26.5842, 12.4698
26.0993, 26.6051, 12.4688
26.0993, 26.6051, 12.4688
26.1215, 26.6247, 12.4679
26.1437, 26.6444, 12.467
26.1437, 26.6444, 12.467
26.1674, 26.6657, 12.4664
26.1674, 26.6657, 12.4664
26.1912, 26.6872, 12.4655
26.2132, 26.7068, 12.4648
26.2132, 26.7068, 12.4648
26.3712, 26.8478, 12.4612
26.3712, 26.8478, 12.4612
26.3932, 26.8674, 12.4605
26.3932, 26.8674, 12.4605
26.4149, 26.8869, 12.46
26.438, 26.9083, 12.4594
26.438, 26.9083, 12.4594
26.4614, 26.9295, 12.4594
26.4614, 26.9295, 12.4594
26.4816, 26.9475, 12.4597
26.5064, 26.97, 12.4598
26.5064, 26.97, 12.4598
26.5266, 26.9879, 12.4603
26.5266, 26.9879, 12.4603
26.5498, 27.0089, 12.4605
26.5695, 27.0273, 12.4606
26.5695, 27.0273, 12.4606
26.5943, 27.0499, 12.4608
26.5943, 27.0499, 12.4608
26.6141, 27.068, 12.4607
26.6391, 27.0906, 12.4608
26.6391, 27.0906, 12.4608
26.6605, 27.1098, 12.4603
26.6605, 27.1098, 12.4603
26.682, 27.1287, 12.4601
26.7032, 27.1486, 12.459
26.7032, 27.1486, 12.459
26.7283, 27.1713, 12.4587
26.7283, 27.1713, 12.4587
26.7516, 27.1926, 12.4581
26.7734, 27.2122, 12.4579
26.7734, 27.2122, 12.4579
26.7934, 27.2301, 12.4577
26.7934, 27.2301, 12.4577
26.8151, 27.2497, 12.4578
26.8401, 27.2723, 12.4582
26.8401, 27.2723, 12.4582
26.8615, 27.2921, 12.458
26.8615, 27.2921, 12.458
26.8841, 27.3123, 12.4577
26.9075, 27.3332, 12.457
26.9075, 27.3332, 12.457
26.9295, 27.3527, 12.4563
26.9295, 27.3527, 12.4563
26.9513, 27.3723, 12.4555
26.972, 27.3914, 12.4547
26.972, 27.3914, 12.4547
26.9969, 27.4138, 12.4543
26.9969, 27.4138, 12.4543
27.017, 27.432, 12.4538
27.0404, 27.4529, 12.4536
27.0404, 27.4529, 12.4536
27.0628, 27.473, 12.4532
27.0628, 27.473, 12.4532
27.0835, 27.4918, 12.4532
27.1061, 27.5129, 12.4533
27.1061, 27.5129, 12.4533
27.1289, 27.5336, 12.4537
27.1289, 27.5336, 12.4537
27.1521, 27.5546, 12.4539
27.1521, 27.5546, 12.4539
27.1749, 27.5749, 12.4545
27.1953, 27.593, 12.4548
27.1953, 27.593, 12.4548
27.2186, 27.6144, 12.4553
27.2186, 27.6144, 12.4553
27.2406, 27.6343, 12.4556
27.2656, 27.6571, 12.4552
27.2656, 27.6571, 12.4552
27.2875, 27.6766, 12.4551
27.311, 27.6974, 12.4551
27.311, 27.6974, 12.4551
27.3311, 27.7153, 12.4547
27.3547, 27.7368, 12.4546
27.3547, 27.7368, 12.4546
27.3764, 27.7562, 12.4549
27.3764, 27.7562, 12.4549
27.3998, 27.7774, 12.4545
27.4235, 27.7986, 12.4523
27.4235, 27.7986, 12.4523
27.4454, 27.818, 12.4501
27.4454, 27.818, 12.4501
27.4674, 27.8375, 12.448
27.4674, 27.8375, 12.448
27.4897, 27.858, 12.4459
27.5132, 27.879, 12.4449
27.5132, 27.879, 12.4449
27.5362, 27.8998, 12.444
27.5362, 27.8998, 12.444
27.5562, 27.9173, 12.4442
27.5813, 27.9391, 12.4447
27.5813, 27.9391, 12.4447
27.6029, 27.959, 12.4448
27.6029, 27.959, 12.4448
27.6241, 27.9789, 12.4452
27.6241, 27.9789, 12.4452
27.6455, 27.9983, 12.4461
27.6685, 28.0197, 12.4465
27.6685, 28.0197, 12.4465
27.6917, 28.0411, 12.447
27.6917, 28.0411, 12.447
27.7135, 28.0606, 12.4471
27.7337, 28.0788, 12.4474
27.7337, 28.0788, 12.4474
27.7577, 28.1015, 12.4467
27.7577, 28.1015, 12.4467
27.7793, 28.1215, 12.4462
27.8002, 28.1412, 12.4457
27.8002, 28.1412, 12.4457
27.823, 28.1618, 12.446
27.823, 28.1618, 12.446
27.8468, 28.183, 12.4465
27.8468, 28.183, 12.4465
27.8693, 28.2039, 12.447
27.8922, 28.2261, 12.4471
27.8922, 28.2261, 12.4471
27.9129, 28.2456, 12.4473
27.9129, 28.2456, 12.4473
27.9362, 28.2671, 12.4479
27.9579, 28.287, 12.4484
27.9579, 28.287, 12.4484
27.9774, 28.3049, 12.4488
27.9774, 28.3049, 12.4488
28.0027, 28.3274, 12.4496
28.0247, 28.3471, 12.45
28.0247, 28.3471, 12.45
28.0461, 28.3662, 12.4503
28.0708, 28.3885, 12.451
28.0708, 28.3885, 12.451
28.0927, 28.4088, 12.4516
28.0927, 28.4088, 12.4516
28.1126, 28.4278, 12.4515
28.1126, 28.4278, 12.4515
28.1352, 28.4483, 12.452
28.1352, 28.4483, 12.452
28.1566, 28.4677, 12.4525
28.1782, 28.4871, 12.453
28.1782, 28.4871, 12.453
28.1995, 28.5077, 12.4531
28.1995, 28.5077, 12.4531
28.2202, 28.5269, 12.4533
28.2415, 28.546, 12.4539
28.2415, 28.546, 12.4539
28.264, 28.5666, 12.4541
28.264, 28.5666, 12.4541
28.2852, 28.5856, 12.4545
28.3067, 28.6045, 12.4549
28.3067, 28.6045, 12.4549
28.3282, 28.6244, 12.4555
28.3282, 28.6244, 12.4555
28.3502, 28.6448, 12.4562
28.3703, 28.6638, 12.4564
28.3703, 28.6638, 12.4564
28.391, 28.6827, 12.4569
28.391, 28.6827, 12.4569
28.4117, 28.7012, 12.4574
28.4341, 28.721, 12.458
28.4341, 28.721, 12.458
28.4555, 28.7412, 12.4584
28.4555, 28.7412, 12.4584
28.4747, 28.7586, 12.4589
28.497, 28.7788, 12.4593
28.497, 28.7788, 12.4593
28.5174, 28.7973, 12.4596
28.5174, 28.7973, 12.4596
28.5398, 28.8177, 12.4598
28.5626, 28.8377, 12.4602
28.5626, 28.8377, 12.4602
28.5818, 28.8565, 12.4601
28.5818, 28.8565, 12.4601
28.6036, 28.8767, 12.4603
28.6228, 28.894, 12.4606
28.6228, 28.894, 12.4606
28.6464, 28.9157, 12.4607
28.6464, 28.9157, 12.4607
28.6655, 28.933, 12.4604
28.686, 28.9512, 12.4602
28.686, 28.9512, 12.4602
28.7097, 28.9729, 12.4603
28.7097, 28.9729, 12.4603
28.7299, 28.9921, 12.4601
28.75, 29.0113, 12.4596
28.75, 29.0113, 12.4596
28.7724, 29.0316, 12.4596
28.7724, 29.0316, 12.4596
28.7916, 29.0491, 12.459
28.8126, 29.0678, 12.4585
28.8126, 29.0678, 12.4585
28.8341, 29.0883, 12.4583
28.8341, 29.0883, 12.4583
28.8543, 29.1074, 12.4581
28.8779, 29.1297, 12.458
28.8779, 29.1297, 12.458
28.8969, 29.1474, 12.4581
28.8969, 29.1474, 12.4581
28.9197, 29.1679, 12.4584
28.9423, 29.1882, 12.4587
28.9423, 29.1882, 12.4587
28.9641, 29.2088, 12.4592
28.9641, 29.2088, 12.4592
28.9837, 29.2278, 12.4595
29.0032, 29.2454, 12.4601
29.0032, 29.2454, 12.4601
29.0257, 29.2662, 12.4606
29.0257, 29.2662, 12.4606
29.0485, 29.2866, 12.4613
29.0485, 29.2866, 12.4613
29.0715, 29.3069, 12.462
29.0911, 29.3261, 12.4615
29.0911, 29.3261, 12.4615
29.1119, 29.3448, 12.4618
29.1119, 29.3448, 12.4618
29.1335, 29.365, 12.4613
29.1524, 29.3822, 12.4608
29.1524, 29.3822, 12.4608
29.1753, 29.4025, 12.4607
29.1753, 29.4025, 12.4607
29.1987, 29.4234, 12.4602
