4.03227, 3.13452, 1.07857
4.02875, 3.13149, 1.07882
4.02265, 3.12562, 1.079
4.02001, 3.12283, 1.07951
4.01705, 3.11987, 1.08052
4.01705, 3.11987, 1.08052
4.01505, 3.11736, 1.0802
4.01078, 3.11418, 1.07939
4.00572, 3.11105, 1.07902
4.00138, 3.10847, 1.0787
3.9961, 3.10554, 1.07794
3.9907, 3.10299, 1.07752
3.98331, 3.09998, 1.07747
3.97539, 3.097, 1.07688
3.96811, 3.09447, 1.07584
3.94952, 3.08863, 1.07443
3.9405, 3.08611, 1.07356
3.92982, 3.08313, 1.07194
3.91926, 3.0801, 1.07087
3.90632, 3.07681, 1.06901
3.89438, 3.07393, 1.06767
3.88069, 3.07081, 1.06653
3.83497, 3.0618, 1.06289
3.82099, 3.05946, 1.06143
3.80247, 3.05635, 1.06054
3.78591, 3.05382, 1.05959
3.76821, 3.05135, 1.05858
3.74906, 3.04842, 1.05782
3.72971, 3.04568, 1.05732
3.70711, 3.04256, 1.0573
3.6671, 3.03778, 1.05665
3.64444, 3.03528, 1.05556
3.62179, 3.0325, 1.055
3.62179, 3.0325, 1.055
3.5979, 3.02984, 1.05427
3.55071, 3.02484, 1.05419
3.50374, 3.02047, 1.05408
3.50374, 3.02047, 1.05408
3.47694, 3.01794, 1.05383
3.4518, 3.01561, 1.05376
3.42582, 3.01344, 1.05351
3.40046, 3.01121, 1.05407
3.3751, 3.00936, 1.05362
3.34895, 3.00704, 1.05335
3.31877, 3.00457, 1.05276
3.26674, 3.00044, 1.05285
3.23877, 2.99859, 1.0525
3.21213, 2.99667, 1.05297
3.18353, 2.99467, 1.05253
3.1552, 2.99274, 1.05207
3.12662, 2.99107, 1.05166
3.09604, 2.98933, 1.05068
3.07095, 2.98815, 1.04942
3.01477, 2.98577, 1.04633
2.98358, 2.9843, 1.04542
2.95643, 2.98336, 1.04453
2.92491, 2.98239, 1.04391
2.89891, 2.98175, 1.0436
2.87309, 2.9811, 1.04354
2.84388, 2.98024, 1.04192
2.81464, 2.97961, 1.04025
2.78949, 2.97932, 1.03872
2.76422, 2.97887, 1.03745
2.76422, 2.97887, 1.03745
2.70981, 2.97857, 1.03443
2.68111, 2.97772, 1.03317
2.65311, 2.97742, 1.03209
2.62721, 2.97723, 1.03125
2.59936, 2.97702, 1.0308
2.5771, 2.97722, 1.03036
2.49545, 2.977, 1.02978
2.46958, 2.97729, 1.02974
2.44467, 2.97764, 1.02987
2.39259, 2.97793, 1.03106
2.36953, 2.97788, 1.03187
2.34354, 2.97788, 1.03301
2.29834, 2.97875, 1.03397
2.27449, 2.97915, 1.03415
2.25202, 2.97987, 1.03416
2.22793, 2.98066, 1.03466
2.20781, 2.98102, 1.03524
2.13944, 2.98231, 1.03776
2.13944, 2.98231, 1.03776
2.11762, 2.98276, 1.03965
2.09661, 2.98358, 1.04105
2.07541, 2.984, 1.04267
2.05393, 2.98412, 1.04441
2.00932, 2.9846, 1.0479
1.99025, 2.98521, 1.04854
1.9681, 2.98564, 1.05
1.94657, 2.98561, 1.05088
1.92488, 2.9855, 1.05178
1.90688, 2.98564, 1.05215
1.88545, 2.98576, 1.05283
1.86553, 2.98561, 1.05421
1.82352, 2.98589, 1.05567
1.80458, 2.98555, 1.05647
1.78503, 2.98545, 1.05721
1.76494, 2.98558, 1.05797
1.74412, 2.98565, 1.05921
1.70393, 2.98609, 1.0602
1.68373, 2.98599, 1.06025
1.66445, 2.98559, 1.06063
1.64655, 2.98566, 1.0607
1.58897, 2.98554, 1.06098
1.56783, 2.9849, 1.06162
1.54995, 2.98469, 1.06212
1.53077, 2.98471, 1.06242
1.51446, 2.98464, 1.06221
1.49374, 2.98478, 1.06045
1.47641, 2.98405, 1.05937
1.45777, 2.98366, 1.05834
1.43756, 2.98323, 1.05788
1.42175, 2.98341, 1.05712
1.40207, 2.98336, 1.05659
1.38392, 2.98256, 1.05654
1.36411, 2.98168, 1.0567
1.32897, 2.9816, 1.05681
1.32897, 2.9816, 1.05681
1.31252, 2.98142, 1.05757
1.29422, 2.98153, 1.05825
1.27561, 2.98063, 1.05971
1.2582, 2.97985, 1.06061
1.24118, 2.97967, 1.06081
1.2226, 2.97891, 1.06203
1.18745, 2.97858, 1.06318
1.16955, 2.97773, 1.06372
1.15235, 2.97669, 1.06435
1.1349, 2.97587, 1.06494
1.11502, 2.97499, 1.06571
1.06369, 2.97306, 1.06677
1.04517, 2.97215, 1.06688
1.01099, 2.97072, 1.06737
0.991531, 2.97013, 1.06706
0.973409, 2.96974, 1.06675
0.956358, 2.9687, 1.06677
0.920099, 2.96703, 1.06725
0.90276, 2.96669, 1.0674
0.886359, 2.96646, 1.06779
0.867998, 2.96622, 1.06806
0.849236, 2.96532, 1.06836
0.833344, 2.96443, 1.06882
0.815109, 2.96387, 1.06901
0.7982, 2.96344, 1.06934
0.779778, 2.9633, 1.06942
0.762113, 2.96238, 1.07041
0.74389, 2.96144, 1.07099
0.726398, 2.96069, 1.07165
0.708656, 2.96016, 1.07228
0.691456, 2.95979, 1.0729
0.675469, 2.95954, 1.07377
0.657316, 2.95863, 1.075
0.637878, 2.95805, 1.07092
0.621994, 2.95742, 1.06761
0.604511, 2.95708, 1.06443
0.587218, 2.95691, 1.06161
0.567919, 2.95675, 1.059
0.5506, 2.95598, 1.05721
0.53115, 2.95555, 1.05541
0.513569, 2.95482, 1.05437
0.478441, 2.95498, 1.05251
0.461401, 2.9551, 1.05143
0.441813, 2.95414, 1.05053
0.425685, 2.95367, 1.05006
0.405928, 2.95366, 1.04958
0.389966, 2.95351, 1.04968
0.369931, 2.9536, 1.05001
0.353463, 2.9537, 1.05029
0.334448, 2.95364, 1.05024
0.317228, 2.95359, 1.05048
0.298612, 2.9538, 1.05058
0.298612, 2.9538, 1.05058
0.241454, 2.95513, 1.05032
0.241454, 2.95513, 1.05032
0.224721, 2.955, 1.04991
0.203648, 2.95509, 1.04975
0.185962, 2.95542, 1.04957
0.168801, 2.95581, 1.04954
0.148786, 2.95663, 1.04932
0.130799, 2.95676, 1.04928
0.110863, 2.95667, 1.04961
0.0920093, 2.95707, 1.04961
0.071798, 2.95776, 1.04951
0.0538234, 2.95839, 1.04964
0.0155708, 2.95954, 1.0503
-0.00288862, 2.96026, 1.05085
-0.0229442, 2.96127, 1.05142
-0.0424686, 2.96236, 1.05215
-0.0608866, 2.96326, 1.05389
-0.0810864, 2.96478, 1.05423
-0.0995225, 2.96512, 1.05614
-0.119661, 2.96605, 1.05715
-0.138347, 2.96693, 1.0583
-0.176434, 2.96892, 1.06055
-0.196575, 2.96996, 1.06172
-0.216564, 2.97042, 1.06367
-0.23489, 2.97133, 1.06427
-0.255268, 2.97226, 1.06527
-0.276993, 2.97322, 1.06683
-0.295665, 2.97416, 1.06794
-0.314793, 2.97502, 1.06901
-0.334094, 2.97543, 1.07
-0.355394, 2.97583, 1.07164
-0.39244, 2.97696, 1.07372
-0.4128, 2.97777, 1.07445
-0.433854, 2.97801, 1.07592
-0.433854, 2.97801, 1.07592
-0.452309, 2.97835, 1.07679
-0.472235, 2.97893, 1.07725
-0.511825, 2.98017, 1.07674
-0.532633, 2.9811, 1.07585
-0.553356, 2.98168, 1.07504
-0.573068, 2.9823, 1.07431
-0.594036, 2.98311, 1.07333
-0.612818, 2.98383, 1.07262
-0.67311, 2.98621, 1.07116
-0.693211, 2.98692, 1.07076
-0.731502, 2.98836, 1.07061
-0.753165, 2.98929, 1.07034
-0.772001, 2.9901, 1.07049
-0.813529, 2.99121, 1.07057
-0.832266, 2.99181, 1.07052
-0.853518, 2.99252, 1.07073
-0.894136, 2.99403, 1.07025
-0.914458, 2.99479, 1.06999
-0.93362, 2.99553, 1.06987
-0.93362, 2.99553, 1.06987
-0.953782, 2.99637, 1.06944
-0.995352, 2.99821, 1.06848
-1.01511, 2.99891, 1.06824
-1.0567, 3.00043, 1.06783
-1.07744, 3.00109, 1.06844
-1.1179, 3.00215, 1.06881
-1.15713, 3.00296, 1.06823
-1.15713, 3.00296, 1.06823
-1.19863, 3.00387, 1.06656
-1.21931, 3.0044, 1.06534
-1.28138, 3.00632, 1.06188
-1.30235, 3.00698, 1.06054
-1.34221, 3.0083, 1.05657
-1.38263, 3.00982, 1.05244
-1.42504, 3.01158, 1.04956
-1.44516, 3.01247, 1.04847
-1.4658, 3.01328, 1.04744
-1.50751, 3.01487, 1.04588
-1.52815, 3.01566, 1.0453
-1.52815, 3.01566, 1.0453
-1.54828, 3.01641, 1.04493
-1.56972, 3.01717, 1.04465
-1.58947, 3.01766, 1.04294
-1.63002, 3.01856, 1.03487
-1.65237, 3.01904, 1.03148
-1.67225, 3.01947, 1.02857
-1.6944, 3.01997, 1.02562
-1.71445, 3.02045, 1.02343
-1.73375, 3.02092, 1.02119
-1.77791, 3.02196, 1.01755
-1.79661, 3.02242, 1.0166
-1.81843, 3.02307, 1.01594
-1.84047, 3.02369, 1.01561
-1.86096, 3.02428, 1.01564
-1.8822, 3.02487, 1.01584
-1.90228, 3.02545, 1.01625
-1.92327, 3.02603, 1.0163
-1.96582, 3.02722, 1.01689
-1.98526, 3.02779, 1.01742
-1.98526, 3.02779, 1.01742
-2.02767, 3.02884, 1.01828
-2.02767, 3.02884, 1.01828
-2.04889, 3.02939, 1.01899
-2.08664, 3.03033, 1.02016
-2.10972, 3.03098, 1.02116
-2.12794, 3.03145, 1.02175
-2.14739, 3.03196, 1.02275
-2.16957, 3.03249, 1.0236
-2.18934, 3.03301, 1.02496
-2.22892, 3.03376, 1.02664
-2.24901, 3.034, 1.02765
-2.26863, 3.03423, 1.02926
-2.28674, 3.03443, 1.03047
-2.32696, 3.03487, 1.03299
-2.34623, 3.03507, 1.03421
-2.36494, 3.03526, 1.03541
-2.38441, 3.03545, 1.03699
-2.40478, 3.03565, 1.038
-2.42322, 3.03583, 1.03903
-2.44359, 3.036, 1.03999
-2.48054, 3.03612, 1.04233
-2.50307, 3.03615, 1.04384
-2.52146, 3.03618, 1.04513
-2.54036, 3.03618, 1.04642
-2.5591, 3.03616, 1.04783
-2.57862, 3.03606, 1.04915
-2.59807, 3.03597, 1.05022
-2.61786, 3.03593, 1.05115
-2.65664, 3.0359, 1.0536
-2.6735, 3.03591, 1.05457
-2.6933, 3.03579, 1.05529
-2.7141, 3.03564, 1.05655
-2.7141, 3.03564, 1.05655
-2.73292, 3.03557, 1.05739
-2.77302, 3.03558, 1.0585
-2.79094, 3.03544, 1.05962
-2.81243, 3.03532, 1.05977
-2.8313, 3.03521, 1.06001
-2.85004, 3.03515, 1.06019
-2.86895, 3.03514, 1.06021
-2.88919, 3.03518, 1.05906
-2.9296, 3.03439, 1.05661
-2.94793, 3.03408, 1.05535
-2.96662, 3.03356, 1.0546
-2.98604, 3.03318, 1.05376
-3.00482, 3.03279, 1.05321
-3.02514, 3.03205, 1.05245
-3.044, 3.03129, 1.05196
-3.08467, 3.02995, 1.05171
-3.10436, 3.02949, 1.0517
-3.12334, 3.0291, 1.05183
-3.14369, 3.02824, 1.052
-3.16091, 3.02744, 1.05245
-3.18119, 3.02668, 1.05268
-3.20078, 3.02587, 1.05312
-3.24241, 3.02458, 1.05368
-3.25997, 3.02378, 1.05399
-3.28106, 3.02307, 1.05411
-3.30094, 3.02246, 1.05426
-3.32036, 3.02196, 1.05416
-3.34149, 3.02159, 1.05393
-3.36063, 3.02108, 1.05387
-3.37973, 3.02015, 1.05351
-3.40049, 3.01936, 1.05321
-3.44072, 3.01813, 1.05251
-3.4613, 3.01751, 1.05278
-3.48165, 3.01678, 1.05277
-3.49908, 3.01576, 1.05314
-3.52015, 3.01483, 1.05329
-3.54063, 3.01369, 1.05415
-3.55924, 3.01284, 1.05487
-3.57925, 3.01199, 1.05549
-3.59885, 3.01032, 1.05627
-3.63687, 3.00605, 1.05487
-3.65295, 3.00448, 1.05196
-3.67158, 3.00215, 1.0485
-3.68966, 3.00005, 1.04603
-3.70536, 2.99747, 1.04435
-3.72401, 2.99372, 1.04272
-3.74067, 2.99015, 1.04167
-3.77246, 2.98365, 1.04043
-3.78751, 2.98012, 1.0403
-3.80231, 2.97593, 1.04045
-3.81795, 2.97152, 1.04068
-3.83195, 2.96731, 1.04052
-3.86175, 2.95769, 1.04059
-3.87394, 2.95312, 1.04088
-3.88785, 2.94704, 1.04105
-3.90068, 2.94114, 1.04118
-3.91404, 2.93487, 1.04133
-3.92601, 2.92889, 1.04164
-3.92601, 2.92889, 1.04164
-3.95133, 2.91533, 1.04217
-3.96259, 2.90712, 1.04305
-3.97339, 2.89954, 1.04345
-3.98452, 2.8916, 1.04366
-3.99569, 2.88328, 1.04071
-4.01485, 2.86686, 1.03443
-4.02468, 2.85731, 1.03188
-4.03464, 2.84687, 1.02938
-4.04314, 2.83796, 1.02751
-4.05084, 2.82955, 1.02599
-4.06002, 2.81872, 1.02438
-4.07464, 2.79869, 1.02245
-4.08279, 2.78722, 1.02175
-4.08981, 2.77618, 1.02084
-4.0966, 2.76577, 1.01971
-4.10234, 2.75641, 1.01904
-4.10858, 2.74426, 1.01869
-4.12031, 2.72057, 1.01881
-4.12583, 2.70823, 1.01938
-4.13163, 2.69538, 1.02031
-4.13614, 2.68519, 1.02087
-4.1409, 2.67213, 1.02152
-4.14578, 2.65871, 1.02209
-4.15438, 2.63304, 1.02304
-4.15903, 2.61894, 1.02156
-4.16264, 2.60598, 1.02064
-4.16264, 2.60598, 1.02064
-4.16668, 2.59122, 1.02005
-4.17025, 2.57738, 1.01988
-4.17348, 2.56329, 1.02021
-4.17985, 2.53645, 1.02111
-4.18239, 2.52309, 1.02168
-4.18471, 2.5091, 1.02274
-4.18731, 2.49282, 1.02422
-4.18949, 2.47922, 1.02559
-4.19145, 2.46648, 1.02707
-4.1937, 2.4506, 1.02894
-4.19561, 2.43523, 1.03037
-4.19891, 2.40532, 1.03353
-4.20035, 2.39184, 1.03483
-4.20183, 2.37799, 1.03602
-4.20287, 2.36383, 1.03723
-4.20368, 2.34815, 1.03855
-4.20507, 2.31881, 1.04137
-4.20571, 2.30434, 1.04253
-4.20621, 2.29108, 1.04385
-4.2066, 2.27595, 1.04585
-4.20697, 2.24735, 1.04906
-4.20727, 2.23177, 1.05058
-4.20743, 2.21832, 1.05215
-4.20766, 2.20351, 1.05353
-4.20759, 2.18906, 1.05535
-4.20764, 2.17482, 1.05588
-4.20736, 2.1601, 1.05739
-4.20692, 2.13065, 1.05978
-4.20692, 2.13065, 1.05978
-4.20669, 2.1174, 1.06058
-4.205, 2.08746, 1.06143
-4.20416, 2.07327, 1.06185
-4.20335, 2.05871, 1.06219
-4.20258, 2.04632, 1.06272
-4.20176, 2.03186, 1.06284
-4.2003, 2.01641, 1.06297
-4.19779, 1.98893, 1.06346
-4.19656, 1.9748, 1.0636
-4.19543, 1.96168, 1.06383
-4.19437, 1.94897, 1.06407
-4.19274, 1.93415, 1.06439
-4.19093, 1.91902, 1.06506
-4.18949, 1.90658, 1.06564
-4.1867, 1.87947, 1.06634
-4.18534, 1.86628, 1.06657
-4.18388, 1.85343, 1.06693
-4.18235, 1.8385, 1.06712
-4.18101, 1.82542, 1.06744
-4.17833, 1.79864, 1.06815
-4.17672, 1.78481, 1.06839
-4.1745, 1.77006, 1.06897
-4.17307, 1.75867, 1.06879
-4.17135, 1.7451, 1.06864
-4.16821, 1.71972, 1.068
-4.16628, 1.70604, 1.06754
-4.16415, 1.69224, 1.06683
-4.16238, 1.67895, 1.06607
-4.15925, 1.65497, 1.0649
-4.15772, 1.64165, 1.06395
-4.15591, 1.62928, 1.06307
-4.15408, 1.61689, 1.06228
-4.15228, 1.60396, 1.0615
-4.15063, 1.59175, 1.06088
-4.14881, 1.57816, 1.06006
-4.14736, 1.56642, 1.05916
-4.14535, 1.55381, 1.05828
-4.14333, 1.54166, 1.05755
-4.14143, 1.52973, 1.05683
-4.13762, 1.50443, 1.05502
-4.13607, 1.49294, 1.05423
-4.13404, 1.48036, 1.05335
-4.13223, 1.46983, 1.05257
-4.13041, 1.45742, 1.05166
-4.12849, 1.44435, 1.05065
-4.12703, 1.43306, 1.0496
-4.12391, 1.41037, 1.04732
-4.12184, 1.39799, 1.04603
-4.12024, 1.38709, 1.04502
-4.11842, 1.37393, 1.04367
-4.11706, 1.36364, 1.04249
-4.11351, 1.3398, 1.04014
-4.11124, 1.32797, 1.03903
-4.10947, 1.31677, 1.03819
-4.10782, 1.30577, 1.0373
-4.10624, 1.29419, 1.0364
-4.10456, 1.28205, 1.03567
-4.10195, 1.25966, 1.0347
-4.10023, 1.248, 1.03438
-4.09853, 1.23804, 1.03444
-4.09686, 1.22586, 1.0346
-4.09402, 1.20384, 1.03529
-4.09272, 1.19342, 1.03587
-4.09083, 1.1819, 1.03665
-4.08939, 1.1709, 1.03693
-4.08753, 1.15987, 1.0378
-4.08604, 1.14864, 1.03842
-4.08468, 1.13799, 1.03913
-4.08325, 1.1268, 1.04019
-4.08183, 1.11591, 1.04047
-4.07998, 1.10553, 1.04126
-4.07705, 1.08491, 1.04224
-4.07588, 1.07395, 1.04255
-4.07499, 1.06446, 1.04268
-4.07311, 1.05298, 1.04283
-4.07148, 1.0439, 1.04309
-4.06964, 1.0329, 1.0432
-4.067, 1.01152, 1.04279
-4.06553, 1.00139, 1.04241
-4.06419, 0.990578, 1.04173
-4.06298, 0.980438, 1.041
-4.06187, 0.969526, 1.0403
-4.05992, 0.948434, 1.03839
-4.05899, 0.938913, 1.03696
-4.05761, 0.927624, 1.03523
-4.05661, 0.917451, 1.034
-4.05571, 0.907455, 1.03285
-4.05407, 0.884907, 1.03078
-4.05317, 0.8736, 1.02961
-4.05198, 0.863574, 1.02835
-4.05094, 0.853423, 1.02701
-4.05004, 0.8429, 1.02574
-4.04922, 0.831417, 1.02434
-4.04736, 0.809514, 1.02156
-4.04615, 0.798754, 1.02021
-4.04547, 0.789244, 1.01923
-4.04468, 0.778275, 1.01819
-4.04382, 0.766398, 1.01728
-4.04382, 0.766398, 1.01728
-4.04206, 0.744448, 1.01614
-4.04107, 0.735411, 1.01551
-4.04018, 0.7237, 1.01461
-4.0394, 0.713499, 1.0137
-4.03787, 0.689488, 1.01178
-4.03689, 0.680626, 1.01107
-4.03601, 0.669543, 1.01046
-4.03519, 0.658218, 1.0097
-4.03432, 0.64711, 1.00896
-4.03375, 0.636397, 1.00842
-4.03262, 0.615609, 1.00768
-4.03202, 0.605016, 1.00729
-4.03163, 0.594279, 1.00704
-4.03127, 0.583507, 1.00693
-4.03088, 0.572745, 1.00697
-4.02955, 0.551757, 1.00686
-4.02901, 0.539633, 1.00692
-4.02852, 0.529513, 1.00705
-4.02813, 0.517603, 1.00714
-4.02783, 0.506413, 1.00724
-4.02701, 0.495212, 1.00745
-4.02646, 0.485319, 1.00765
-4.02612, 0.474827, 1.0077
-4.0256, 0.463173, 1.00767
-4.02484, 0.441233, 1.00704
-4.02443, 0.428891, 1.0068
-4.02408, 0.417779, 1.00667
-4.02377, 0.405908, 1.0066
-4.02349, 0.394722, 1.00659
-4.02325, 0.382148, 1.00651
-4.02232, 0.360474, 1.00665
-4.02198, 0.349478, 1.00651
-4.02168, 0.338083, 1.0052
-4.02146, 0.326487, 1.00392
-4.02122, 0.314108, 1.00257
-4.02065, 0.3035, 1.00125
-4.01996, 0.281246, 0.999449
-4.01975, 0.268221, 0.998675
-4.01883, 0.231297, 0.996473
-4.0184, 0.219824, 0.996045
-4.018, 0.20857, 0.995687
-4.01765, 0.195403, 0.995573
-4.01698, 0.170624, 0.995769
-4.01636, 0.15839, 0.995676
-4.01609, 0.147711, 0.995593
-4.01566, 0.134243, 0.995296
-4.01536, 0.12322, 0.995114
-4.01507, 0.108819, 0.994889
-4.01457, 0.0982522, 0.994793
-4.01404, 0.0870469, 0.994775
-4.01379, 0.0762778, 0.994839
-4.01323, 0.0485366, 0.995304
-4.01302, 0.0361085, 0.995027
-4.01265, 0.0252606, 0.994822
-4.01202, 0.0121527, 0.994727
-4.0117, -7.90628e-05, 0.994717
-4.0113, -0.0118781, 0.994365
-4.01059, -0.0370828, 0.993316
-4.01, -0.0502458, 0.992999
-4.0096, -0.0604667, 0.992921
-4.00927, -0.0735752, 0.992853
-4.00901, -0.0855937, 0.992546
-4.00864, -0.113042, 0.992505
-4.00835, -0.124228, 0.992436
-4.00812, -0.136316, 0.992376
-4.00797, -0.148863, 0.99236
-4.0079, -0.16243, 0.991807
-4.00782, -0.188824, 0.990525
-4.00778, -0.203437, 0.990472
-4.00766, -0.213646, 0.990743
-4.00768, -0.226593, 0.991161
-4.00767, -0.240545, 0.991625
-4.00768, -0.265536, 0.988059
-4.00768, -0.276566, 0.986922
-4.0077, -0.289435, 0.986047
-4.0077, -0.289435, 0.986047
-4.00768, -0.302186, 0.985273
-4.00766, -0.316168, 0.984526
-4.00772, -0.341968, 0.983501
-4.00781, -0.354463, 0.98313
-4.00795, -0.36718, 0.98292
-4.0081, -0.378577, 0.982751
-4.00833, -0.391226, 0.982913
-4.00862, -0.405674, 0.983302
-4.00934, -0.427491, 0.983487
-4.00967, -0.439442, 0.981117
-4.00996, -0.452683, 0.979127
-4.01022, -0.466897, 0.977966
-4.01054, -0.48031, 0.976058
-4.01119, -0.50276, 0.973948
-4.01158, -0.514679, 0.972767
-4.01193, -0.528093, 0.971668
-4.01228, -0.540917, 0.97088
-4.01261, -0.555372, 0.970453
-4.01304, -0.566831, 0.970212
-4.01339, -0.577052, 0.970139
-4.01409, -0.603504, 0.970242
-4.01439, -0.617202, 0.970563
-4.01473, -0.631916, 0.970949
-4.01527, -0.642851, 0.971482
-4.01579, -0.655293, 0.972147
-4.01636, -0.665868, 0.972976
-4.01721, -0.692496, 0.974999
-4.01762, -0.706117, 0.976106
-4.01792, -0.717742, 0.977381
-4.01824, -0.729468, 0.978743
-4.01883, -0.753398, 0.98185
-4.01914, -0.766472, 0.98394
-4.01954, -0.779219, 0.985606
-4.02005, -0.790785, 0.987366
-4.02052, -0.802366, 0.989122
-4.02094, -0.815533, 0.990821
-4.02165, -0.841911, 0.994154
-4.02165, -0.841911, 0.994154
-4.02221, -0.853898, 0.995894
-4.02349, -0.875399, 0.998531
-4.02349, -0.875399, 0.998531
-4.02396, -0.890019, 0.999732
-4.02468, -0.915081, 1.00159
-4.02529, -0.92797, 1.00288
-4.02576, -0.938306, 1.00409
-4.02612, -0.952547, 1.00544
-4.02635, -0.965141, 1.00627
-4.02689, -0.993106, 1.00858
-4.02747, -1.00384, 1.01005
-4.02798, -1.01594, 1.0111
-4.0284, -1.02888, 1.01213
-4.02885, -1.0412, 1.01355
-4.02934, -1.068, 1.01585
-4.02976, -1.07858, 1.017
-4.03013, -1.09039, 1.01826
-4.0304, -1.10395, 1.0196
-4.03058, -1.11686, 1.02104
-4.03081, -1.14425, 1.02403
-4.03135, -1.1563, 1.02578
-4.03181, -1.16707, 1.02746
-4.03202, -1.18098, 1.02875
-4.0322, -1.19412, 1.0301
-4.03267, -1.22181, 1.03272
-4.03322, -1.23514, 1.03382
-4.03365, -1.24882, 1.03465
-4.03402, -1.26248, 1.03533
-4.03445, -1.27673, 1.03618
-4.03458, -1.28904, 1.03652
-4.03485, -1.30519, 1.03735
-4.03494, -1.33567, 1.03845
-4.03494, -1.33567, 1.03845
-4.03535, -1.34853, 1.03904
-4.03613, -1.37506, 1.03992
-4.03678, -1.40367, 1.04021
-4.03666, -1.41868, 1.03998
-4.03709, -1.43048, 1.04009
-4.03768, -1.44222, 1.04071
-4.0379, -1.45602, 1.04114
-4.03804, -1.46979, 1.04168
-4.0382, -1.49712, 1.04306
-4.03852, -1.50807, 1.04383
-4.03871, -1.52079, 1.04453
-4.03884, -1.53279, 1.0453
-4.03887, -1.54522, 1.04604
-4.03924, -1.58245, 1.04766
-4.03933, -1.59611, 1.04748
-4.03947, -1.62248, 1.0474
-4.03947, -1.62248, 1.0474
-4.03942, -1.63437, 1.04726
-4.03979, -1.64681, 1.04688
-4.04046, -1.65914, 1.04653
-4.04049, -1.67208, 1.04588
-4.04087, -1.69688, 1.04427
-4.04097, -1.71221, 1.04322
-4.04157, -1.72269, 1.04233
-4.04211, -1.73536, 1.04119
-4.04276, -1.74881, 1.03995
-4.04313, -1.78899, 1.03623
-4.0439, -1.80066, 1.03444
-4.04432, -1.8136, 1.0329
-4.04465, -1.82673, 1.03138
-4.04502, -1.85215, 1.02922
-4.04529, -1.86589, 1.02831
-4.04567, -1.87853, 1.02744
-4.04595, -1.89126, 1.02681
-4.04621, -1.90344, 1.02615
-4.04645, -1.91754, 1.02507
-4.0465, -1.92969, 1.02437
-4.04677, -1.94345, 1.02377
-4.04797, -1.97024, 1.02291
-4.04807, -1.98246, 1.02256
-4.0484, -1.99767, 1.02222
-4.04871, -2.0111, 1.02216
-4.04945, -2.023, 1.02208
-4.05006, -2.0353, 1.02204
-4.05051, -2.04966, 1.0218
-4.0512, -2.09429, 1.02099
-4.05166, -2.107, 1.02072
-4.05219, -2.11847, 1.02039
-4.05272, -2.13327, 1.01985
-4.05272, -2.13327, 1.01985
-4.05296, -2.16194, 1.01849
-4.05303, -2.17774, 1.01774
-4.05408, -2.18963, 1.01656
-4.05471, -2.20421, 1.01536
-4.05528, -2.21786, 1.01437
-4.05575, -2.23149, 1.01342
-4.05621, -2.24729, 1.01233
-4.05715, -2.27501, 1.01078
-4.05764, -2.28956, 1.01012
-4.05783, -2.30257, 1.00963
-4.05849, -2.33115, 1.00848
-4.05874, -2.34758, 1.00779
-4.05932, -2.35914, 1.00722
-4.05955, -2.37504, 1.00674
-4.05987, -2.38738, 1.00649
-4.05974, -2.41794, 1.00621
-4.05992, -2.43265, 1.00629
-4.05993, -2.44519, 1.00628
-4.06008, -2.4605, 1.00652
-4.06001, -2.47379, 1.00689
-4.05937, -2.5004, 1.00773
-4.05881, -2.51466, 1.00802
-4.05832, -2.52912, 1.00834
-4.05786, -2.54215, 1.00871
-4.05573, -2.56952, 1.00943
-4.05377, -2.59519, 1.01005
-4.05244, -2.60867, 1.01014
-4.0507, -2.62262, 1.01018
-4.04863, -2.6367, 1.0102
-4.04649, -2.64903, 1.01009
-4.04412, -2.66266, 1.00988
-4.04181, -2.67508, 1.00975
-4.03921, -2.68743, 1.00975
-4.03609, -2.70056, 1.00976
-4.02913, -2.72564, 1.01008
-4.02536, -2.73757, 1.01009
-4.02122, -2.75003, 1.01029
-4.01742, -2.76034, 1.01066
-4.01242, -2.77291, 1.01115
-4.00714, -2.78501, 1.01162
-4.00139, -2.79724, 1.0122
-3.99634, -2.8075, 1.01274
-3.99083, -2.81805, 1.01292
-3.97741, -2.84102, 1.01126
-3.97098, -2.85096, 1.01031
-3.96336, -2.86206, 1.00918
-3.94623, -2.88386, 1.00732
-3.93693, -2.89465, 1.00632
-3.93693, -2.89465, 1.00632
-3.92721, -2.9052, 1.00511
-3.91762, -2.91511, 1.00404
-3.90681, -2.92561, 1.00303
-3.89633, -2.93484, 1.00203
-3.87193, -2.95468, 0.999493
-3.85947, -2.96408, 0.998585
-3.84572, -2.97385, 0.997925
-3.83143, -2.98326, 0.997393
-3.81502, -2.99269, 0.996692
-3.78356, -3.00976, 0.995923
-3.76799, -3.01768, 0.995757
-3.74952, -3.02677, 0.99561
-3.73179, -3.03485, 0.995241
-3.71457, -3.04184, 0.994937
-3.69836, -3.04808, 0.994733
-3.67746, -3.05599, 0.994556
-3.65892, -3.06255, 0.994434
-3.63996, -3.06895, 0.994346
-3.59824, -3.0806, 0.994112
-3.57639, -3.0861, 0.993964
-3.55727, -3.09058, 0.993739
-3.53376, -3.09583, 0.993239
-3.51142, -3.1009, 0.99258
-3.49011, -3.10491, 0.991366
-3.46585, -3.1087, 0.99001
-3.4181, -3.11612, 0.987539
-3.39309, -3.11971, 0.986135
-3.36924, -3.12292, 0.984936
-3.34503, -3.12491, 0.983608
-3.31812, -3.12727, 0.982073
-3.29291, -3.12904, 0.979983
-3.26861, -3.1311, 0.97909
-3.24415, -3.13285, 0.978113
-3.21671, -3.1344, 0.977109
-3.21671, -3.1344, 0.977109
-3.19346, -3.13493, 0.976593
-3.13903, -3.1366, 0.976508
-3.11066, -3.1372, 0.976552
-3.083, -3.13796, 0.97697
-3.05915, -3.13824, 0.977375
-3.03178, -3.13797, 0.977887
-3.00535, -3.13769, 0.978477
-2.9492, -3.13725, 0.979801
-2.92261, -3.13701, 0.980423
-2.86444, -3.13511, 0.981682
-2.83645, -3.13403, 0.981988
-2.75063, -3.13102, 0.98209
-2.72474, -3.12902, 0.981852
-2.69379, -3.12706, 0.98177
-2.66745, -3.1253, 0.981775
-2.63868, -3.12362, 0.981628
-2.58325, -3.12048, 0.981243
-2.55446, -3.11818, 0.981251
-2.52479, -3.11539, 0.981213
-2.49786, -3.11325, 0.981251
-2.46937, -3.11089, 0.98089
-2.44428, -3.10902, 0.980625
-2.4178, -3.10662, 0.980496
-2.4178, -3.10662, 0.980496
-2.38612, -3.10362, 0.980645
-2.33279, -3.09855, 0.98071
-2.30487, -3.0962, 0.980842
-2.2771, -3.09378, 0.979547
-2.25001, -3.0914, 0.974361
-2.2234, -3.08785, 0.969805
-2.1966, -3.08457, 0.965856
-2.14591, -3.0788, 0.958962
-2.09033, -3.07216, 0.953348
-2.0645, -3.06849, 0.951822
-2.01172, -3.06208, 0.950584
-1.98709, -3.0593, 0.950636
-1.93579, -3.05319, 0.951894
-1.91038, -3.0495, 0.952721
-1.85826, -3.04253, 0.954735
-1.83308, -3.03988, 0.955665
-1.80521, -3.03656, 0.956736
-1.78069, -3.03276, 0.957697
-1.75622, -3.02935, 0.958433
-1.73053, -3.02632, 0.958698
-1.70683, -3.0237, 0.958927
-1.6819, -3.0214, 0.959326
-1.63386, -3.0159, 0.960072
-1.61023, -3.01277, 0.960463
-1.5841, -3.01005, 0.961118
-1.5841, -3.01005, 0.961118
-1.55964, -3.00707, 0.96162
-1.53515, -3.00511, 0.962381
-1.51187, -3.00298, 0.963165
-1.46495, -2.99625, 0.964798
-1.44105, -2.99399, 0.965775
-1.41757, -2.99263, 0.966878
-1.39331, -2.99046, 0.967854
-1.37019, -2.98734, 0.968741
-1.32411, -2.98239, 0.970623
-1.30176, -2.98037, 0.971364
-1.2783, -2.97874, 0.972032
-1.25325, -2.97753, 0.972776
-1.23295, -2.9765, 0.973191
-1.20967, -2.97587, 0.973702
-1.18695, -2.97513, 0.974179
-1.16422, -2.97355, 0.974607
-1.14493, -2.97235, 0.974937
-1.05361, -2.96791, 0.975679
-1.03206, -2.96618, 0.975877
-1.01041, -2.96419, 0.976122
-0.989056, -2.96387, 0.976707
-0.966096, -2.96291, 0.977345
-0.944948, -2.96267, 0.978057
-0.923329, -2.96226, 0.978754
-0.90121, -2.96091, 0.979418
-0.879537, -2.95988, 0.979999
-0.857706, -2.95862, 0.98041
-0.83923, -2.95856, 0.98078
-0.81549, -2.95822, 0.98125
-0.794502, -2.95789, 0.980117
-0.733328, -2.95399, 0.97765
-0.688847, -2.95301, 0.976714
-0.64712, -2.95044, 0.976151
-0.624919, -2.94983, 0.975964
-0.604732, -2.9494, 0.975922
-0.582311, -2.94901, 0.975962
-0.561647, -2.94925, 0.976204
-0.539554, -2.94805, 0.976574
-0.520485, -2.94694, 0.976753
-0.49835, -2.94655, 0.976958
-0.474762, -2.94668, 0.977207
-0.453833, -2.94681, 0.977417
-0.4114, -2.9458, 0.977494
-0.366681, -2.94526, 0.977357
-0.347325, -2.94516, 0.977101
-0.325659, -2.94562, 0.977014
-0.279116, -2.94478, 0.977384
-0.260509, -2.94484, 0.97775
-0.238132, -2.9443, 0.978243
-0.238132, -2.9443, 0.978243
-0.215596, -2.94476, 0.978899
-0.192903, -2.94556, 0.97959
-0.17047, -2.94563, 0.9802
-0.150645, -2.94478, 0.980715
-0.126268, -2.94477, 0.981387
-0.105439, -2.94399, 0.981862
-0.0380011, -2.94488, 0.983397
0.00639079, -2.94356, 0.984563
0.0291708, -2.94386, 0.985234
0.0520049, -2.94397, 0.985896
0.073354, -2.94464, 0.986567
0.0967945, -2.94428, 0.987012
0.120545, -2.94425, 0.987459
0.142776, -2.94437, 0.98802
0.166456, -2.94449, 0.988478
0.189669, -2.94538, 0.988898
0.236514, -2.94655, 0.989938
0.257965, -2.94669, 0.990413
0.281025, -2.94737, 0.990511
0.304462, -2.94838, 0.990506
0.32618, -2.94942, 0.990516
0.350897, -2.95034, 0.990457
0.373464, -2.95048, 0.990312
0.396613, -2.95096, 0.990357
0.419714, -2.95168, 0.990479
0.443423, -2.95274, 0.990634
0.467059, -2.95401, 0.990823
0.51226, -2.95507, 0.990663
0.534343, -2.95535, 0.990438
0.55939, -2.95573, 0.989984
0.55939, -2.95573, 0.989984
0.581068, -2.9565, 0.989278
0.627486, -2.95826, 0.988084
0.651693, -2.95859, 0.98752
0.675121, -2.95858, 0.986741
0.697345, -2.95925, 0.98604
0.741618, -2.96113, 0.984543
0.767044, -2.96123, 0.983731
0.791136, -2.96139, 0.983456
0.813163, -2.96158, 0.983181
0.834884, -2.96199, 0.982783
0.858603, -2.9628, 0.981869
0.883265, -2.96386, 0.98098
0.905156, -2.96427, 0.980301
0.928379, -2.96403, 0.974473
0.951372, -2.96444, 0.970651
0.997585, -2.96583, 0.964849
1.01927, -2.9666, 0.962734
1.04164, -2.96662, 0.96075
1.11107, -2.96769, 0.952385
1.13707, -2.96872, 0.950315
1.1575, -2.96942, 0.948525
1.18476, -2.96954, 0.946836
1.23077, -2.97052, 0.945374
1.27741, -2.97208, 0.945658
1.29953, -2.97275, 0.946237
1.32488, -2.97293, 0.947057
1.34475, -2.97348, 0.948172
1.37059, -2.97405, 0.949368
1.39321, -2.97481, 0.950574
1.41681, -2.97574, 0.951994
1.43883, -2.97613, 0.953335
1.46273, -2.97634, 0.954964
1.48659, -2.9764, 0.956669
1.50903, -2.97683, 0.958438
1.53099, -2.97734, 0.959929
1.55464, -2.97804, 0.961643
1.57845, -2.97838, 0.96346
1.60235, -2.9781, 0.965568
1.62652, -2.97836, 0.967675
1.6475, -2.9786, 0.969612
1.71806, -2.97997, 0.975453
1.74087, -2.98021, 0.977078
1.76717, -2.98056, 0.97887
1.78734, -2.98111, 0.980212
1.83656, -2.9825, 0.984009
1.85865, -2.98287, 0.985009
1.88237, -2.98332, 0.985406
1.90462, -2.98381, 0.985947
1.93006, -2.98458, 0.986615
1.95152, -2.98525, 0.987231
2.00066, -2.98643, 0.989209
2.02405, -2.98683, 0.990225
2.04766, -2.98735, 0.991317
2.07044, -2.9879, 0.992414
2.09447, -2.98844, 0.993604
2.11711, -2.98901, 0.994523
2.14136, -2.98943, 0.995581
2.16643, -2.98983, 0.996428
2.18905, -2.99055, 0.996211
2.21282, -2.99117, 0.99567
2.23298, -2.99186, 0.995548
2.25858, -2.99265, 0.995411
2.30818, -2.99379, 0.994765
2.32913, -2.99444, 0.99472
2.32913, -2.99444, 0.99472
2.3551, -2.99515, 0.994394
2.37839, -2.99587, 0.994303
2.40317, -2.99611, 0.994413
2.44744, -2.99676, 0.994769
2.47203, -2.99707, 0.994962
2.49616, -2.99752, 0.995407
2.5186, -2.99798, 0.995697
2.53982, -2.99843, 0.995811
2.5638, -2.99882, 0.996052
2.61112, -2.9995, 0.997185
2.61112, -2.9995, 0.997185
2.63513, -2.99994, 0.997887
2.68223, -3.00083, 0.999649
2.70683, -3.00134, 1.00048
2.72895, -3.00189, 1.00135
2.80154, -3.00404, 1.00348
2.82419, -3.00454, 1.00396
2.84638, -3.00509, 1.00411
2.87187, -3.00574, 1.00416
2.89454, -3.00638, 1.0042
2.91464, -3.00701, 1.00415
2.93717, -3.00773, 1.00416
2.96214, -3.00853, 1.00449
2.98607, -3.00932, 1.00482
3.01019, -3.01016, 1.00527
3.0341, -3.011, 1.00581
3.05546, -3.01176, 1.00603
3.07699, -3.01254, 1.00637
3.10182, -3.01345, 1.0068
3.12492, -3.0143, 1.00734
3.14872, -3.01519, 1.00817
3.17098, -3.01602, 1.00904
3.19039, -3.01677, 1.00996
3.19039, -3.01677, 1.00996
3.21443, -3.01749, 1.01092
3.23991, -3.01818, 1.01104
3.25931, -3.01872, 1.01133
3.28509, -3.0194, 1.01168
3.30599, -3.01994, 1.01223
3.33078, -3.02057, 1.01304
3.3513, -3.02105, 1.01346
3.3727, -3.02155, 1.0137
3.3949, -3.02208, 1.01262
3.41642, -3.02254, 1.01194
3.41642, -3.02254, 1.01194
3.43936, -3.02299, 1.0114
3.46239, -3.02343, 1.011
3.48605, -3.02362, 1.01088
3.50944, -3.02382, 1.01087
3.55298, -3.02418, 1.0112
3.55298, -3.02418, 1.0112
3.57612, -3.0244, 1.01128
3.59975, -3.0246, 1.01151
3.62059, -3.02472, 1.01201
3.64587, -3.02485, 1.01269
3.66744, -3.02493, 1.01324
3.69019, -3.02496, 1.01375
3.78347, -3.02432, 1.01483
3.83045, -3.0236, 1.01558
3.85159, -3.02322, 1.01552
3.87492, -3.02283, 1.01557
3.87492, -3.02283, 1.01557
3.8992, -3.02251, 1.01555
