5.00793, -2.53158, 12.5167
5.00793, -2.53158, 12.5167
5.00806, -2.53303, 12.5165
5.00822, -2.53399, 12.5165
5.00822, -2.53399, 12.5165
5.00837, -2.53514, 12.5169
5.00837, -2.53514, 12.5169
5.00858, -2.5356, 12.5199
5.00899, -2.5357, 12.5297
5.00899, -2.5357, 12.5297
5.00949, -2.5358, 12.5454
5.00949, -2.5358, 12.5454
5.00999, -2.53633, 12.5658
5.01042, -2.53655, 12.5826
5.01042, -2.53655, 12.5826
5.01084, -2.53545, 12.6003
5.01084, -2.53545, 12.6003
5.01112, -2.53376, 12.6144
5.01135, -2.53044, 12.6286
5.01135, -2.53044, 12.6286
5.01139, -2.52478, 12.6406
5.01105, -2.51863, 12.6488
5.01105, -2.51863, 12.6488
5.01057, -2.51136, 12.6531
5.01057, -2.51136, 12.6531
5.01007, -2.50135, 12.6542
5.01007, -2.50135, 12.6542
5.00952, -2.4884, 12.6532
5.0089, -2.47345, 12.6499
5.0089, -2.47345, 12.6499
5.00815, -2.4574, 12.6451
5.0073, -2.44075, 12.6394
5.0073, -2.44075, 12.6394
5.00653, -2.42183, 12.6354
5.00653, -2.42183, 12.6354
5.00558, -2.40069, 12.6314
5.00558, -2.40069, 12.6314
5.00468, -2.37839, 12.6299
5.00381, -2.35421, 12.6322
5.00381, -2.35421, 12.6322
5.00301, -2.32863, 12.6384
5.00301, -2.32863, 12.6384
5.00237, -2.30491, 12.6453
5.00171, -2.2799, 12.6524
5.00171, -2.2799, 12.6524
5.00098, -2.25282, 12.6609
5.0003, -2.22765, 12.6679
5.0003, -2.22765, 12.6679
4.99959, -2.20139, 12.6764
4.99959, -2.20139, 12.6764
4.99906, -2.17055, 12.6861
4.9988, -2.14633, 12.6942
4.9988, -2.14633, 12.6942
4.99827, -2.11376, 12.7032
4.99827, -2.11376, 12.7032
4.99794, -2.08658, 12.7098
4.99749, -2.05984, 12.7146
4.99749, -2.05984, 12.7146
4.99687, -2.02761, 12.7192
4.99687, -2.02761, 12.7192
4.99649, -1.99478, 12.7244
4.99625, -1.96393, 12.7301
4.99625, -1.96393, 12.7301
4.99606, -1.93041, 12.7364
4.99606, -1.93041, 12.7364
4.99571, -1.90045, 12.7422
4.99555, -1.86833, 12.7483
4.99555, -1.86833, 12.7483
4.99522, -1.83316, 12.7558
4.99522, -1.83316, 12.7558
4.9953, -1.79509, 12.7652
4.99549, -1.76541, 12.7724
4.99549, -1.76541, 12.7724
4.99544, -1.72869, 12.7813
4.99544, -1.72869, 12.7813
4.99542, -1.69482, 12.7893
4.99542, -1.69482, 12.7893
4.99542, -1.65485, 12.7994
4.99544, -1.61962, 12.8085
4.99544, -1.61962, 12.8085
4.99581, -1.58409, 12.8174
4.99581, -1.58409, 12.8174
4.99612, -1.54824, 12.8258
4.99628, -1.50952, 12.8347
4.99628, -1.50952, 12.8347
4.9965, -1.47682, 12.8413
4.99663, -1.43506, 12.85
4.99663, -1.43506, 12.85
4.99664, -1.39568, 12.8595
4.99664, -1.39568, 12.8595
4.99691, -1.35797, 12.8696
4.99699, -1.31837, 12.8813
4.99699, -1.31837, 12.8813
4.99681, -1.28324, 12.8923
4.99681, -1.28324, 12.8923
4.99697, -1.24184, 12.9051
4.99697, -1.24184, 12.9051
4.99665, -1.20283, 12.9177
4.99608, -1.16468, 12.9302
4.99608, -1.16468, 12.9302
4.99616, -1.12364, 12.9434
4.99616, -1.12364, 12.9434
4.99596, -1.08537, 12.9552
4.99596, -1.08537, 12.9552
4.99596, -1.08537, 12.9552
4.99533, -1.00312, 12.981
4.99487, -0.964599, 12.9932
4.99487, -0.964599, 12.9932
4.99487, -0.964599, 12.9932
4.99487, -0.964599, 12.9932
4.99421, -0.887316, 13.017
4.99421, -0.887316, 13.017
4.99411, -0.841618, 13.0308
4.99411, -0.841618, 13.0308
4.99411, -0.841618, 13.0308
4.99357, -0.7596, 13.0549
4.99357, -0.7596, 13.0549
4.99357, -0.7596, 13.0549
4.993, -0.71722, 13.0671
4.993, -0.71722, 13.0671
4.99254, -0.676957, 13.0788
4.99254, -0.676957, 13.0788
4.99211, -0.636296, 13.0901
4.99161, -0.596057, 13.1007
4.99161, -0.596057, 13.1007
4.9909, -0.552463, 13.1116
4.9909, -0.552463, 13.1116
4.99032, -0.514762, 13.1209
4.98948, -0.471266, 13.1313
4.98948, -0.471266, 13.1313
4.98872, -0.426843, 13.1418
4.98792, -0.388685, 13.1505
4.98792, -0.388685, 13.1505
4.98711, -0.343508, 13.1613
4.98711, -0.343508, 13.1613
4.98612, -0.299886, 13.1715
4.98612, -0.299886, 13.1715
4.98514, -0.254747, 13.1821
4.98413, -0.216677, 13.1905
4.98413, -0.216677, 13.1905
4.98326, -0.174562, 13.1999
4.98326, -0.174562, 13.1999
4.98226, -0.129262, 13.2096
4.98121, -0.0804545, 13.2197
4.98121, -0.0804545, 13.2197
4.98019, -0.0407358, 13.2279
4.98019, -0.0407358, 13.2279
4.97912, 0.00520246, 13.2372
4.97802, 0.0441463, 13.2448
4.97802, 0.0441463, 13.2448
4.97691, 0.0903323, 13.2538
4.97691, 0.0903323, 13.2538
4.97599, 0.137531, 13.2628
4.97506, 0.177847, 13.2703
4.97506, 0.177847, 13.2703
4.97369, 0.227784, 13.2793
4.97252, 0.271311, 13.2871
4.97252, 0.271311, 13.2871
4.97132, 0.311275, 13.2943
4.97132, 0.311275, 13.2943
4.97005, 0.354379, 13.302
4.96882, 0.402444, 13.3104
4.96882, 0.402444, 13.3104
4.96756, 0.449981, 13.3181
4.96756, 0.449981, 13.3181
4.96631, 0.494978, 13.3252
4.96519, 0.538896, 13.332
4.96519, 0.538896, 13.332
4.9638, 0.58731, 13.3396
4.9638, 0.58731, 13.3396
4.96269, 0.635817, 13.3471
4.96153, 0.682539, 13.3546
4.96153, 0.682539, 13.3546
4.96049, 0.723345, 13.3612
4.96049, 0.723345, 13.3612
4.95922, 0.774423, 13.3695
4.95814, 0.818965, 13.3767
4.95814, 0.818965, 13.3767
4.95711, 0.860453, 13.3834
4.95711, 0.860453, 13.3834
4.956, 0.908066, 13.391
4.95507, 0.954006, 13.3982
4.95507, 0.954006, 13.3982
4.95403, 1.00272, 13.4057
4.95403, 1.00272, 13.4057
4.953, 1.05168, 13.413
4.953, 1.05168, 13.413
4.95207, 1.09738, 13.4196
4.95125, 1.13971, 13.4251
4.95125, 1.13971, 13.4251
4.94978, 1.19336, 13.4316
4.94978, 1.19336, 13.4316
4.94845, 1.24053, 13.437
4.94717, 1.2898, 13.4426
4.94717, 1.2898, 13.4426
4.94593, 1.33771, 13.4478
4.94486, 1.38032, 13.452
4.94486, 1.38032, 13.452
4.94356, 1.43038, 13.4567
4.94356, 1.43038, 13.4567
4.94256, 1.47806, 13.4609
4.94151, 1.52817, 13.4648
4.94151, 1.52817, 13.4648
4.94049, 1.57897, 13.4675
4.94049, 1.57897, 13.4675
4.93958, 1.62533, 13.4699
4.93859, 1.67657, 13.4726
4.93859, 1.67657, 13.4726
4.93772, 1.7219, 13.4752
4.93772, 1.7219, 13.4752
4.93676, 1.76907, 13.4778
4.93676, 1.76907, 13.4778
4.93572, 1.82125, 13.4805
4.93482, 1.86912, 13.4829
4.93482, 1.86912, 13.4829
4.9339, 1.92093, 13.4854
4.9339, 1.92093, 13.4854
4.93308, 1.96849, 13.4878
4.93233, 2.0155, 13.4898
4.93233, 2.0155, 13.4898
4.93123, 2.0685, 13.4918
4.93123, 2.0685, 13.4918
4.93033, 2.11708, 13.4932
4.92951, 2.16526, 13.4939
4.92951, 2.16526, 13.4939
4.92867, 2.21707, 13.494
4.92867, 2.21707, 13.494
4.92786, 2.26881, 13.4935
4.92717, 2.3152, 13.4926
4.92717, 2.3152, 13.4926
4.92637, 2.36728, 13.4905
4.92637, 2.36728, 13.4905
4.92574, 2.41617, 13.4861
4.92515, 2.46847, 13.4808
4.92515, 2.46847, 13.4808
4.92464, 2.51718, 13.4748
4.92464, 2.51718, 13.4748
4.92414, 2.56889, 13.4678
4.92385, 2.61414, 13.4607
4.92385, 2.61414, 13.4607
4.92371, 2.66386, 13.453
4.92371, 2.66386, 13.453
4.92367, 2.72025, 13.4446
4.92367, 2.76876, 13.4367
4.92367, 2.76876, 13.4367
4.92373, 2.8193, 13.4289
4.92373, 2.8193, 13.4289
4.92373, 2.8193, 13.4289
4.92381, 2.86888, 13.4213
4.92381, 2.86888, 13.4213
4.92389, 2.92411, 13.4125
4.92401, 2.97339, 13.406
4.92401, 2.97339, 13.406
4.92422, 3.02325, 13.3996
4.92422, 3.02325, 13.3996
4.92447, 3.07308, 13.3932
4.92477, 3.1264, 13.3861
4.92507, 3.17475, 13.3795
4.92507, 3.17475, 13.3795
4.9288, 3.53494, 13.3094
4.92944, 3.59013, 13.2972
4.92944, 3.59013, 13.2972
4.93012, 3.63931, 13.2865
4.93012, 3.63931, 13.2865
4.93095, 3.69258, 13.2748
4.93173, 3.74082, 13.2639
4.93173, 3.74082, 13.2639
4.93257, 3.79565, 13.2486
4.93257, 3.79565, 13.2486
4.93316, 3.84607, 13.2317
4.93358, 3.8946, 13.2126
4.93358, 3.8946, 13.2126
4.93417, 3.95197, 13.1863
4.93417, 3.95197, 13.1863
4.93468, 4.00186, 13.1611
4.93468, 4.00186, 13.1611
4.93523, 4.0503, 13.1352
4.93594, 4.10376, 13.1054
4.93594, 4.10376, 13.1054
4.93684, 4.15885, 13.075
4.93772, 4.20536, 13.0486
4.93772, 4.20536, 13.0486
4.93885, 4.26044, 13.0177
4.93885, 4.26044, 13.0177
4.94008, 4.31448, 12.9861
4.94114, 4.35926, 12.9592
4.94114, 4.35926, 12.9592
4.94247, 4.41192, 12.9261
4.94247, 4.41192, 12.9261
4.94449, 4.4672, 12.8917
4.94639, 4.5196, 12.8576
4.94639, 4.5196, 12.8576
4.94848, 4.57318, 12.8226
4.94848, 4.57318, 12.8226
4.9502, 4.61704, 12.7925
4.95237, 4.66961, 12.7562
4.95237, 4.66961, 12.7562
4.95475, 4.72267, 12.7199
4.95475, 4.72267, 12.7199
4.95725, 4.77269, 12.6864
4.95725, 4.77269, 12.6864
4.95992, 4.82526, 12.6506
4.96232, 4.87038, 12.6199
4.96232, 4.87038, 12.6199
4.96492, 4.91841, 12.5865
4.96492, 4.91841, 12.5865
4.96792, 4.9723, 12.5482
4.97079, 5.01948, 12.5148
4.97079, 5.01948, 12.5148
4.97406, 5.06744, 12.4808
4.97713, 5.11127, 12.4495
4.97713, 5.11127, 12.4495
4.98081, 5.16171, 12.4128
4.98081, 5.16171, 12.4128
4.98456, 5.21369, 12.3736
4.98789, 5.25798, 12.3397
4.98789, 5.25798, 12.3397
4.9912, 5.30092, 12.3066
4.9912, 5.30092, 12.3066
4.99502, 5.34839, 12.2696
4.99835, 5.39024, 12.2354
4.99835, 5.39024, 12.2354
4.99835, 5.39024, 12.2354
4.99835, 5.39024, 12.2354
5.00215, 5.43745, 12.1962
5.00538, 5.47581, 12.1638
5.00538, 5.47581, 12.1638
5.00944, 5.52337, 12.1228
5.00944, 5.52337, 12.1228
5.01301, 5.5641, 12.0884
5.01714, 5.60863, 12.0504
5.01714, 5.60863, 12.0504
5.0211, 5.65028, 12.0137
5.0211, 5.65028, 12.0137
5.02487, 5.68862, 11.979
5.02864, 5.72583, 11.9442
5.02864, 5.72583, 11.9442
5.03256, 5.7635, 11.9078
5.03256, 5.7635, 11.9078
5.03639, 5.79719, 11.8756
5.03639, 5.79719, 11.8756
5.04069, 5.83382, 11.8397
5.04544, 5.87339, 11.7996
5.04544, 5.87339, 11.7996
5.04904, 5.90316, 11.768
5.04904, 5.90316, 11.768
5.05334, 5.93711, 11.7312
5.05772, 5.97057, 11.6942
5.05772, 5.97057, 11.6942
5.06157, 5.99925, 11.6628
5.06581, 6.03054, 11.6265
5.06581, 6.03054, 11.6265
5.06998, 6.06037, 11.5903
5.06998, 6.06037, 11.5903
5.07352, 6.08467, 11.5599
5.07781, 6.11351, 11.5217
5.07781, 6.11351, 11.5217
5.08125, 6.13593, 11.491
5.08125, 6.13593, 11.491
5.08524, 6.16397, 11.4525
5.08854, 6.18669, 11.4195
5.08854, 6.18669, 11.4195
5.09183, 6.20843, 11.3858
5.09183, 6.20843, 11.3858
5.09525, 6.2303, 11.3496
5.09832, 6.24965, 11.3154
5.09832, 6.24965, 11.3154
5.10109, 6.26665, 11.2834
5.10109, 6.26665, 11.2834
5.10416, 6.28709, 11.2442
5.10416, 6.28709, 11.2442
5.10669, 6.30458, 11.2098
5.10926, 6.32257, 11.1727
5.10926, 6.32257, 11.1727
5.11158, 6.33778, 11.1388
5.1139, 6.35321, 11.1029
5.1139, 6.35321, 11.1029
5.11602, 6.36649, 11.0693
5.11602, 6.36649, 11.0693
5.11762, 6.38096, 11.0353
5.11762, 6.38096, 11.0353
5.11938, 6.39306, 11.0024
5.12103, 6.40619, 10.9663
5.12103, 6.40619, 10.9663
5.1226, 6.41728, 10.9326
5.12397, 6.42672, 10.902
5.12397, 6.42672, 10.902
5.12555, 6.43666, 10.8668
5.12555, 6.43666, 10.8668
5.12699, 6.44582, 10.8323
5.12837, 6.45352, 10.7999
5.12837, 6.45352, 10.7999
5.12971, 6.45993, 10.77
5.12971, 6.45993, 10.77
5.13054, 6.47003, 10.7324
5.13054, 6.47003, 10.7324
5.13168, 6.47686, 10.7
5.13265, 6.48359, 10.6672
5.13265, 6.48359, 10.6672
5.13372, 6.48999, 10.6325
5.13372, 6.48999, 10.6325
5.13473, 6.49549, 10.6001
5.13555, 6.5011, 10.5679
5.13555, 6.5011, 10.5679
5.13555, 6.5011, 10.5679
5.13635, 6.50703, 10.5335
5.13635, 6.50703, 10.5335
5.13718, 6.51144, 10.5041
5.13718, 6.51144, 10.5041
5.13783, 6.51656, 10.4723
5.1388, 6.52076, 10.4381
5.1388, 6.52076, 10.4381
5.13967, 6.52475, 10.4041
5.13967, 6.52475, 10.4041
5.14035, 6.52793, 10.3749
5.14093, 6.53182, 10.3401
5.14093, 6.53182, 10.3401
5.14144, 6.53507, 10.307
5.14144, 6.53507, 10.307
5.14194, 6.53835, 10.2708
5.14273, 6.5406, 10.2361
5.14273, 6.5406, 10.2361
5.14408, 6.5446, 10.1678
5.14476, 6.54878, 10.1001
5.14476, 6.54878, 10.1001
5.14532, 6.55003, 10.0677
5.14532, 6.55003, 10.0677
5.14596, 6.55096, 10.0356
5.1467, 6.55155, 10.0035
5.1467, 6.55155, 10.0035
5.14688, 6.55297, 9.96905
5.14736, 6.55373, 9.93468
5.14736, 6.55373, 9.93468
5.14836, 6.55428, 9.87135
5.14915, 6.55399, 9.83749
5.14984, 6.55365, 9.80878
5.15119, 6.55362, 9.74129
5.15195, 6.55329, 9.70967
5.15195, 6.55329, 9.70967
5.15295, 6.55263, 9.67608
5.15381, 6.55207, 9.64692
5.15381, 6.55207, 9.64692
5.15595, 6.55072, 9.58022
5.1576, 6.54994, 9.51883
5.1576, 6.54994, 9.51883
5.15869, 6.5492, 9.48622
5.15963, 6.54858, 9.454
5.16078, 6.54766, 9.42294
5.16145, 6.54761, 9.39126
5.16264, 6.54684, 9.36077
5.16264, 6.54684, 9.36077
5.16369, 6.54618, 9.33062
5.16369, 6.54618, 9.33062
5.16484, 6.5454, 9.29823
5.16623, 6.54421, 9.26585
5.16623, 6.54421, 9.26585
5.16758, 6.543, 9.23582
5.16758, 6.543, 9.23582
5.1686, 6.54227, 9.20643
5.1686, 6.54227, 9.20643
5.16992, 6.54122, 9.17426
5.17119, 6.54018, 9.14442
5.17119, 6.54018, 9.14442
5.17256, 6.53898, 9.11415
5.17402, 6.53768, 9.08201
5.17402, 6.53768, 9.08201
5.17569, 6.53613, 9.0493
5.17858, 6.53363, 8.98945
5.17858, 6.53363, 8.98945
5.18015, 6.53218, 8.95771
5.18015, 6.53218, 8.95771
5.18169, 6.5307, 8.9307
5.18343, 6.52898, 8.8993
5.18343, 6.52898, 8.8993
5.18524, 6.52719, 8.86803
5.18827, 6.52421, 8.80678
5.18827, 6.52421, 8.80678
5.18982, 6.52258, 8.77748
5.18982, 6.52258, 8.77748
5.19136, 6.52086, 8.74841
5.19304, 6.51889, 8.7171
5.19468, 6.51696, 8.68574
5.19595, 6.51551, 8.65695
5.19715, 6.51406, 8.62834
5.19715, 6.51406, 8.62834
5.19855, 6.5123, 8.59962
5.19855, 6.5123, 8.59962
5.20008, 6.51023, 8.56912
5.20008, 6.51023, 8.56912
5.20135, 6.50835, 8.54299
5.20424, 6.50429, 8.48143
5.2056, 6.50239, 8.45137
5.2056, 6.50239, 8.45137
5.20695, 6.50032, 8.42334
5.20695, 6.50032, 8.42334
5.20829, 6.49806, 8.39545
5.21099, 6.49328, 8.33768
5.21099, 6.49328, 8.33768
5.21228, 6.49129, 8.30969
5.21356, 6.48907, 8.28162
5.21356, 6.48907, 8.28162
5.21491, 6.48646, 8.25173
5.21491, 6.48646, 8.25173
5.21604, 6.48414, 8.22598
5.21604, 6.48414, 8.22598
5.21737, 6.48113, 8.19565
5.21844, 6.4784, 8.16764
5.21844, 6.4784, 8.16764
5.21923, 6.47561, 8.13466
5.21983, 6.47316, 8.10769
5.21983, 6.47316, 8.10769
5.22046, 6.47032, 8.07939
5.22046, 6.47032, 8.07939
5.22116, 6.46659, 8.04573
5.22116, 6.46659, 8.04573
5.22177, 6.46297, 8.01448
5.2223, 6.46011, 7.98578
5.2223, 6.46011, 7.98578
5.22289, 6.4574, 7.95961
5.22289, 6.4574, 7.95961
5.2235, 6.45455, 7.9299
5.22411, 6.45096, 7.8991
5.22411, 6.45096, 7.8991
5.22468, 6.44708, 7.86845
5.22512, 6.44367, 7.84167
5.22512, 6.44367, 7.84167
5.2256, 6.43982, 7.81103
5.22659, 6.43147, 7.74651
5.22659, 6.43147, 7.74651
5.22741, 6.42259, 7.68623
5.22741, 6.42259, 7.68623
5.22774, 6.41841, 7.66076
5.22801, 6.41319, 7.62897
5.22801, 6.41319, 7.62897
5.22813, 6.4041, 7.57101
5.22818, 6.39406, 7.51575
5.22814, 6.38831, 7.48635
5.22814, 6.38831, 7.48635
5.22807, 6.38346, 7.45892
5.22807, 6.38346, 7.45892
5.22796, 6.37856, 7.43135
5.22778, 6.37276, 7.40181
5.22778, 6.37276, 7.40181
5.22757, 6.36718, 7.37466
5.22757, 6.36718, 7.37466
5.22729, 6.3607, 7.34528
5.22697, 6.35442, 7.31816
5.22697, 6.35442, 7.31816
5.22657, 6.34862, 7.29334
5.22657, 6.34862, 7.29334
5.22586, 6.34144, 7.26303
5.22519, 6.33492, 7.23657
5.22445, 6.32836, 7.21062
5.22369, 6.32062, 7.18236
5.22288, 6.31274, 7.15412
5.22288, 6.31274, 7.15412
5.2221, 6.306, 7.12988
5.2221, 6.306, 7.12988
5.22105, 6.29816, 7.10156
5.21995, 6.2909, 7.0752
5.21995, 6.2909, 7.0752
5.21891, 6.28304, 7.04865
5.21891, 6.28304, 7.04865
5.2178, 6.27411, 7.01998
5.21562, 6.25746, 6.96665
5.21562, 6.25746, 6.96665
5.21434, 6.24861, 6.93589
5.21434, 6.24861, 6.93589
5.21331, 6.24115, 6.91082
5.21211, 6.2319, 6.88203
5.21211, 6.2319, 6.88203
5.2109, 6.22245, 6.85381
5.2109, 6.22245, 6.85381
5.20967, 6.21245, 6.82512
5.20843, 6.20426, 6.80069
5.20671, 6.19505, 6.7725
5.20525, 6.18673, 6.74849
5.20191, 6.16594, 6.6931
5.20026, 6.15506, 6.66549
5.20026, 6.15506, 6.66549
5.19867, 6.1456, 6.64065
5.19867, 6.1456, 6.64065
5.1971, 6.13673, 6.61611
5.19553, 6.12757, 6.5916
5.19553, 6.12757, 6.5916
5.1922, 6.10719, 6.53949
5.19048, 6.09551, 6.51155
5.18849, 6.08386, 6.48273
5.18849, 6.08386, 6.48273
5.18672, 6.073, 6.45626
5.18672, 6.073, 6.45626
5.18672, 6.073, 6.45626
5.18472, 6.06227, 6.42843
5.18121, 6.04035, 6.37717
5.17933, 6.02751, 6.34915
5.17707, 6.01619, 6.32199
5.17707, 6.01619, 6.32199
5.17505, 6.00456, 6.29602
5.17098, 5.97913, 6.24282
5.16879, 5.96557, 6.21516
5.16879, 5.96557, 6.21516
5.1669, 5.95374, 6.19155
5.1669, 5.95374, 6.19155
5.16476, 5.94, 6.16452
5.16245, 5.92694, 6.13771
5.1605, 5.91518, 6.11484
5.15823, 5.90058, 6.08794
5.15591, 5.88585, 6.06137
5.15591, 5.88585, 6.06137
5.1514, 5.85819, 6.01272
5.14866, 5.84332, 5.9865
5.14866, 5.84332, 5.9865
5.1461, 5.82806, 5.96116
5.1461, 5.82806, 5.96116
5.14373, 5.81379, 5.93824
5.13857, 5.78257, 5.89014
5.13857, 5.78257, 5.89014
5.13575, 5.76648, 5.86487
5.13305, 5.75175, 5.84205
5.13305, 5.75175, 5.84205
5.13074, 5.73702, 5.82038
5.13074, 5.73702, 5.82038
5.12534, 5.70327, 5.77219
5.12534, 5.70327, 5.77219
5.12534, 5.70327, 5.77219
5.12259, 5.6859, 5.74794
5.11671, 5.65398, 5.70254
5.11671, 5.65398, 5.70254
5.11342, 5.63488, 5.67645
5.11342, 5.63488, 5.67645
5.11045, 5.61795, 5.65386
5.11045, 5.61795, 5.65386
5.10713, 5.59838, 5.62809
5.10398, 5.58098, 5.60495
5.10398, 5.58098, 5.60495
5.1005, 5.56435, 5.58215
5.0962, 5.54307, 5.55375
5.0962, 5.54307, 5.55375
5.09267, 5.52478, 5.53005
5.08505, 5.48552, 5.48025
5.08505, 5.48552, 5.48025
5.08112, 5.46629, 5.45607
5.08112, 5.46629, 5.45607
5.07665, 5.4455, 5.43012
5.06826, 5.40599, 5.38284
5.06826, 5.40599, 5.38284
5.06384, 5.38562, 5.35928
5.05946, 5.3628, 5.33428
5.05454, 5.33975, 5.30818
5.05024, 5.32016, 5.2863
5.04536, 5.29661, 5.26109
5.04536, 5.29661, 5.26109
5.03592, 5.25111, 5.21421
5.02576, 5.20186, 5.16561
5.02576, 5.20186, 5.16561
5.02045, 5.17942, 5.1434
5.01527, 5.15562, 5.12087
5.01527, 5.15562, 5.12087
5.01017, 5.13193, 5.09911
5.01017, 5.13193, 5.09911
5.00504, 5.10774, 5.07746
4.99899, 5.07883, 5.05251
4.99899, 5.07883, 5.05251
4.99308, 5.05424, 5.03075
4.99308, 5.05424, 5.03075
4.98746, 5.03044, 5.01002
4.98121, 5.00258, 4.98613
4.98121, 5.00258, 4.98613
4.97495, 4.97411, 4.96097
4.97495, 4.97411, 4.96097
4.96962, 4.95022, 4.93909
4.96302, 4.91883, 4.91161
4.96302, 4.91883, 4.91161
4.9566, 4.89197, 4.88751
4.9566, 4.89197, 4.88751
4.95019, 4.86456, 4.86384
4.93643, 4.80421, 4.81361
4.93643, 4.80421, 4.81361
4.93021, 4.77457, 4.79007
4.923, 4.74137, 4.76353
4.923, 4.74137, 4.76353
4.90928, 4.68031, 4.71712
4.90353, 4.65457, 4.69964
4.90353, 4.65457, 4.69964
4.90353, 4.65457, 4.69964
4.90353, 4.65457, 4.69964
4.88912, 4.5846, 4.65779
4.88313, 4.55538, 4.64296
4.88313, 4.55538, 4.64296
4.88313, 4.55538, 4.64296
4.88313, 4.55538, 4.64296
4.86757, 4.48668, 4.61251
4.86049, 4.45395, 4.60015
4.86049, 4.45395, 4.60015
4.85346, 4.42094, 4.58857
4.83902, 4.35145, 4.56568
4.83902, 4.35145, 4.56568
4.83088, 4.31814, 4.55524
4.82302, 4.2843, 4.54565
4.82302, 4.2843, 4.54565
4.81396, 4.2449, 4.53552
4.81396, 4.2449, 4.53552
4.80646, 4.21123, 4.52723
4.79831, 4.17338, 4.51834
4.79831, 4.17338, 4.51834
4.79059, 4.13731, 4.51048
4.7741, 4.0673, 4.49548
4.7741, 4.0673, 4.49548
4.76592, 4.0322, 4.48847
4.7485, 3.95595, 4.47403
4.7485, 3.95595, 4.47403
4.74031, 3.91838, 4.46714
4.74031, 3.91838, 4.46714
4.73149, 3.88298, 4.46079
4.71242, 3.80381, 4.44305
4.71242, 3.80381, 4.44305
4.70382, 3.76637, 4.43526
4.70382, 3.76637, 4.43526
4.68637, 3.6912, 4.42117
4.67512, 3.64756, 4.41407
4.65658, 3.5709, 4.40419
4.65658, 3.5709, 4.40419
4.6476, 3.53218, 4.39987
4.6383, 3.49032, 4.39577
4.62912, 3.45119, 4.39205
4.61846, 3.40914, 4.38856
4.61024, 3.37266, 4.38626
4.59984, 3.32854, 4.38409
4.59051, 3.28635, 4.3823
4.58232, 3.24933, 4.38117
4.58232, 3.24933, 4.38117
4.57316, 3.20916, 4.38013
4.55365, 3.12381, 4.37811
4.55365, 3.12381, 4.37811
4.54371, 3.08001, 4.37724
4.54371, 3.08001, 4.37724
4.52713, 3.00122, 4.37605
4.5177, 2.95675, 4.37566
4.49819, 2.86919, 4.37554
4.49819, 2.86919, 4.37554
4.48952, 2.82777, 4.37575
4.48952, 2.82777, 4.37575
4.48059, 2.78329, 4.37615
4.47287, 2.74485, 4.37687
4.47287, 2.74485, 4.37687
4.4639, 2.69732, 4.37769
4.4639, 2.69732, 4.37769
4.44817, 2.61228, 4.38042
4.43842, 2.56838, 4.38232
4.43842, 2.56838, 4.38232
4.42939, 2.52535, 4.38374
4.42094, 2.48415, 4.3852
4.42094, 2.48415, 4.3852
4.40442, 2.4013, 4.38945
4.38793, 2.3141, 4.39475
4.38793, 2.3141, 4.39475
4.37994, 2.2744, 4.3976
4.37154, 2.22992, 4.40029
4.37154, 2.22992, 4.40029
4.36433, 2.19173, 4.4031
4.36433, 2.19173, 4.4031
4.35646, 2.14654, 4.40621
4.34855, 2.10142, 4.41002
4.34855, 2.10142, 4.41002
4.34092, 2.06057, 4.41275
4.34092, 2.06057, 4.41275
4.33331, 2.0198, 4.41587
4.32538, 1.97389, 4.41917
4.32538, 1.97389, 4.41917
4.31829, 1.93227, 4.42172
4.31829, 1.93227, 4.42172
4.31151, 1.89058, 4.42458
4.30431, 1.84527, 4.42808
4.29726, 1.80381, 4.43107
4.28984, 1.75923, 4.4344
4.28334, 1.71937, 4.43784
4.28334, 1.71937, 4.43784
4.27692, 1.67768, 4.4414
4.27692, 1.67768, 4.4414
4.27069, 1.63506, 4.44518
4.26402, 1.58912, 4.44977
4.26402, 1.58912, 4.44977
4.25706, 1.5441, 4.45398
4.25706, 1.5441, 4.45398
4.25073, 1.5021, 4.45821
4.25073, 1.5021, 4.45821
4.24465, 1.45971, 4.46272
4.23884, 1.4169, 4.46776
4.23884, 1.4169, 4.46776
4.23312, 1.37168, 4.47323
4.22759, 1.32584, 4.47883
4.22759, 1.32584, 4.47883
4.22759, 1.32584, 4.47883
4.22759, 1.32584, 4.47883
4.2163, 1.24263, 4.49038
4.21019, 1.19652, 4.49724
4.21019, 1.19652, 4.49724
4.19924, 1.10248, 4.50992
4.19447, 1.05886, 4.51576
4.19447, 1.05886, 4.51576
4.18918, 1.01221, 4.52202
4.17961, 0.924781, 4.53371
4.17961, 0.924781, 4.53371
4.1754, 0.880529, 4.53942
4.1672, 0.788788, 4.5493
4.1672, 0.788788, 4.5493
4.1627, 0.741288, 4.55437
4.1627, 0.741288, 4.55437
4.1627, 0.741288, 4.55437
4.15492, 0.649613, 4.56444
4.15492, 0.649613, 4.56444
4.15492, 0.649613, 4.56444
4.14819, 0.556762, 4.57659
4.14819, 0.556762, 4.57659
4.14577, 0.514489, 4.58226
4.14577, 0.514489, 4.58226
4.13964, 0.418878, 4.5972
4.13727, 0.375719, 4.60407
4.13486, 0.328561, 4.61171
4.13486, 0.328561, 4.61171
4.13082, 0.234999, 4.62585
4.12902, 0.186865, 4.6327
4.12902, 0.186865, 4.6327
4.12755, 0.138145, 4.63977
4.12642, 0.095948, 4.64612
4.12642, 0.095948, 4.64612
4.12563, 0.05333, 4.65219
4.12563, 0.05333, 4.65219
4.12488, -2.09732e-05, 4.66007
4.12425, -0.0498366, 4.66752
4.12425, -0.0498366, 4.66752
4.12368, -0.096432, 4.67416
4.12368, -0.096432, 4.67416
4.12351, -0.139455, 4.68015
4.12341, -0.193445, 4.68804
4.12341, -0.193445, 4.68804
4.12369, -0.24041, 4.69525
4.12369, -0.24041, 4.69525
4.12429, -0.287642, 4.7028
4.1248, -0.334277, 4.7108
4.1248, -0.334277, 4.7108
4.12577, -0.384688, 4.71963
4.12577, -0.384688, 4.71963
4.12699, -0.431886, 4.72825
4.12858, -0.47898, 4.73718
4.12858, -0.47898, 4.73718
4.13075, -0.530218, 4.74682
4.13075, -0.530218, 4.74682
4.13302, -0.576841, 4.75582
4.13796, -0.678417, 4.77596
4.14362, -0.773389, 4.79408
4.14362, -0.773389, 4.79408
4.14662, -0.816428, 4.80252
4.14662, -0.816428, 4.80252
4.15094, -0.871722, 4.8131
4.15511, -0.923798, 4.82298
4.15511, -0.923798, 4.82298
4.15896, -0.967649, 4.83095
4.15896, -0.967649, 4.83095
4.16372, -1.0151, 4.83858
4.16918, -1.06608, 4.84692
4.16918, -1.06608, 4.84692
4.17462, -1.11298, 4.85484
4.17462, -1.11298, 4.85484
4.18151, -1.16774, 4.86464
4.19442, -1.26304, 4.88113
4.19442, -1.26304, 4.88113
4.20158, -1.31066, 4.88943
4.20986, -1.36198, 4.8983
4.20986, -1.36198, 4.8983
4.21779, -1.40878, 4.9063
4.21779, -1.40878, 4.9063
4.22701, -1.45999, 4.91468
4.23581, -1.50712, 4.92287
4.23581, -1.50712, 4.92287
4.24435, -1.55022, 4.92964
4.24435, -1.55022, 4.92964
4.25562, -1.60368, 4.93706
4.27782, -1.70096, 4.9502
4.30168, -1.79428, 4.96109
4.30168, -1.79428, 4.96109
4.31572, -1.84496, 4.96708
4.31572, -1.84496, 4.96708
4.32835, -1.88809, 4.97143
4.32835, -1.88809, 4.97143
4.32835, -1.88809, 4.97143
4.3435, -1.93746, 4.97622
4.3435, -1.93746, 4.97622
4.35759, -1.98123, 4.98083
4.3727, -2.02565, 4.98453
4.3727, -2.02565, 4.98453
4.39006, -2.07378, 4.98882
4.42676, -2.16821, 4.99706
4.42676, -2.16821, 4.99706
4.44499, -2.21211, 5.00052
4.44499, -2.21211, 5.00052
4.46278, -2.25327, 5.00368
4.48485, -2.3019, 5.00686
4.48485, -2.3019, 5.00686
4.50673, -2.34744, 5.01024
4.50673, -2.34744, 5.01024
4.52781, -2.38972, 5.01265
4.57271, -2.47449, 5.01663
4.57271, -2.47449, 5.01663
4.62105, -2.55792, 5.01906
4.64628, -2.59724, 5.02005
4.64628, -2.59724, 5.02005
4.7003, -2.67766, 5.01706
4.75379, -2.75072, 5.01279
4.7848, -2.78947, 5.00997
4.7848, -2.78947, 5.00997
4.81421, -2.82454, 5.00705
4.81421, -2.82454, 5.00705
4.84614, -2.86124, 5.00385
4.87533, -2.89335, 5.00126
4.87533, -2.89335, 5.00126
4.90778, -2.92771, 4.99827
4.90778, -2.92771, 4.99827
4.93786, -2.95821, 4.99523
4.97446, -2.99305, 4.99125
4.97446, -2.99305, 4.99125
5.00652, -3.0218, 4.98798
5.00652, -3.0218, 4.98798
5.04152, -3.05181, 4.98454
5.11276, -3.1098, 4.97577
5.11276, -3.1098, 4.97577
5.14717, -3.13596, 4.97102
5.18892, -3.16451, 4.96455
5.18892, -3.16451, 4.96455
5.22493, -3.18821, 4.95889
5.22493, -3.18821, 4.95889
5.25799, -3.20901, 4.95356
5.2997, -3.23438, 4.94657
5.2997, -3.23438, 4.94657
5.33633, -3.25547, 4.94
5.33633, -3.25547, 4.94
5.37244, -3.27533, 4.93319
5.41569, -3.29638, 4.92508
5.41569, -3.29638, 4.92508
5.41569, -3.29638, 4.92508
5.41569, -3.29638, 4.92508
5.49505, -3.33273, 4.91136
5.57032, -3.36361, 4.89904
5.57032, -3.36361, 4.89904
5.61221, -3.37899, 4.89246
5.65099, -3.39222, 4.8864
5.65099, -3.39222, 4.8864
5.65099, -3.39222, 4.8864
5.65099, -3.39222, 4.8864
5.73312, -3.417, 4.87336
5.73312, -3.417, 4.87336
5.77239, -3.42808, 4.86702
5.81285, -3.43888, 4.86035
5.85559, -3.44869, 4.85344
5.85559, -3.44869, 4.85344
5.89509, -3.45621, 4.84757
5.89509, -3.45621, 4.84757
5.98169, -3.47141, 4.83599
6.01858, -3.47722, 4.83173
6.10527, -3.48858, 4.82157
6.10527, -3.48858, 4.82157
6.14535, -3.49193, 4.81694
6.14535, -3.49193, 4.81694
6.18988, -3.49486, 4.81187
6.22983, -3.49734, 4.80721
6.27175, -3.49957, 4.80197
6.31155, -3.50074, 4.79667
6.3532, -3.50015, 4.79077
6.3532, -3.50015, 4.79077
6.3926, -3.49978, 4.78443
6.3926, -3.49978, 4.78443
6.4303, -3.49839, 4.77827
6.47405, -3.49628, 4.77083
6.47405, -3.49628, 4.77083
6.51332, -3.49431, 4.76357
6.51332, -3.49431, 4.76357
6.59775, -3.48853, 4.74738
6.64191, -3.48401, 4.73886
6.64191, -3.48401, 4.73886
6.68414, -3.47896, 4.73067
6.72162, -3.47477, 4.72299
6.72162, -3.47477, 4.72299
6.76415, -3.47019, 4.71446
6.76415, -3.47019, 4.71446
6.84979, -3.45857, 4.69804
6.89164, -3.45226, 4.69056
6.89164, -3.45226, 4.69056
6.93561, -3.44583, 4.68305
6.97359, -3.43998, 4.67622
6.97359, -3.43998, 4.67622
7.0165, -3.4337, 4.66812
7.0165, -3.4337, 4.66812
7.05897, -3.42749, 4.65999
7.09975, -3.42043, 4.65217
7.09975, -3.42043, 4.65217
7.14625, -3.41101, 4.64326
7.22898, -3.39575, 4.6275
7.22898, -3.39575, 4.6275
7.27279, -3.38747, 4.61889
7.31568, -3.37954, 4.61028
7.31568, -3.37954, 4.61028
7.35291, -3.37191, 4.60355
7.35291, -3.37191, 4.60355
7.39748, -3.36268, 4.59544
7.39748, -3.36268, 4.59544
7.44572, -3.35243, 4.58617
7.48757, -3.34425, 4.57807
7.48757, -3.34425, 4.57807
7.52923, -3.33649, 4.57021
7.52923, -3.33649, 4.57021
7.57322, -3.32878, 4.56226
7.66508, -3.30939, 4.54765
7.66508, -3.30939, 4.54765
7.70749, -3.30177, 4.54135
7.79539, -3.28476, 4.52774
7.79539, -3.28476, 4.52774
7.84384, -3.27552, 4.52033
7.93743, -3.2566, 4.50662
7.93743, -3.2566, 4.50662
7.97781, -3.24956, 4.50073
8.02486, -3.2413, 4.49356
8.02486, -3.2413, 4.49356
8.07313, -3.23268, 4.48591
8.07313, -3.23268, 4.48591
8.11387, -3.22614, 4.47947
8.16382, -3.21667, 4.47218
8.16382, -3.21667, 4.47218
8.21479, -3.20658, 4.46361
8.30731, -3.19133, 4.449
8.30731, -3.19133, 4.449
8.35552, -3.18438, 4.44168
8.35552, -3.18438, 4.44168
8.40116, -3.17727, 4.43473
8.45031, -3.16691, 4.42716
8.45031, -3.16691, 4.42716
8.49634, -3.15886, 4.4205
8.59189, -3.14417, 4.40786
8.69029, -3.1297, 4.39593
8.69029, -3.1297, 4.39593
8.7379, -3.1212, 4.38968
8.7379, -3.1212, 4.38968
8.78953, -3.11306, 4.38226
8.78953, -3.11306, 4.38226
8.83511, -3.10579, 4.37565
8.93276, -3.09138, 4.36186
8.93276, -3.09138, 4.36186
8.98128, -3.08541, 4.3566
8.98128, -3.08541, 4.3566
8.98128, -3.08541, 4.3566
9.12739, -3.06145, 4.34212
9.12739, -3.06145, 4.34212
9.12739, -3.06145, 4.34212
9.18085, -3.05423, 4.33854
9.18085, -3.05423, 4.33854
9.22887, -3.04687, 4.33462
9.2756, -3.04095, 4.33206
9.33054, -3.03047, 4.32851
9.33054, -3.03047, 4.32851
9.37989, -3.02238, 4.32597
9.43182, -3.01349, 4.32257
9.43182, -3.01349, 4.32257
9.52671, -2.99996, 4.31426
9.58418, -2.98926, 4.3094
9.58418, -2.98926, 4.3094
9.63145, -2.98205, 4.30704
9.63145, -2.98205, 4.30704
9.68178, -2.9737, 4.30399
9.73477, -2.96464, 4.30042
9.73477, -2.96464, 4.30042
9.78225, -2.95755, 4.29834
9.78225, -2.95755, 4.29834
9.83489, -2.94966, 4.29667
9.88896, -2.93983, 4.2965
9.88896, -2.93983, 4.2965
9.93543, -2.93109, 4.29626
9.93543, -2.93109, 4.29626
10.0408, -2.9143, 4.29822
10.0932, -2.90663, 4.29985
10.0932, -2.90663, 4.29985
10.1419, -2.89968, 4.30169
10.1924, -2.89297, 4.30385
10.1924, -2.89297, 4.30385
10.2398, -2.88675, 4.30595
10.2398, -2.88675, 4.30595
10.2864, -2.88087, 4.30847
10.3398, -2.87101, 4.31127
10.3398, -2.87101, 4.31127
10.3882, -2.86249, 4.31475
10.3882, -2.86249, 4.31475
10.4367, -2.85442, 4.31866
10.4922, -2.84617, 4.32395
10.4922, -2.84617, 4.32395
10.5898, -2.83023, 4.33297
10.6388, -2.82048, 4.33833
10.6388, -2.82048, 4.33833
10.6909, -2.81093, 4.34476
10.6909, -2.81093, 4.34476
10.7405, -2.80204, 4.35105
10.7887, -2.79363, 4.35678
10.837, -2.78475, 4.36236
10.8882, -2.77601, 4.37005
10.9335, -2.76578, 4.37645
10.9864, -2.75529, 4.38531
11.039, -2.74421, 4.39302
11.0869, -2.73614, 4.40041
11.0869, -2.73614, 4.40041
11.1371, -2.72714, 4.40778
11.1371, -2.72714, 4.40778
11.1813, -2.71915, 4.4145
11.2356, -2.70597, 4.42278
11.2356, -2.70597, 4.42278
11.3384, -2.68474, 4.44495
11.3384, -2.68474, 4.44495
11.3384, -2.68474, 4.44495
11.3906, -2.67466, 4.45925
11.3906, -2.67466, 4.45925
11.4391, -2.66548, 4.47403
11.4889, -2.65503, 4.49073
11.4889, -2.65503, 4.49073
11.5936, -2.63131, 4.52859
11.6394, -2.62187, 4.54628
11.6394, -2.62187, 4.54628
11.6921, -2.61223, 4.56854
11.6921, -2.61223, 4.56854
11.7409, -2.60358, 4.58999
11.7907, -2.59305, 4.61259
11.8484, -2.58035, 4.63931
11.8968, -2.57198, 4.66436
11.995, -2.55365, 4.71404
11.995, -2.55365, 4.71404
12.0434, -2.54601, 4.74001
12.0945, -2.53626, 4.76778
12.0945, -2.53626, 4.76778
12.1485, -2.52488, 4.79742
12.2501, -2.50791, 4.86177
12.2501, -2.50791, 4.86177
12.2955, -2.50094, 4.89335
12.4016, -2.48438, 4.97285
12.4016, -2.48438, 4.97285
12.4981, -2.47094, 5.05244
12.5494, -2.46371, 5.09562
12.6454, -2.45376, 5.18185
12.6454, -2.45376, 5.18185
12.6995, -2.44729, 5.23251
12.6995, -2.44729, 5.23251
12.745, -2.44196, 5.27585
12.8434, -2.43376, 5.37602
12.8434, -2.43376, 5.37602
12.8852, -2.43251, 5.42277
12.8852, -2.43251, 5.42277
12.9333, -2.43151, 5.47865
12.9828, -2.42838, 5.53635
12.9828, -2.42838, 5.53635
13.072, -2.42387, 5.64529
13.1183, -2.42424, 5.70674
13.1183, -2.42424, 5.70674
13.1584, -2.42508, 5.76094
13.1584, -2.42508, 5.76094
13.2006, -2.42566, 5.81854
13.2444, -2.42627, 5.88031
13.2873, -2.4283, 5.94302
13.326, -2.43111, 6.00134
13.4019, -2.43993, 6.12058
13.4019, -2.43993, 6.12058
13.439, -2.44585, 6.18129
13.4747, -2.44996, 6.23953
13.4747, -2.44996, 6.23953
13.5454, -2.46306, 6.36411
13.5738, -2.46944, 6.41642
13.6044, -2.47822, 6.47572
13.6044, -2.47822, 6.47572
13.6044, -2.47822, 6.47572
13.6663, -2.49537, 6.60076
13.6663, -2.49537, 6.60076
13.6914, -2.50386, 6.65484
13.7201, -2.51297, 6.71687
13.7201, -2.51297, 6.71687
13.7462, -2.52381, 6.77664
13.7462, -2.52381, 6.77664
13.7959, -2.54463, 6.89295
13.8186, -2.55526, 6.94955
13.8596, -2.57907, 7.0634
13.8596, -2.57907, 7.0634
13.8932, -2.60359, 7.16962
13.9105, -2.61682, 7.22861
13.9105, -2.61682, 7.22861
13.9406, -2.64228, 7.3382
13.9548, -2.65568, 7.39412
13.9548, -2.65568, 7.39412
13.9674, -2.67056, 7.44904
13.9674, -2.67056, 7.44904
13.9781, -2.68436, 7.49903
13.9879, -2.69634, 7.54771
13.9879, -2.69634, 7.54771
13.9972, -2.71033, 7.60152
13.9972, -2.71033, 7.60152
14.004, -2.72185, 7.6471
14.0106, -2.73545, 7.69687
14.0106, -2.73545, 7.69687
14.0172, -2.75118, 7.75244
14.0172, -2.75118, 7.75244
14.0257, -2.77735, 7.84812
14.0289, -2.79108, 7.89894
14.0325, -2.81617, 7.98909
14.0332, -2.82957, 8.03328
14.033, -2.84527, 8.08324
14.0314, -2.85586, 8.12398
14.0314, -2.85586, 8.12398
14.0289, -2.86887, 8.17209
14.0289, -2.86887, 8.17209
14.0261, -2.88047, 8.21169
14.0224, -2.89359, 8.25496
14.0224, -2.89359, 8.25496
14.0182, -2.90627, 8.29688
14.0182, -2.90627, 8.29688
14.0134, -2.91921, 8.33851
14.0065, -2.93316, 8.38663
14.0065, -2.93316, 8.38663
13.9996, -2.94511, 8.42966
13.9996, -2.94511, 8.42966
13.9917, -2.95727, 8.47424
13.9842, -2.96883, 8.51392
13.9842, -2.96883, 8.51392
13.9754, -2.98205, 8.55899
13.9754, -2.98205, 8.55899
13.9667, -2.99397, 8.60096
13.9566, -3.00465, 8.64223
13.9566, -3.00465, 8.64223
13.9456, -3.01632, 8.68454
13.9456, -3.01632, 8.68454
13.9331, -3.02864, 8.73105
13.9221, -3.03942, 8.77216
13.9221, -3.03942, 8.77216
13.9114, -3.04944, 8.81038
13.9114, -3.04944, 8.81038
13.8972, -3.06105, 8.8565
13.8837, -3.07072, 8.89902
13.8837, -3.07072, 8.89902
13.8695, -3.07982, 8.94239
13.8426, -3.0993, 9.03219
13.8426, -3.0993, 9.03219
13.829, -3.1085, 9.07815
13.829, -3.1085, 9.07815
13.8135, -3.11788, 9.12783
13.7979, -3.12575, 9.17331
13.7979, -3.12575, 9.17331
13.7828, -3.13321, 9.21772
13.7828, -3.13321, 9.21772
13.7667, -3.14155, 9.267
13.7514, -3.14937, 9.3126
13.7514, -3.14937, 9.3126
13.7355, -3.15764, 9.35997
13.7355, -3.15764, 9.35997
13.7191, -3.1653, 9.41055
13.7026, -3.17056, 9.45644
13.7026, -3.17056, 9.45644
13.6829, -3.17699, 9.51442
13.6829, -3.17699, 9.51442
13.6666, -3.1826, 9.56572
13.6507, -3.18823, 9.6181
13.6507, -3.18823, 9.6181
13.6344, -3.19419, 9.67424
13.6344, -3.19419, 9.67424
13.6159, -3.1988, 9.73075
13.5983, -3.20318, 9.78519
13.5983, -3.20318, 9.78519
13.582, -3.20725, 9.83702
13.582, -3.20725, 9.83702
13.5654, -3.2117, 9.89394
13.5503, -3.21561, 9.94611
13.5503, -3.21561, 9.94611
13.5364, -3.21915, 9.995
13.5364, -3.21915, 9.995
13.5199, -3.22248, 10.0509
13.5028, -3.22482, 10.1045
13.5028, -3.22482, 10.1045
13.4834, -3.22725, 10.1667
13.4834, -3.22725, 10.1667
13.4679, -3.2294, 10.2215
13.4538, -3.23122, 10.2721
13.4538, -3.23122, 10.2721
13.4386, -3.23344, 10.3309
13.4386, -3.23344, 10.3309
13.423, -3.23467, 10.3849
13.4054, -3.23548, 10.444
13.4054, -3.23548, 10.444
13.3876, -3.23566, 10.4991
13.3876, -3.23566, 10.4991
13.3714, -3.23624, 10.5582
13.3565, -3.23656, 10.6134
13.3565, -3.23656, 10.6134
13.3414, -3.23678, 10.6729
13.3414, -3.23678, 10.6729
13.3248, -3.23616, 10.7269
13.307, -3.23522, 10.786
13.307, -3.23522, 10.786
13.2914, -3.23412, 10.8366
13.2914, -3.23412, 10.8366
13.2735, -3.23259, 10.8961
13.2579, -3.23106, 10.9528
13.2579, -3.23106, 10.9528
13.2433, -3.22934, 11.0066
13.2433, -3.22934, 11.0066
13.2257, -3.22677, 11.0641
13.2094, -3.22405, 11.1134
13.2094, -3.22405, 11.1134
13.2094, -3.22405, 11.1134
13.2094, -3.22405, 11.1134
13.1746, -3.21712, 11.2246
13.1746, -3.21712, 11.2246
13.1746, -3.21712, 11.2246
13.1448, -3.20953, 11.327
13.1448, -3.20953, 11.327
13.1277, -3.20461, 11.3778
13.1104, -3.19919, 11.4282
13.1104, -3.19919, 11.4282
13.1104, -3.19919, 11.4282
13.1104, -3.19919, 11.4282
13.0759, -3.18647, 11.5339
13.0759, -3.18647, 11.5339
13.0759, -3.18647, 11.5339
13.0585, -3.17962, 11.5838
13.0585, -3.17962, 11.5838
13.0425, -3.17217, 11.6338
13.0249, -3.16401, 11.6804
13.0249, -3.16401, 11.6804
13.0043, -3.15421, 11.7311
13.0043, -3.15421, 11.7311
12.9878, -3.14543, 11.7748
12.9701, -3.13485, 11.8248
12.9701, -3.13485, 11.8248
12.9536, -3.12458, 11.8706
12.9536, -3.12458, 11.8706
12.9377, -3.11391, 11.9152
12.9186, -3.10137, 11.9618
12.9186, -3.10137, 11.9618
12.8975, -3.08794, 12.0078
12.8975, -3.08794, 12.0078
12.8798, -3.07522, 12.049
12.865, -3.0632, 12.0854
12.865, -3.0632, 12.0854
12.8466, -3.04893, 12.1263
12.8466, -3.04893, 12.1263
12.8298, -3.03392, 12.1661
12.8118, -3.01875, 12.2021
12.8118, -3.01875, 12.2021
12.7928, -3.00168, 12.2395
12.7928, -3.00168, 12.2395
12.7761, -2.98642, 12.2712
12.7561, -2.96703, 12.3093
12.7561, -2.96703, 12.3093
12.7397, -2.94958, 12.3412
12.7206, -2.92925, 12.3762
12.7206, -2.92925, 12.3762
12.7019, -2.90981, 12.4067
12.7019, -2.90981, 12.4067
12.6852, -2.8923, 12.4323
12.6668, -2.87035, 12.4623
12.6668, -2.87035, 12.4623
12.6505, -2.85062, 12.4884
12.6505, -2.85062, 12.4884
12.6342, -2.82952, 12.515
12.6342, -2.82952, 12.515
12.615, -2.8058, 12.5432
12.5961, -2.78157, 12.5689
12.5961, -2.78157, 12.5689
12.5776, -2.75643, 12.5933
12.5776, -2.75643, 12.5933
12.5597, -2.73075, 12.6163
12.5443, -2.70828, 12.6351
12.5443, -2.70828, 12.6351
12.5286, -2.68347, 12.655
12.5286, -2.68347, 12.655
12.5126, -2.65628, 12.6758
12.4777, -2.60185, 12.7134
12.4777, -2.60185, 12.7134
12.4614, -2.57424, 12.7315
12.4454, -2.54516, 12.7497
12.4454, -2.54516, 12.7497
12.4304, -2.51679, 12.7668
12.4304, -2.51679, 12.7668
12.4128, -2.48325, 12.7864
12.396, -2.45296, 12.8023
12.396, -2.45296, 12.8023
12.378, -2.42031, 12.8187
12.378, -2.42031, 12.8187
12.3621, -2.38769, 12.8341
12.3484, -2.35924, 12.8473
12.3484, -2.35924, 12.8473
12.3335, -2.32528, 12.8626
12.3335, -2.32528, 12.8626
12.319, -2.29481, 12.8757
12.3024, -2.25942, 12.8903
12.3024, -2.25942, 12.8903
12.2727, -2.19209, 12.9171
12.2727, -2.19209, 12.9171
12.2573, -2.15639, 12.9306
12.2437, -2.12114, 12.9438
12.2437, -2.12114, 12.9438
12.2291, -2.08669, 12.956
12.2145, -2.05171, 12.9681
12.2145, -2.05171, 12.9681
12.1989, -2.01361, 12.9806
12.1989, -2.01361, 12.9806
12.1877, -1.98196, 12.9904
12.1877, -1.98196, 12.9904
12.1877, -1.98196, 12.9904
12.1614, -1.90643, 13.0115
12.1614, -1.90643, 13.0115
12.1487, -1.87354, 13.019
12.1331, -1.83222, 13.0279
12.1331, -1.83222, 13.0279
12.1216, -1.79634, 13.0357
12.1216, -1.79634, 13.0357
12.1086, -1.75939, 13.0431
12.1086, -1.75939, 13.0431
12.1086, -1.75939, 13.0431
12.0967, -1.72041, 13.051
12.0967, -1.72041, 13.051
12.0859, -1.68382, 13.0581
12.0724, -1.64308, 13.0657
12.0724, -1.64308, 13.0657
12.0608, -1.60795, 13.0723
12.0608, -1.60795, 13.0723
12.0477, -1.56679, 13.0799
12.0383, -1.53236, 13.0867
12.0383, -1.53236, 13.0867
12.0261, -1.48879, 13.095
12.0261, -1.48879, 13.095
12.0163, -1.45114, 13.1025
12.0038, -1.40947, 13.1105
12.0038, -1.40947, 13.1105
11.9925, -1.37112, 13.1175
11.9925, -1.37112, 13.1175
11.9818, -1.33286, 13.124
11.9699, -1.28924, 13.1309
11.9699, -1.28924, 13.1309
11.9602, -1.25063, 13.1369
11.9602, -1.25063, 13.1369
11.951, -1.21207, 13.1424
11.9393, -1.17109, 13.1475
11.9393, -1.17109, 13.1475
11.9284, -1.13128, 13.1524
11.9284, -1.13128, 13.1524
11.9179, -1.0907, 13.1563
11.908, -1.05108, 13.1598
11.908, -1.05108, 13.1598
11.8986, -1.01155, 13.1632
11.8986, -1.01155, 13.1632
11.8896, -0.972497, 13.1662
11.8773, -0.925571, 13.1693
11.8773, -0.925571, 13.1693
11.8667, -0.882013, 13.1725
11.8667, -0.882013, 13.1725
11.8575, -0.844384, 13.1747
11.8481, -0.802848, 13.1771
11.8481, -0.802848, 13.1771
11.8383, -0.759225, 13.179
11.8383, -0.759225, 13.179
11.828, -0.715979, 13.1806
11.8185, -0.672789, 13.183
11.8185, -0.672789, 13.183
11.8093, -0.634339, 13.1843
11.8093, -0.634339, 13.1843
11.7996, -0.589492, 13.1862
11.7898, -0.545373, 13.1869
11.7898, -0.545373, 13.1869
11.7812, -0.501845, 13.188
11.7812, -0.501845, 13.188
11.7732, -0.460445, 13.1884
11.7652, -0.416786, 13.1887
11.7652, -0.416786, 13.1887
11.7583, -0.378664, 13.1886
11.7583, -0.378664, 13.1886
11.7481, -0.331465, 13.1889
11.7397, -0.292941, 13.1888
11.7397, -0.292941, 13.1888
11.7302, -0.24794, 13.1882
11.7302, -0.24794, 13.1882
11.7221, -0.20648, 13.188
11.7221, -0.20648, 13.188
11.7221, -0.20648, 13.188
11.714, -0.161847, 13.188
11.714, -0.161847, 13.188
11.7053, -0.117167, 13.1876
11.6964, -0.0768189, 13.1872
11.6964, -0.0768189, 13.1872
11.6878, -0.034773, 13.1867
11.6878, -0.034773, 13.1867
11.6797, 0.00663498, 13.1862
11.6717, 0.051379, 13.1856
11.6717, 0.051379, 13.1856
11.6636, 0.0966973, 13.1845
11.6636, 0.0966973, 13.1845
11.6563, 0.137999, 13.1835
11.6486, 0.17988, 13.1825
11.6486, 0.17988, 13.1825
11.6399, 0.225884, 13.181
11.6399, 0.225884, 13.181
11.631, 0.272213, 13.1791
11.6236, 0.314931, 13.1773
11.6236, 0.314931, 13.1773
11.6168, 0.356808, 13.1752
11.6168, 0.356808, 13.1752
11.6102, 0.399633, 13.1728
11.6002, 0.450002, 13.1699
11.6002, 0.450002, 13.1699
11.5935, 0.490003, 13.1674
11.5935, 0.490003, 13.1674
11.5852, 0.536827, 13.1642
11.5784, 0.580325, 13.1609
11.5784, 0.580325, 13.1609
11.5716, 0.628972, 13.157
11.5716, 0.628972, 13.157
11.5657, 0.667977, 13.1539
11.5583, 0.71251, 13.1504
11.5583, 0.71251, 13.1504
11.5508, 0.763713, 13.1454
11.5508, 0.763713, 13.1454
11.5438, 0.809952, 13.1405
11.5383, 0.851023, 13.1359
11.5383, 0.851023, 13.1359
11.5325, 0.90048, 13.1302
11.5325, 0.90048, 13.1302
11.5272, 0.94501, 13.1247
11.5209, 0.991391, 13.1188
11.5209, 0.991391, 13.1188
11.5154, 1.03614, 13.1128
11.5154, 1.03614, 13.1128
11.5096, 1.08602, 13.1059
11.5053, 1.13098, 13.0999
11.5053, 1.13098, 13.0999
11.5016, 1.1725, 13.0941
11.5016, 1.1725, 13.0941
11.4973, 1.2211, 13.0877
11.4928, 1.26709, 13.0818
11.4928, 1.26709, 13.0818
11.4881, 1.31665, 13.0752
11.4881, 1.31665, 13.0752
11.4848, 1.36238, 13.0694
11.482, 1.40801, 13.0638
11.482, 1.40801, 13.0638
11.4796, 1.45669, 13.0583
11.4796, 1.45669, 13.0583
11.4773, 1.50562, 13.0527
11.4737, 1.54903, 13.0473
11.4737, 1.54903, 13.0473
11.4714, 1.59525, 13.0416
11.4714, 1.59525, 13.0416
11.4695, 1.64101, 13.0353
11.4681, 1.69184, 13.0273
11.4681, 1.69184, 13.0273
11.4672, 1.74013, 13.019
11.4672, 1.74013, 13.019
11.4653, 1.78998, 13.0097
11.4644, 1.83639, 13.0014
11.4644, 1.83639, 13.0014
11.4629, 1.88584, 12.9922
11.4629, 1.88584, 12.9922
11.4627, 1.92997, 12.9845
11.4622, 1.97967, 12.9757
11.4622, 1.97967, 12.9757
11.4624, 2.02625, 12.9676
11.4624, 2.02625, 12.9676
11.4624, 2.07779, 12.9589
11.4619, 2.12198, 12.9512
11.4619, 2.12198, 12.9512
11.4621, 2.17244, 12.9426
11.4621, 2.17244, 12.9426
11.4623, 2.22378, 12.9333
11.4632, 2.27097, 12.9248
11.4632, 2.27097, 12.9248
11.4648, 2.32106, 12.916
11.4648, 2.32106, 12.916
11.4656, 2.36874, 12.9077
11.4664, 2.42081, 12.8983
11.4664, 2.42081, 12.8983
11.468, 2.46871, 12.8898
11.468, 2.46871, 12.8898
11.4703, 2.51542, 12.882
11.4724, 2.56344, 12.8734
11.4724, 2.56344, 12.8734
11.4755, 2.61398, 12.8646
11.4755, 2.61398, 12.8646
11.4777, 2.65882, 12.8568
11.4809, 2.71072, 12.8475
11.4809, 2.71072, 12.8475
11.4846, 2.76248, 12.8377
11.4846, 2.76248, 12.8377
11.4885, 2.81438, 12.8276
11.4924, 2.85856, 12.819
11.4924, 2.85856, 12.819
11.4974, 2.90918, 12.8092
11.4974, 2.90918, 12.8092
11.5018, 2.95706, 12.8002
11.507, 3.00876, 12.7907
11.507, 3.00876, 12.7907
11.5122, 3.05675, 12.7819
11.5122, 3.05675, 12.7819
11.5179, 3.10702, 12.7721
11.5242, 3.15337, 12.7638
11.5242, 3.15337, 12.7638
11.5311, 3.20349, 12.754
11.5311, 3.20349, 12.754
11.5376, 3.25145, 12.7453
11.5451, 3.30301, 12.7361
11.5451, 3.30301, 12.7361
11.5525, 3.35071, 12.7275
11.5525, 3.35071, 12.7275
11.5597, 3.39466, 12.719
11.5686, 3.44582, 12.7089
11.5686, 3.44582, 12.7089
11.579, 3.50026, 12.6976
11.579, 3.50026, 12.6976
11.5882, 3.5472, 12.689
11.5979, 3.59494, 12.6799
11.5979, 3.59494, 12.6799
11.6082, 3.64235, 12.671
11.6082, 3.64235, 12.671
11.6198, 3.69331, 12.6616
11.6312, 3.74013, 12.6534
11.6312, 3.74013, 12.6534
11.6431, 3.78669, 12.6455
11.6431, 3.78669, 12.6455
11.6561, 3.83729, 12.6374
11.6686, 3.88439, 12.6299
11.6811, 3.92992, 12.6219
11.6811, 3.92992, 12.6219
11.6961, 3.98105, 12.6139
11.6961, 3.98105, 12.6139
11.7096, 4.02485, 12.6067
11.7096, 4.02485, 12.6067
11.724, 4.06994, 12.5994
11.724, 4.06994, 12.5994
11.7415, 4.12305, 12.5911
11.7571, 4.16895, 12.5835
11.7571, 4.16895, 12.5835
11.7733, 4.21476, 12.5732
11.7733, 4.21476, 12.5732
11.79, 4.25995, 12.5636
11.8086, 4.30823, 12.5541
11.8086, 4.30823, 12.5541
11.8264, 4.35286, 12.5457
11.8264, 4.35286, 12.5457
11.8446, 4.3981, 12.5381
11.8648, 4.44623, 12.5302
11.8648, 4.44623, 12.5302
11.8843, 4.49119, 12.5222
11.8843, 4.49119, 12.5222
11.904, 4.53484, 12.516
11.926, 4.58152, 12.5102
11.926, 4.58152, 12.5102
11.9464, 4.62349, 12.5053
11.9464, 4.62349, 12.5053
11.9464, 4.62349, 12.5053
11.9689, 4.66844, 12.5008
11.9689, 4.66844, 12.5008
11.9898, 4.70892, 12.4968
11.9898, 4.70892, 12.4968
12.0158, 4.75726, 12.493
12.0372, 4.79556, 12.4897
12.0372, 4.79556, 12.4897
12.0645, 4.84284, 12.4859
12.0645, 4.84284, 12.4859
12.0889, 4.88343, 12.4831
12.1141, 4.92403, 12.4806
12.1141, 4.92403, 12.4806
12.138, 4.96134, 12.4781
12.138, 4.96134, 12.4781
12.1663, 5.00401, 12.476
12.1931, 5.04298, 12.4742
12.1931, 5.04298, 12.4742
12.2249, 5.08729, 12.4722
12.2249, 5.08729, 12.4722
12.2537, 5.12613, 12.4709
12.28, 5.16072, 12.4699
12.28, 5.16072, 12.4699
12.3093, 5.19795, 12.4694
12.3093, 5.19795, 12.4694
12.339, 5.23438, 12.4693
12.3716, 5.27278, 12.4697
12.3716, 5.27278, 12.4697
12.4068, 5.31263, 12.4701
12.4068, 5.31263, 12.4701
12.4382, 5.34688, 12.4707
12.4682, 5.37838, 12.4714
12.4682, 5.37838, 12.4714
12.5033, 5.414, 12.4729
12.5033, 5.414, 12.4729
12.5387, 5.44852, 12.4739
12.572, 5.47973, 12.4755
12.572, 5.47973, 12.4755
12.6058, 5.51026, 12.4773
12.6058, 5.51026, 12.4773
12.6428, 5.54253, 12.4795
12.6792, 5.57309, 12.4817
12.6792, 5.57309, 12.4817
12.7147, 5.60165, 12.4839
12.7147, 5.60165, 12.4839
12.7535, 5.63159, 12.486
12.7895, 5.65834, 12.4881
12.7895, 5.65834, 12.4881
12.826, 5.68428, 12.49
12.826, 5.68428, 12.49
12.8627, 5.70937, 12.4918
12.9, 5.73374, 12.4936
12.9, 5.73374, 12.4936
12.9397, 5.75867, 12.4957
12.9819, 5.78383, 12.498
12.9819, 5.78383, 12.498
13.0203, 5.8057, 12.5001
13.0203, 5.8057, 12.5001
13.0589, 5.82693, 12.5033
13.0589, 5.82693, 12.5033
13.1009, 5.84863, 12.5059
13.1368, 5.86648, 12.5086
13.1368, 5.86648, 12.5086
13.1761, 5.88507, 12.5112
13.1761, 5.88507, 12.5112
13.2189, 5.90418, 12.5138
13.2612, 5.9223, 12.5169
13.2612, 5.9223, 12.5169
13.3007, 5.9382, 12.5197
13.3007, 5.9382, 12.5197
13.3408, 5.95333, 12.5228
13.3843, 5.96873, 12.5262
13.3843, 5.96873, 12.5262
13.4248, 5.9821, 12.5294
13.4248, 5.9821, 12.5294
13.4652, 5.99457, 12.533
13.5088, 6.00705, 12.5367
13.5088, 6.00705, 12.5367
13.5488, 6.01781, 12.5406
13.5488, 6.01781, 12.5406
13.5927, 6.02855, 12.545
13.6334, 6.03765, 12.5487
13.6334, 6.03765, 12.5487
13.6742, 6.04615, 12.5525
13.6742, 6.04615, 12.5525
13.7183, 6.05455, 12.5559
13.7587, 6.06177, 12.5598
13.7587, 6.06177, 12.5598
13.7956, 6.06798, 12.5638
13.7956, 6.06798, 12.5638
13.8399, 6.07424, 12.5679
13.8837, 6.07992, 12.5726
13.8837, 6.07992, 12.5726
13.9216, 6.08426, 12.5765
13.9634, 6.08876, 12.5813
13.9634, 6.08876, 12.5813
14.0072, 6.09284, 12.5858
14.0072, 6.09284, 12.5858
14.046, 6.09618, 12.5903
14.046, 6.09618, 12.5903
14.0864, 6.09897, 12.595
14.1338, 6.10159, 12.6003
14.1338, 6.10159, 12.6003
14.1765, 6.10376, 12.6057
14.1765, 6.10376, 12.6057
14.2156, 6.10541, 12.6105
14.255, 6.10705, 12.6141
14.255, 6.10705, 12.6141
14.2977, 6.10835, 12.616
14.2977, 6.10835, 12.616
14.3422, 6.10844, 12.6171
14.3835, 6.10845, 12.6196
14.3835, 6.10845, 12.6196
14.428, 6.10807, 12.6222
14.428, 6.10807, 12.6222
14.4656, 6.10799, 12.6263
14.51, 6.10724, 12.6306
14.51, 6.10724, 12.6306
14.5542, 6.10638, 12.6365
14.5542, 6.10638, 12.6365
14.5982, 6.10473, 12.6426
14.6371, 6.10297, 12.6479
14.6371, 6.10297, 12.6479
14.6844, 6.10103, 12.6551
14.6844, 6.10103, 12.6551
14.7223, 6.09906, 12.6604
14.7635, 6.09696, 12.6667
14.7635, 6.09696, 12.6667
14.8046, 6.09478, 12.673
14.8046, 6.09478, 12.673
14.8532, 6.09097, 12.6797
14.8922, 6.08776, 12.6847
14.8922, 6.08776, 12.6847
14.937, 6.08443, 12.6908
14.9817, 6.08107, 12.6967
14.9817, 6.08107, 12.6967
15.0176, 6.07801, 12.7008
15.0176, 6.07801, 12.7008
15.0586, 6.0748, 12.7046
15.0586, 6.0748, 12.7046
15.0586, 6.0748, 12.7046
15.1055, 6.07005, 12.7061
15.1055, 6.07005, 12.7061
15.1477, 6.06501, 12.706
15.1861, 6.06151, 12.7089
15.1861, 6.06151, 12.7089
15.2351, 6.05652, 12.7119
15.2351, 6.05652, 12.7119
15.2769, 6.0525, 12.7158
15.2769, 6.0525, 12.7158
15.3199, 6.04797, 12.7208
15.3633, 6.04304, 12.7263
15.3633, 6.04304, 12.7263
15.4093, 6.03815, 12.7323
15.4093, 6.03815, 12.7323
15.4556, 6.03287, 12.7373
15.5002, 6.02838, 12.7437
15.5002, 6.02838, 12.7437
15.545, 6.02326, 12.7495
15.545, 6.02326, 12.7495
15.5893, 6.01772, 12.7555
15.6369, 6.01213, 12.7626
15.6369, 6.01213, 12.7626
15.6812, 6.00691, 12.7691
15.6812, 6.00691, 12.7691
15.7252, 6.00189, 12.7755
15.7719, 5.99684, 12.7825
15.7719, 5.99684, 12.7825
15.8155, 5.99209, 12.7892
15.8155, 5.99209, 12.7892
15.8648, 5.98518, 12.7961
15.9089, 5.98016, 12.8033
15.9089, 5.98016, 12.8033
15.9537, 5.97468, 12.81
16.0011, 5.96871, 12.8169
16.0011, 5.96871, 12.8169
16.0435, 5.96385, 12.8232
16.0906, 5.95854, 12.8294
16.0906, 5.95854, 12.8294
16.1369, 5.95253, 12.8349
16.1369, 5.95253, 12.8349
16.1879, 5.94632, 12.8413
16.1879, 5.94632, 12.8413
16.1879, 5.94632, 12.8413
16.1879, 5.94632, 12.8413
16.232, 5.94032, 12.8462
16.2768, 5.93496, 12.8508
16.2768, 5.93496, 12.8508
16.328, 5.92926, 12.8561
16.328, 5.92926, 12.8561
16.374, 5.92338, 12.8604
16.4176, 5.91714, 12.8645
16.4176, 5.91714, 12.8645
16.4717, 5.90968, 12.8696
16.4717, 5.90968, 12.8696
16.5171, 5.90424, 12.8742
16.56, 5.89857, 12.8782
16.56, 5.89857, 12.8782
16.6096, 5.89198, 12.8826
16.6096, 5.89198, 12.8826
16.6626, 5.88439, 12.8871
16.7078, 5.87833, 12.891
16.7078, 5.87833, 12.891
16.755, 5.87154, 12.8928
16.755, 5.87154, 12.8928
16.801, 5.86498, 12.8935
16.854, 5.85738, 12.8929
16.854, 5.85738, 12.8929
16.9001, 5.85108, 12.8931
16.9001, 5.85108, 12.8931
16.9454, 5.8443, 12.8936
16.9936, 5.83676, 12.8946
16.9936, 5.83676, 12.8946
17.0446, 5.829, 12.896
17.0961, 5.82078, 12.8973
17.0961, 5.82078, 12.8973
17.1455, 5.81338, 12.8995
17.1892, 5.8067, 12.9015
17.1892, 5.8067, 12.9015
17.2422, 5.79861, 12.9044
17.2422, 5.79861, 12.9044
17.3325, 5.78474, 12.9102
17.3325, 5.78474, 12.9102
17.3826, 5.7762, 12.9137
17.4288, 5.76819, 12.9164
17.4288, 5.76819, 12.9164
17.478, 5.75975, 12.9187
17.478, 5.75975, 12.9187
17.5266, 5.75134, 12.9207
17.5724, 5.74332, 12.9222
17.5724, 5.74332, 12.9222
17.6216, 5.73414, 12.9237
17.6216, 5.73414, 12.9237
17.6681, 5.72464, 12.925
17.7144, 5.71517, 12.9262
17.7144, 5.71517, 12.9262
17.7644, 5.70466, 12.9273
17.7644, 5.70466, 12.9273
17.8077, 5.69611, 12.9277
17.857, 5.68614, 12.9279
17.857, 5.68614, 12.9279
17.9025, 5.67674, 12.9279
17.9025, 5.67674, 12.9279
17.9531, 5.66494, 12.9279
17.9992, 5.65449, 12.9278
17.9992, 5.65449, 12.9278
18.042, 5.64468, 12.9277
18.042, 5.64468, 12.9277
18.0918, 5.63314, 12.9273
18.1411, 5.62198, 12.9265
18.1411, 5.62198, 12.9265
18.1876, 5.61074, 12.9257
18.1876, 5.61074, 12.9257
18.231, 5.59955, 12.9247
18.2844, 5.58633, 12.9227
18.2844, 5.58633, 12.9227
18.3269, 5.57584, 12.9207
18.3269, 5.57584, 12.9207
18.3769, 5.56301, 12.9182
18.4218, 5.55172, 12.9152
18.4218, 5.55172, 12.9152
18.4711, 5.53942, 12.9111
18.4711, 5.53942, 12.9111
18.5212, 5.5256, 12.9069
18.5713, 5.51232, 12.9019
18.5713, 5.51232, 12.9019
18.618, 5.49989, 12.8971
18.618, 5.49989, 12.8971
18.6613, 5.48832, 12.892
18.7146, 5.47433, 12.885
18.7146, 5.47433, 12.885
18.7578, 5.4626, 12.8791
18.7578, 5.4626, 12.8791
18.8093, 5.44799, 12.8715
18.8563, 5.43494, 12.8635
18.8563, 5.43494, 12.8635
18.9066, 5.42108, 12.8542
18.9066, 5.42108, 12.8542
18.9498, 5.40907, 12.846
19.001, 5.39493, 12.8358
19.001, 5.39493, 12.8358
19.0476, 5.38211, 12.8252
19.0476, 5.38211, 12.8252
19.0986, 5.36774, 12.8134
19.1503, 5.35305, 12.8012
19.1503, 5.35305, 12.8012
19.1971, 5.34002, 12.7892
19.1971, 5.34002, 12.7892
19.2437, 5.32715, 12.777
19.2904, 5.31433, 12.7642
19.2904, 5.31433, 12.7642
19.3363, 5.30129, 12.7509
19.3363, 5.30129, 12.7509
19.3918, 5.28499, 12.7343
19.436, 5.27209, 12.7199
19.436, 5.27209, 12.7199
19.4909, 5.25623, 12.7009
19.4909, 5.25623, 12.7009
19.5341, 5.24413, 12.6852
19.5804, 5.23103, 12.6681
19.5804, 5.23103, 12.6681
19.6316, 5.21603, 12.6478
19.6316, 5.21603, 12.6478
19.6833, 5.20042, 12.6257
19.6833, 5.20042, 12.6257
19.6833, 5.20042, 12.6257
19.7267, 5.18783, 12.6047
19.7267, 5.18783, 12.6047
19.7759, 5.17343, 12.5784
19.8291, 5.1578, 12.5474
19.8291, 5.1578, 12.5474
19.8722, 5.14528, 12.5205
19.8722, 5.14528, 12.5205
19.9237, 5.12961, 12.4883
19.9715, 5.11519, 12.4576
19.9715, 5.11519, 12.4576
20.0229, 5.09968, 12.4242
20.0229, 5.09968, 12.4242
20.0702, 5.08581, 12.3924
20.1206, 5.07121, 12.3566
20.1206, 5.07121, 12.3566
20.1638, 5.05864, 12.3258
20.1638, 5.05864, 12.3258
20.2121, 5.04372, 12.2923
20.2671, 5.02676, 12.254
20.2671, 5.02676, 12.254
20.314, 5.01264, 12.2206
20.314, 5.01264, 12.2206
20.3606, 4.9987, 12.187
20.4092, 4.98427, 12.1515
20.4092, 4.98427, 12.1515
20.4571, 4.97015, 12.1162
20.4571, 4.97015, 12.1162
20.5037, 4.95575, 12.0826
20.5467, 4.94247, 12.0509
20.5467, 4.94247, 12.0509
20.5987, 4.92653, 12.0115
20.6445, 4.9127, 11.9756
20.6445, 4.9127, 11.9756
20.687, 4.8999, 11.9415
20.687, 4.8999, 11.9415
20.7285, 4.88736, 11.908
20.7285, 4.88736, 11.908
20.7756, 4.87283, 11.8709
20.8137, 4.86141, 11.8394
20.8137, 4.86141, 11.8394
20.8568, 4.84822, 11.8032
20.8568, 4.84822, 11.8032
20.9021, 4.83477, 11.7634
20.9371, 4.82433, 11.7319
20.9371, 4.82433, 11.7319
20.9762, 4.81238, 11.6974
20.9762, 4.81238, 11.6974
21.0169, 4.79998, 11.6602
21.0569, 4.78777, 11.6228
21.0569, 4.78777, 11.6228
21.0941, 4.77675, 11.5856
21.0941, 4.77675, 11.5856
21.1273, 4.76697, 11.5509
21.1567, 4.75836, 11.5189
21.1567, 4.75836, 11.5189
21.1907, 4.74814, 11.4819
21.1907, 4.74814, 11.4819
21.2212, 4.73886, 11.4475
21.2526, 4.72927, 11.4102
21.2526, 4.72927, 11.4102
21.281, 4.72094, 11.3734
21.281, 4.72094, 11.3734
21.3057, 4.71371, 11.3393
21.3271, 4.70748, 11.3078
21.3271, 4.70748, 11.3078
21.3517, 4.70025, 11.2714
21.3517, 4.70025, 11.2714
21.3747, 4.6935, 11.2352
21.3942, 4.68779, 11.202
21.3942, 4.68779, 11.202
21.4141, 4.68197, 11.1652
21.4141, 4.68197, 11.1652
21.4303, 4.67743, 11.1314
21.445, 4.67344, 11.0974
21.445, 4.67344, 11.0974
21.4617, 4.66857, 11.0606
21.4617, 4.66857, 11.0606
21.4758, 4.66466, 11.025
21.4878, 4.66142, 10.9915
21.4878, 4.66142, 10.9915
21.4983, 4.6587, 10.9581
21.4983, 4.6587, 10.9581
21.5081, 4.65638, 10.9221
21.516, 4.65462, 10.8884
21.516, 4.65462, 10.8884
21.5241, 4.65264, 10.8542
21.5313, 4.65092, 10.8206
21.5313, 4.65092, 10.8206
21.5375, 4.64969, 10.7858
21.5424, 4.64885, 10.7534
21.5424, 4.64885, 10.7534
21.5424, 4.64885, 10.7534
21.5424, 4.64885, 10.7534
21.5469, 4.64825, 10.7177
21.5469, 4.64825, 10.7177
21.55, 4.64823, 10.6826
21.55, 4.64823, 10.6826
21.5526, 4.6483, 10.6487
21.5543, 4.64877, 10.6137
21.5543, 4.64877, 10.6137
21.5552, 4.64938, 10.5824
21.5552, 4.64938, 10.5824
21.5553, 4.65035, 10.5451
21.5541, 4.65172, 10.5112
21.5541, 4.65172, 10.5112
21.5526, 4.65294, 10.4721
21.5526, 4.65294, 10.4721
21.5514, 4.65368, 10.4419
21.5484, 4.65527, 10.4029
21.5484, 4.65527, 10.4029
21.5453, 4.65673, 10.3668
21.5453, 4.65673, 10.3668
21.5413, 4.65853, 10.331
21.537, 4.66043, 10.3002
21.537, 4.66043, 10.3002
21.5319, 4.66239, 10.267
21.5319, 4.66239, 10.267
21.5261, 4.66459, 10.2336
21.5191, 4.66724, 10.1976
21.5191, 4.66724, 10.1976
21.5114, 4.67004, 10.1619
21.5114, 4.67004, 10.1619
21.5036, 4.67279, 10.1285
21.4954, 4.67571, 10.096
21.4954, 4.67571, 10.096
21.486, 4.67873, 10.06
21.486, 4.67873, 10.06
21.4776, 4.68128, 10.0294
21.4667, 4.68458, 9.99161
21.4667, 4.68458, 9.99161
21.4569, 4.68761, 9.95924
21.4463, 4.69074, 9.92412
21.4463, 4.69074, 9.92412
21.4355, 4.694, 9.88982
21.4355, 4.694, 9.88982
21.4248, 4.69693, 9.85805
21.4248, 4.69693, 9.85805
21.4132, 4.70015, 9.82456
21.4014, 4.70341, 9.79149
21.4014, 4.70341, 9.79149
21.3889, 4.70684, 9.75752
21.3889, 4.70684, 9.75752
21.3769, 4.71013, 9.72549
21.3636, 4.71369, 9.69125
21.3636, 4.71369, 9.69125
21.3507, 4.71698, 9.65967
21.3507, 4.71698, 9.65967
21.3378, 4.72026, 9.62835
21.3378, 4.72026, 9.62835
21.3243, 4.7237, 9.59583
21.3243, 4.7237, 9.59583
21.3114, 4.72698, 9.5649
21.3114, 4.72698, 9.5649
21.2972, 4.7306, 9.53122
21.2972, 4.7306, 9.53122
21.2847, 4.73354, 9.50283
21.2847, 4.73354, 9.50283
21.2699, 4.73685, 9.46952
21.2548, 4.74018, 9.43625
21.2548, 4.74018, 9.43625
21.2415, 4.74322, 9.40557
21.2415, 4.74322, 9.40557
21.2271, 4.74647, 9.37258
21.2143, 4.74922, 9.34432
21.2143, 4.74922, 9.34432
21.2002, 4.75209, 9.31386
21.2002, 4.75209, 9.31386
21.1844, 4.7553, 9.2789
21.1715, 4.75785, 9.25111
21.1715, 4.75785, 9.25111
21.1573, 4.76071, 9.21923
21.1573, 4.76071, 9.21923
21.1432, 4.76358, 9.18696
21.1288, 4.76646, 9.15452
21.1288, 4.76646, 9.15452
21.1157, 4.76876, 9.12669
21.1157, 4.76876, 9.12669
21.0994, 4.77156, 9.09201
21.0858, 4.7739, 9.06214
21.0858, 4.7739, 9.06214
21.0735, 4.77598, 9.03476
21.0735, 4.77598, 9.03476
21.0591, 4.77846, 9.00079
21.0467, 4.78058, 8.97131
21.0467, 4.78058, 8.97131
21.0335, 4.7827, 8.94194
21.0335, 4.7827, 8.94194
21.02, 4.7848, 8.91141
21.0065, 4.78689, 8.87984
21.0065, 4.78689, 8.87984
20.9951, 4.7886, 8.8534
20.9951, 4.7886, 8.8534
20.9825, 4.79049, 8.82189
20.9699, 4.79233, 8.79071
20.9699, 4.79233, 8.79071
20.9592, 4.79364, 8.76374
20.9592, 4.79364, 8.76374
20.947, 4.79496, 8.73496
20.934, 4.79635, 8.70434
20.934, 4.79635, 8.70434
20.9216, 4.79783, 8.67093
20.9216, 4.79783, 8.67093
20.9117, 4.79892, 8.64493
20.9004, 4.80023, 8.61434
20.9004, 4.80023, 8.61434
20.8888, 4.80167, 8.58573
20.8888, 4.80167, 8.58573
20.8763, 4.80321, 8.55497
20.8673, 4.8044, 8.52823
20.8673, 4.8044, 8.52823
20.8556, 4.80591, 8.4953
20.8556, 4.80591, 8.4953
20.8463, 4.80715, 8.46633
20.8379, 4.80824, 8.43986
20.8379, 4.80824, 8.43986
20.827, 4.80944, 8.40666
20.827, 4.80944, 8.40666
20.8171, 4.81046, 8.37791
20.8077, 4.81141, 8.34975
20.8077, 4.81141, 8.34975
20.7983, 4.81239, 8.31899
20.7983, 4.81239, 8.31899
20.7892, 4.81328, 8.2912
20.782, 4.81405, 8.26349
20.782, 4.81405, 8.26349
20.7709, 4.81506, 8.2318
20.7709, 4.81506, 8.2318
20.7622, 4.81586, 8.20649
20.7537, 4.81671, 8.17889
20.7537, 4.81671, 8.17889
20.7443, 4.8177, 8.14745
20.7443, 4.8177, 8.14745
20.737, 4.81848, 8.12077
20.7298, 4.81931, 8.09101
20.7298, 4.81931, 8.09101
20.7214, 4.81994, 8.06582
20.7214, 4.81994, 8.06582
20.7131, 4.82064, 8.03634
20.7057, 4.8213, 8.00901
20.7057, 4.8213, 8.00901
20.6987, 4.82205, 7.98093
20.6987, 4.82205, 7.98093
20.6913, 4.82289, 7.95159
20.6852, 4.82373, 7.92162
20.6852, 4.82373, 7.92162
20.6781, 4.82449, 7.89602
20.6781, 4.82449, 7.89602
20.6711, 4.82535, 7.86605
20.6648, 4.82618, 7.83872
20.6648, 4.82618, 7.83872
20.6589, 4.8271, 7.80891
20.6589, 4.8271, 7.80891
20.6536, 4.82799, 7.78162
20.6478, 4.829, 7.75312
20.6478, 4.829, 7.75312
20.6433, 4.83004, 7.72561
20.6433, 4.83004, 7.72561
20.6389, 4.83128, 7.69619
20.635, 4.83251, 7.66887
20.635, 4.83251, 7.66887
20.6291, 4.83393, 7.64175
20.6291, 4.83393, 7.64175
20.6234, 4.83552, 7.61243
20.6184, 4.83695, 7.58747
20.6184, 4.83695, 7.58747
20.6135, 4.83862, 7.55818
20.6135, 4.83862, 7.55818
20.6083, 4.84037, 7.52925
20.6043, 4.84186, 7.50446
20.6043, 4.84186, 7.50446
20.5981, 4.84333, 7.47421
20.5981, 4.84333, 7.47421
20.5925, 4.84471, 7.44806
20.5862, 4.84637, 7.41797
20.5862, 4.84637, 7.41797
20.5812, 4.84797, 7.39138
20.5812, 4.84797, 7.39138
20.5757, 4.84974, 7.36379
20.5702, 4.85135, 7.3376
20.5702, 4.85135, 7.3376
20.5653, 4.85279, 7.31327
20.5653, 4.85279, 7.31327
20.5585, 4.85427, 7.28745
20.5527, 4.85619, 7.25659
20.5527, 4.85619, 7.25659
20.5476, 4.85767, 7.23219
20.5476, 4.85767, 7.23219
20.5425, 4.85937, 7.20524
20.5375, 4.86124, 7.17721
20.5375, 4.86124, 7.17721
20.5309, 4.86322, 7.14825
20.5309, 4.86322, 7.14825
20.5248, 4.86512, 7.12157
20.5179, 4.86723, 7.09269
20.5179, 4.86723, 7.09269
20.5114, 4.86933, 7.06445
20.5114, 4.86933, 7.06445
20.5062, 4.87124, 7.03976
20.5011, 4.87323, 7.01416
20.5011, 4.87323, 7.01416
20.4943, 4.87539, 6.98544
20.4943, 4.87539, 6.98544
20.488, 4.87744, 6.95763
20.4819, 4.87956, 6.93009
20.4819, 4.87956, 6.93009
20.4751, 4.88206, 6.89853
20.4751, 4.88206, 6.89853
20.4697, 4.88409, 6.87336
20.4638, 4.88632, 6.84602
20.4638, 4.88632, 6.84602
20.4553, 4.88882, 6.81433
20.4553, 4.88882, 6.81433
20.4488, 4.89089, 6.78891
20.4419, 4.89333, 6.75969
20.4419, 4.89333, 6.75969
20.4354, 4.89555, 6.7332
20.4354, 4.89555, 6.7332
20.4288, 4.89799, 6.70477
20.4218, 4.90042, 6.67676
20.4218, 4.90042, 6.67676
20.4139, 4.90257, 6.65109
20.4139, 4.90257, 6.65109
20.4059, 4.90453, 6.62781
20.3992, 4.90678, 6.60211
20.3992, 4.90678, 6.60211
20.3907, 4.90936, 6.57313
20.3907, 4.90936, 6.57313
20.3841, 4.91144, 6.54978
20.3764, 4.91363, 6.52447
20.3764, 4.91363, 6.52447
20.3687, 4.91593, 6.49741
20.3687, 4.91593, 6.49741
20.36, 4.91798, 6.47283
20.351, 4.92033, 6.44552
20.351, 4.92033, 6.44552
20.3436, 4.9225, 6.42084
20.3363, 4.92467, 6.39628
20.3363, 4.92467, 6.39628
20.3363, 4.92467, 6.39628
20.3284, 4.92697, 6.37064
20.3284, 4.92697, 6.37064
20.3192, 4.92945, 6.34368
20.3192, 4.92945, 6.34368
20.3112, 4.9318, 6.31804
20.3112, 4.9318, 6.31804
20.3038, 4.93406, 6.29346
20.3038, 4.93406, 6.29346
20.2971, 4.93614, 6.27102
20.289, 4.93867, 6.24352
20.289, 4.93867, 6.24352
20.2809, 4.9408, 6.21907
20.2809, 4.9408, 6.21907
20.2726, 4.94308, 6.19281
20.2651, 4.94514, 6.16893
20.2651, 4.94514, 6.16893
20.258, 4.94706, 6.14616
20.258, 4.94706, 6.14616
20.2506, 4.94917, 6.12013
20.2439, 4.95103, 6.09692
20.2439, 4.95103, 6.09692
20.2363, 4.9528, 6.07326
20.2363, 4.9528, 6.07326
20.2283, 4.95466, 6.04757
20.2204, 4.95634, 6.02456
20.2204, 4.95634, 6.02456
20.2132, 4.95811, 6.00003
20.2132, 4.95811, 6.00003
20.2057, 4.96007, 5.97253
20.1992, 4.96179, 5.9491
20.1992, 4.96179, 5.9491
20.1917, 4.96344, 5.92582
20.1917, 4.96344, 5.92582
20.1839, 4.96506, 5.90309
20.1767, 4.96683, 5.8779
20.1767, 4.96683, 5.8779
20.1704, 4.96836, 5.85669
20.1704, 4.96836, 5.85669
20.1644, 4.97004, 5.83299
20.1579, 4.97168, 5.81069
20.1579, 4.97168, 5.81069
20.1502, 4.97347, 5.78574
20.1502, 4.97347, 5.78574
20.1428, 4.97528, 5.76056
20.1356, 4.97695, 5.7377
20.1356, 4.97695, 5.7377
20.1288, 4.97874, 5.71242
20.1288, 4.97874, 5.71242
20.123, 4.98028, 5.69067
20.1157, 4.98224, 5.66303
20.1157, 4.98224, 5.66303
20.1089, 4.98404, 5.63937
20.1089, 4.98404, 5.63937
20.102, 4.98596, 5.61346
20.0958, 4.98764, 5.58979
20.0958, 4.98764, 5.58979
20.0896, 4.98933, 5.56468
20.0896, 4.98933, 5.56468
20.0843, 4.99078, 5.54296
20.0785, 4.99246, 5.51586
20.0785, 4.99246, 5.51586
20.0729, 4.99368, 5.49353
20.0729, 4.99368, 5.49353
20.0668, 4.99482, 5.47005
20.0614, 4.99589, 5.44447
20.0614, 4.99589, 5.44447
20.0567, 4.99676, 5.41982
20.0567, 4.99676, 5.41982
20.0525, 4.9974, 5.39636
20.0486, 4.9979, 5.37339
20.0486, 4.9979, 5.37339
