5.05508, -2.58296, 12.4986
5.05447, -2.58076, 12.5
5.05466, -2.57993, 12.5007
5.05466, -2.57993, 12.5007
5.05496, -2.57916, 12.5014
5.05496, -2.57916, 12.5014
5.05496, -2.57916, 12.5014
5.05489, -2.57816, 12.5022
5.05489, -2.57816, 12.5022
5.05497, -2.57715, 12.5032
5.05473, -2.57605, 12.504
5.05473, -2.57605, 12.504
5.05453, -2.57453, 12.5048
5.05453, -2.57453, 12.5048
5.05529, -2.57274, 12.5058
5.0558, -2.57024, 12.5068
5.0558, -2.57024, 12.5068
5.05609, -2.56673, 12.5078
5.05609, -2.56673, 12.5078
5.05603, -2.56147, 12.509
5.05584, -2.55489, 12.51
5.05584, -2.55489, 12.51
5.05585, -2.5458, 12.5111
5.05585, -2.5458, 12.5111
5.0562, -2.53488, 12.5117
5.05639, -2.52262, 12.5115
5.05639, -2.52262, 12.5115
5.05638, -2.50964, 12.5104
5.05638, -2.50964, 12.5104
5.05609, -2.49227, 12.509
5.05519, -2.47413, 12.5068
5.05519, -2.47413, 12.5068
5.05355, -2.4529, 12.5049
5.05355, -2.4529, 12.5049
5.05385, -2.4316, 12.5026
5.05385, -2.4316, 12.5026
5.0536, -2.41169, 12.5009
5.05241, -2.38473, 12.4992
5.05241, -2.38473, 12.4992
5.05195, -2.36261, 12.4981
5.05058, -2.33692, 12.4972
5.05058, -2.33692, 12.4972
5.05005, -2.30883, 12.4966
5.05005, -2.30883, 12.4966
5.04991, -2.28054, 12.4963
5.0495, -2.25194, 12.4963
5.0495, -2.25194, 12.4963
5.04885, -2.22342, 12.4965
5.04885, -2.22342, 12.4965
5.04765, -2.19176, 12.4968
5.04622, -2.16391, 12.4972
5.04622, -2.16391, 12.4972
5.0448, -2.13338, 12.4978
5.0448, -2.13338, 12.4978
5.04699, -2.09741, 12.4986
5.04654, -2.06557, 12.4989
5.04654, -2.06557, 12.4989
5.04667, -2.03356, 12.4994
5.04667, -2.03356, 12.4994
5.04626, -1.99895, 12.4998
5.04574, -1.96598, 12.5001
5.04574, -1.96598, 12.5001
5.04651, -1.9298, 12.5002
5.04651, -1.9298, 12.5002
5.04772, -1.89556, 12.5004
5.04837, -1.85817, 12.5005
5.04837, -1.85817, 12.5005
5.04912, -1.82572, 12.5008
5.04925, -1.78931, 12.5011
5.04925, -1.78931, 12.5011
5.049, -1.75155, 12.5015
5.05004, -1.71562, 12.502
5.05004, -1.71562, 12.502
5.05297, -1.67596, 12.5026
5.05425, -1.63633, 12.5028
5.05425, -1.63633, 12.5028
5.05539, -1.59935, 12.5026
5.05539, -1.59935, 12.5026
5.05706, -1.56243, 12.5024
5.05652, -1.5238, 12.502
5.05652, -1.5238, 12.502
5.06032, -1.48446, 12.5017
5.06032, -1.48446, 12.5017
5.06205, -1.443, 12.5012
5.06433, -1.40104, 12.5003
5.06433, -1.40104, 12.5003
5.06537, -1.36314, 12.4994
5.06537, -1.36314, 12.4994
5.06506, -1.32291, 12.4985
5.06561, -1.28699, 12.4976
5.06561, -1.28699, 12.4976
5.06781, -1.24638, 12.4967
5.06781, -1.24638, 12.4967
5.07009, -1.19942, 12.4959
5.07117, -1.1592, 12.4953
5.07117, -1.1592, 12.4953
5.07184, -1.11901, 12.4949
5.07184, -1.11901, 12.4949
5.07208, -1.07844, 12.4945
5.07316, -1.0348, 12.4941
5.07316, -1.0348, 12.4941
5.07509, -0.993164, 12.4936
5.07509, -0.993164, 12.4936
5.0765, -0.951718, 12.493
5.0765, -0.951718, 12.493
5.0765, -0.951718, 12.493
5.07851, -0.86566, 12.4921
5.07851, -0.86566, 12.4921
5.07832, -0.822478, 12.4918
5.07922, -0.780344, 12.4914
5.07922, -0.780344, 12.4914
5.08066, -0.735614, 12.4909
5.08066, -0.735614, 12.4909
5.08066, -0.735614, 12.4909
5.08172, -0.693375, 12.4904
5.08172, -0.693375, 12.4904
5.08228, -0.651361, 12.4896
5.08228, -0.651361, 12.4896
5.08237, -0.609459, 12.4881
5.08181, -0.565062, 12.4867
5.08181, -0.565062, 12.4867
5.08074, -0.520069, 12.4845
5.08074, -0.520069, 12.4845
5.08315, -0.474624, 12.4771
5.08315, -0.474624, 12.4771
5.08353, -0.384208, 12.4681
5.08353, -0.384208, 12.4681
5.08353, -0.384208, 12.4681
5.0829, -0.337851, 12.4647
5.08292, -0.294159, 12.4608
5.08292, -0.294159, 12.4608
5.08203, -0.254405, 12.4595
5.08203, -0.254405, 12.4595
5.08353, -0.201359, 12.4572
5.08393, -0.156248, 12.4563
5.08393, -0.156248, 12.4563
5.08363, -0.10846, 12.4564
5.08363, -0.10846, 12.4564
5.08352, -0.0671653, 12.4564
5.08277, -0.0233813, 12.4571
5.08277, -0.0233813, 12.4571
5.08223, 0.020798, 12.4581
5.08223, 0.020798, 12.4581
5.08374, 0.0713217, 12.4593
5.08307, 0.114281, 12.4613
5.08307, 0.114281, 12.4613
5.08308, 0.166889, 12.4626
5.08308, 0.166889, 12.4626
5.08231, 0.211721, 12.4641
5.08154, 0.260198, 12.4654
5.08154, 0.260198, 12.4654
5.07996, 0.30352, 12.4674
5.08094, 0.353365, 12.4688
5.08094, 0.353365, 12.4688
5.08033, 0.401856, 12.4705
5.08033, 0.401856, 12.4705
5.07989, 0.444156, 12.4718
5.07989, 0.444156, 12.4718
5.07847, 0.492326, 12.4736
5.07709, 0.536889, 12.4753
5.07709, 0.536889, 12.4753
5.0771, 0.583591, 12.4767
5.0771, 0.583591, 12.4767
5.07764, 0.637848, 12.4782
5.07723, 0.684044, 12.4795
5.07723, 0.684044, 12.4795
5.07586, 0.735933, 12.4809
5.07465, 0.782074, 12.482
5.07465, 0.782074, 12.482
5.07364, 0.829587, 12.483
5.07304, 0.873747, 12.484
5.07304, 0.873747, 12.484
5.07222, 0.927608, 12.4852
5.07239, 0.976154, 12.486
5.07239, 0.976154, 12.486
5.07108, 1.02663, 12.4868
5.07108, 1.02663, 12.4868
5.06983, 1.07215, 12.4874
5.06814, 1.11905, 12.488
5.06814, 1.11905, 12.488
5.06623, 1.16531, 12.4884
5.06623, 1.16531, 12.4884
5.06387, 1.21856, 12.4888
5.06262, 1.26551, 12.489
5.06262, 1.26551, 12.489
5.06203, 1.31495, 12.4892
5.06203, 1.31495, 12.4892
5.06102, 1.36514, 12.4893
5.05995, 1.41228, 12.4894
5.05995, 1.41228, 12.4894
5.05923, 1.45953, 12.4892
5.05923, 1.45953, 12.4892
5.0574, 1.50883, 12.4892
5.0574, 1.50883, 12.4892
5.0574, 1.50883, 12.4892
5.05649, 1.55777, 12.4892
5.05624, 1.60827, 12.489
5.05584, 1.65634, 12.4886
5.05584, 1.65634, 12.4886
5.05515, 1.70391, 12.4882
5.05515, 1.70391, 12.4882
5.05415, 1.75125, 12.4878
5.05294, 1.7983, 12.4873
5.05294, 1.7983, 12.4873
5.05218, 1.85375, 12.4865
5.05218, 1.85375, 12.4865
5.05193, 1.90299, 12.4858
5.05141, 1.95125, 12.4853
5.05141, 1.95125, 12.4853
5.05042, 2.00141, 12.4849
5.04924, 2.05054, 12.4844
5.04924, 2.05054, 12.4844
5.04828, 2.10012, 12.4839
5.04794, 2.15315, 12.4837
5.04794, 2.15315, 12.4837
5.0481, 2.20421, 12.4833
5.04715, 2.25718, 12.483
5.04715, 2.25718, 12.483
5.04573, 2.30529, 12.483
5.04573, 2.30529, 12.483
5.04483, 2.3507, 12.4826
5.04336, 2.40238, 12.4825
5.04336, 2.40238, 12.4825
5.04343, 2.4575, 12.4824
5.04343, 2.4575, 12.4824
5.04331, 2.50469, 12.4825
5.04256, 2.55875, 12.483
5.04256, 2.55875, 12.483
5.04167, 2.61169, 12.4836
5.04167, 2.61169, 12.4836
5.04057, 2.66375, 12.4839
5.04026, 2.71129, 12.4837
5.04026, 2.71129, 12.4837
5.04009, 2.76471, 12.4838
5.04009, 2.76471, 12.4838
5.03957, 2.81937, 12.484
5.0392, 2.87505, 12.4839
5.0392, 2.87505, 12.4839
5.0384, 2.92522, 12.484
5.0384, 2.92522, 12.484
5.03711, 2.97395, 12.4843
5.03642, 3.02799, 12.4843
5.03642, 3.02799, 12.4843
5.03619, 3.08063, 12.4845
5.03619, 3.08063, 12.4845
5.03574, 3.1326, 12.4847
5.03507, 3.18405, 12.4848
5.03507, 3.18405, 12.4848
5.03409, 3.23749, 12.4849
5.03055, 3.55659, 12.4819
5.02984, 3.61261, 12.4806
5.02959, 3.66635, 12.4792
5.02959, 3.66635, 12.4792
5.02895, 3.7215, 12.479
5.02895, 3.7215, 12.479
5.02857, 3.77711, 12.4786
5.02836, 3.8325, 12.4778
5.02836, 3.8325, 12.4778
5.02767, 3.88447, 12.4777
5.02767, 3.88447, 12.4777
5.02668, 3.93961, 12.478
5.02607, 3.98722, 12.478
5.02607, 3.98722, 12.478
5.02566, 4.04542, 12.4786
5.02566, 4.04542, 12.4786
5.02518, 4.10072, 12.4792
5.02462, 4.15287, 12.4798
5.02462, 4.15287, 12.4798
5.02378, 4.20736, 12.4805
5.02378, 4.20736, 12.4805
5.02278, 4.26314, 12.4812
5.02225, 4.32115, 12.4815
5.02225, 4.32115, 12.4815
5.02187, 4.3785, 12.4821
5.02187, 4.3785, 12.4821
5.02141, 4.43293, 12.4822
5.02092, 4.48291, 12.4806
5.02092, 4.48291, 12.4806
5.02003, 4.53931, 12.4755
5.02003, 4.53931, 12.4755
5.01926, 4.59143, 12.4662
5.01838, 4.64311, 12.4518
5.01838, 4.64311, 12.4518
5.01792, 4.70283, 12.4289
5.01792, 4.70283, 12.4289
5.01694, 4.75966, 12.3993
5.01605, 4.80904, 12.3701
5.01605, 4.80904, 12.3701
5.01474, 4.86576, 12.3338
5.01474, 4.86576, 12.3338
5.01341, 4.92176, 12.2967
5.01264, 4.98302, 12.2582
5.01264, 4.98302, 12.2582
5.01208, 5.03598, 12.2269
5.01208, 5.03598, 12.2269
5.01109, 5.09875, 12.1895
5.01109, 5.09875, 12.1895
5.01109, 5.09875, 12.1895
5.0095, 5.20172, 12.1317
5.0095, 5.20172, 12.1317
5.00857, 5.25174, 12.1035
5.00857, 5.25174, 12.1035
5.00857, 5.25174, 12.1035
5.00809, 5.30941, 12.0726
5.00809, 5.30941, 12.0726
5.00734, 5.40433, 12.0141
5.00734, 5.40433, 12.0141
5.00734, 5.40433, 12.0141
5.00644, 5.4815, 11.9574
5.00644, 5.4815, 11.9574
5.00578, 5.52263, 11.9221
5.00578, 5.52263, 11.9221
5.00545, 5.55777, 11.8912
5.00539, 5.59341, 11.859
5.00539, 5.59341, 11.859
5.00539, 5.59341, 11.859
5.00521, 5.62766, 11.8237
5.00521, 5.62766, 11.8237
5.00508, 5.65686, 11.7909
5.00508, 5.65686, 11.7909
5.00487, 5.68298, 11.7529
5.0046, 5.70896, 11.7118
5.0046, 5.70896, 11.7118
5.00451, 5.73403, 11.6746
5.00451, 5.73403, 11.6746
5.00447, 5.75763, 11.6378
5.00434, 5.77897, 11.5985
5.00434, 5.77897, 11.5985
5.0042, 5.79662, 11.5622
5.0042, 5.79662, 11.5622
5.00393, 5.81217, 11.524
5.00393, 5.81217, 11.524
5.00368, 5.82649, 11.4872
5.0033, 5.84124, 11.4515
5.0033, 5.84124, 11.4515
5.00289, 5.85514, 11.4137
5.00248, 5.86641, 11.3786
5.00248, 5.86641, 11.3786
5.00206, 5.87547, 11.3413
5.00206, 5.87547, 11.3413
5.00166, 5.88427, 11.3068
5.00128, 5.88916, 11.2723
5.00128, 5.88916, 11.2723
5.00035, 5.89645, 11.2376
4.99902, 5.90506, 11.1992
4.99902, 5.90506, 11.1992
4.99794, 5.90905, 11.1623
4.99794, 5.90905, 11.1623
4.9969, 5.91168, 11.1292
4.9969, 5.91168, 11.1292
4.99593, 5.91247, 11.095
4.99518, 5.91021, 11.0612
4.99518, 5.91021, 11.0612
4.99367, 5.91441, 11.0264
4.99367, 5.91441, 11.0264
4.99237, 5.91479, 10.9897
4.99116, 5.91424, 10.9555
4.99116, 5.91424, 10.9555
4.98979, 5.91325, 10.9185
4.98979, 5.91325, 10.9185
4.98873, 5.90897, 10.8821
4.98774, 5.90419, 10.8483
4.98774, 5.90419, 10.8483
4.9857, 5.90298, 10.8159
4.9857, 5.90298, 10.8159
4.98383, 5.89844, 10.7778
4.98211, 5.89391, 10.7437
4.98211, 5.89391, 10.7437
4.98055, 5.88818, 10.7096
4.98055, 5.88818, 10.7096
4.97915, 5.88134, 10.6752
4.97788, 5.87367, 10.6414
4.97788, 5.87367, 10.6414
4.97552, 5.86898, 10.6074
4.97552, 5.86898, 10.6074
4.97284, 5.86324, 10.5692
4.97093, 5.85609, 10.5358
4.97093, 5.85609, 10.5358
4.96922, 5.84794, 10.5027
4.96922, 5.84794, 10.5027
4.96769, 5.83892, 10.4697
4.96567, 5.82887, 10.4317
4.96567, 5.82887, 10.4317
4.96334, 5.82184, 10.3991
4.96334, 5.82184, 10.3991
4.96119, 5.81492, 10.369
4.95928, 5.80489, 10.3342
4.95928, 5.80489, 10.3342
4.95762, 5.79399, 10.2995
4.95762, 5.79399, 10.2995
4.9557, 5.78453, 10.267
4.95398, 5.77445, 10.2356
4.95398, 5.77445, 10.2356
4.95121, 5.76493, 10.2024
4.95121, 5.76493, 10.2024
4.9488, 5.75379, 10.1677
4.94609, 5.74321, 10.1335
4.94609, 5.74321, 10.1335
4.94484, 5.73073, 10.1016
4.94484, 5.73073, 10.1016
4.9432, 5.71985, 10.0723
4.94104, 5.70588, 10.0349
4.94104, 5.70588, 10.0349
4.93838, 5.69552, 10.0034
4.92542, 5.62311, 9.8087
4.92315, 5.61164, 9.77706
4.92124, 5.59877, 9.74367
4.92124, 5.59877, 9.74367
4.91958, 5.58625, 9.71204
4.91958, 5.58625, 9.71204
4.91823, 5.57323, 9.68052
4.91585, 5.56039, 9.64684
4.91585, 5.56039, 9.64684
4.91336, 5.549, 9.61598
4.91336, 5.549, 9.61598
4.91131, 5.5358, 9.58244
4.90947, 5.52366, 9.55209
4.90947, 5.52366, 9.55209
4.90735, 5.51115, 9.52068
4.9067, 5.49839, 9.4917
4.9067, 5.49839, 9.4917
4.9067, 5.49839, 9.4917
4.9053, 5.48627, 9.46212
4.9053, 5.48627, 9.46212
4.90241, 5.4742, 9.42781
4.90093, 5.46109, 9.39421
4.90093, 5.46109, 9.39421
4.89957, 5.45001, 9.36556
4.89957, 5.45001, 9.36556
4.89897, 5.43569, 9.33074
4.89823, 5.42417, 9.3023
4.89823, 5.42417, 9.3023
4.89715, 5.4115, 9.26901
4.89715, 5.4115, 9.26901
4.89612, 5.399, 9.2359
4.89452, 5.38798, 9.20526
4.89452, 5.38798, 9.20526
4.89407, 5.37535, 9.17318
4.89407, 5.37535, 9.17318
4.89374, 5.36371, 9.14363
4.89374, 5.35146, 9.11317
4.89374, 5.35146, 9.11317
4.89318, 5.34058, 9.08273
4.89318, 5.34058, 9.08273
4.89275, 5.32961, 9.05125
4.89216, 5.31824, 9.01799
4.89216, 5.31824, 9.01799
4.89293, 5.30694, 8.98773
4.89293, 5.30694, 8.98773
4.89334, 5.29417, 8.95184
4.89442, 5.28362, 8.92359
4.89442, 5.28362, 8.92359
4.8942, 5.2734, 8.89025
4.8942, 5.2734, 8.89025
4.89453, 5.26374, 8.85911
4.8949, 5.25363, 8.82572
4.8949, 5.25363, 8.82572
4.89616, 5.24426, 8.79754
4.89616, 5.24426, 8.79754
4.8972, 5.23396, 8.76448
4.89864, 5.22425, 8.73446
4.89864, 5.22425, 8.73446
4.89921, 5.21579, 8.70402
4.89921, 5.21579, 8.70402
4.90001, 5.20616, 8.66884
4.9011, 5.19771, 8.63917
4.9011, 5.19771, 8.63917
4.90272, 5.18836, 8.60696
4.90272, 5.18836, 8.60696
4.90389, 5.18004, 8.57693
4.90543, 5.17195, 8.54705
4.90543, 5.17195, 8.54705
4.90651, 5.1651, 8.51742
4.90651, 5.1651, 8.51742
4.90789, 5.15819, 8.48795
4.90993, 5.15101, 8.45876
4.90993, 5.15101, 8.45876
4.91181, 5.14337, 8.42511
4.91181, 5.14337, 8.42511
4.91356, 5.13723, 8.39843
4.91601, 5.13011, 8.36797
4.91601, 5.13011, 8.36797
4.91756, 5.12459, 8.33809
4.91756, 5.12459, 8.33809
4.91905, 5.11994, 8.31227
4.92131, 5.11431, 8.28236
4.92131, 5.11431, 8.28236
4.92349, 5.10914, 8.25435
4.92349, 5.10914, 8.25435
4.92634, 5.10315, 8.22196
4.92852, 5.09865, 8.19635
4.92852, 5.09865, 8.19635
4.93064, 5.09498, 8.16636
4.93268, 5.0917, 8.13852
4.93268, 5.0917, 8.13852
4.93481, 5.08849, 8.10846
4.93481, 5.08849, 8.10846
4.93715, 5.08523, 8.07977
4.93952, 5.08194, 8.04927
4.93952, 5.08194, 8.04927
4.94131, 5.07983, 8.02408
4.94131, 5.07983, 8.02408
4.94343, 5.07769, 7.99406
4.94343, 5.07769, 7.99406
4.94545, 5.07567, 7.96549
4.94781, 5.07336, 7.93474
4.94781, 5.07336, 7.93474
4.94989, 5.07137, 7.90706
4.94989, 5.07137, 7.90706
4.95233, 5.06907, 7.87663
4.95424, 5.06749, 7.85073
4.95424, 5.06749, 7.85073
4.95665, 5.06596, 7.81737
4.95665, 5.06596, 7.81737
4.95838, 5.06506, 7.79144
4.96035, 5.06402, 7.76103
4.96035, 5.06402, 7.76103
4.96213, 5.06293, 7.73458
4.96213, 5.06293, 7.73458
4.96418, 5.06165, 7.70533
4.96608, 5.06122, 7.6751
4.96608, 5.06122, 7.6751
4.96773, 5.06119, 7.64739
4.96773, 5.06119, 7.64739
4.96939, 5.06126, 7.61838
4.97111, 5.06087, 7.5905
4.97111, 5.06087, 7.5905
4.97262, 5.06053, 7.56537
4.97262, 5.06053, 7.56537
4.97454, 5.06003, 7.534
4.97589, 5.06033, 7.50879
4.97589, 5.06033, 7.50879
4.97734, 5.06081, 7.48036
4.97734, 5.06081, 7.48036
4.97871, 5.06119, 7.45358
4.9801, 5.06141, 7.42632
4.9801, 5.06141, 7.42632
4.9816, 5.0614, 7.39709
4.9816, 5.0614, 7.39709
4.98318, 5.06135, 7.36582
4.98449, 5.06171, 7.34034
4.98449, 5.06171, 7.34034
4.98602, 5.06231, 7.31093
4.98602, 5.06231, 7.31093
4.98743, 5.06283, 7.28393
4.98888, 5.06312, 7.25559
4.98888, 5.06312, 7.25559
4.99026, 5.06327, 7.22836
4.99026, 5.06327, 7.22836
4.99161, 5.06346, 7.20134
4.9928, 5.06434, 7.17221
4.9928, 5.06434, 7.17221
4.99386, 5.065, 7.14565
4.99386, 5.065, 7.14565
4.99493, 5.0654, 7.11887
4.99597, 5.06557, 7.09196
4.99597, 5.06557, 7.09196
4.99703, 5.06573, 7.06372
4.99703, 5.06573, 7.06372
4.99801, 5.06558, 7.03688
4.99876, 5.06656, 7.00793
4.99876, 5.06656, 7.00793
4.99943, 5.06743, 6.98122
4.99943, 5.06743, 6.98122
5.00008, 5.06812, 6.95497
5.00008, 5.06812, 6.95497
5.00008, 5.06812, 6.95497
5.00076, 5.06849, 6.92612
5.00076, 5.06849, 6.92612
5.00189, 5.06891, 6.87077
5.00189, 5.06891, 6.87077
5.00189, 5.06891, 6.87077
5.00206, 5.07019, 6.84687
5.00206, 5.07019, 6.84687
5.00231, 5.07105, 6.8183
5.00258, 5.07171, 6.78987
5.00258, 5.07171, 6.78987
5.00281, 5.07245, 6.76186
5.00281, 5.07245, 6.76186
5.00303, 5.07273, 6.73741
5.00303, 5.07273, 6.73741
5.00332, 5.07252, 6.71008
5.00338, 5.07398, 6.68295
5.00338, 5.07398, 6.68295
5.0035, 5.07498, 6.6569
5.0037, 5.0759, 6.6262
5.0037, 5.0759, 6.6262
5.00391, 5.07602, 6.60157
5.00413, 5.07633, 6.57006
5.00422, 5.07669, 6.54589
5.00422, 5.07669, 6.54589
5.00416, 5.07795, 6.51694
5.00416, 5.07795, 6.51694
5.00417, 5.07814, 6.49228
5.00414, 5.07839, 6.46417
5.00414, 5.07839, 6.46417
5.00411, 5.07842, 6.43617
5.00411, 5.07842, 6.43617
5.00404, 5.07862, 6.41047
5.00402, 5.07834, 6.38501
5.00402, 5.07834, 6.38501
5.00403, 5.07768, 6.35652
5.00402, 5.07692, 6.32949
5.00384, 5.0768, 6.29737
5.00384, 5.0768, 6.29737
5.00373, 5.07665, 6.27395
5.00373, 5.07665, 6.27395
5.00361, 5.07623, 6.24377
5.00351, 5.07603, 6.21613
5.00351, 5.07603, 6.21613
5.0035, 5.07522, 6.19244
5.0035, 5.07522, 6.19244
5.0035, 5.07448, 6.16465
5.00339, 5.07467, 6.14151
5.00339, 5.07467, 6.14151
5.00321, 5.07494, 6.11213
5.00321, 5.07494, 6.11213
5.00307, 5.0747, 6.08675
5.00293, 5.07407, 6.05976
5.00293, 5.07407, 6.05976
5.00282, 5.07334, 6.03492
5.00282, 5.07334, 6.03492
5.00274, 5.07246, 6.01118
5.00239, 5.07187, 5.98498
5.00239, 5.07187, 5.98498
5.00181, 5.07179, 5.95984
5.00181, 5.07179, 5.95984
5.00129, 5.07168, 5.93697
5.00078, 5.07098, 5.91036
5.00078, 5.07098, 5.91036
5.00021, 5.07041, 5.88394
5.00021, 5.07041, 5.88394
4.99977, 5.06937, 5.85859
4.99903, 5.06935, 5.8363
4.99903, 5.06935, 5.8363
4.99808, 5.06942, 5.80941
4.99808, 5.06942, 5.80941
4.99736, 5.06914, 5.78727
4.99674, 5.06847, 5.76355
4.99606, 5.06763, 5.7364
4.99546, 5.06692, 5.71202
4.99468, 5.06702, 5.68722
4.99468, 5.06702, 5.68722
4.99396, 5.06688, 5.66323
4.99396, 5.06688, 5.66323
4.9933, 5.06642, 5.63825
4.9933, 5.06642, 5.63825
4.9933, 5.06642, 5.63825
4.99268, 5.06569, 5.61279
4.99268, 5.06569, 5.61279
4.99215, 5.06488, 5.58953
4.99166, 5.06375, 5.56653
4.99166, 5.06375, 5.56653
4.99113, 5.06325, 5.54184
4.99113, 5.06325, 5.54184
4.99066, 5.06241, 5.51923
4.9902, 5.06138, 5.49678
4.9902, 5.06138, 5.49678
4.98991, 5.05888, 5.47253
4.98991, 5.05888, 5.47253
4.9897, 5.05572, 5.44933
4.98938, 5.05299, 5.42763
4.98938, 5.05299, 5.42763
4.98907, 5.04925, 5.40371
4.98907, 5.04925, 5.40371
4.98887, 5.04483, 5.3816
4.98883, 5.03946, 5.36107
4.98883, 5.03946, 5.36107
4.98881, 5.03234, 5.3376
4.98881, 5.03234, 5.3376
4.98881, 5.02429, 5.3145
4.98894, 5.01526, 5.29124
4.98894, 5.01526, 5.29124
4.98899, 5.00724, 5.26911
4.98899, 5.00724, 5.26911
4.98909, 4.99763, 5.24664
4.98933, 4.9855, 5.22226
4.98933, 4.9855, 5.22226
4.98952, 4.97352, 5.19862
4.98952, 4.97352, 5.19862
4.98984, 4.95893, 5.17425
4.99001, 4.94499, 5.15111
4.99001, 4.94499, 5.15111
4.99012, 4.93099, 5.12853
4.99012, 4.93099, 5.12853
4.99028, 4.91602, 5.10709
4.99058, 4.89712, 5.08457
4.99058, 4.89712, 5.08457
4.99099, 4.87641, 5.06509
4.99099, 4.87641, 5.06509
4.99141, 4.85661, 5.0503
4.99176, 4.83451, 5.03748
4.99176, 4.83451, 5.03748
4.9921, 4.81327, 5.02897
4.9921, 4.81327, 5.02897
4.99244, 4.79056, 5.02354
4.99294, 4.76535, 5.02012
4.99294, 4.76535, 5.02012
4.99352, 4.73982, 5.01809
4.99352, 4.73982, 5.01809
4.99397, 4.71497, 5.01661
4.99413, 4.68812, 5.01495
4.99413, 4.68812, 5.01495
4.9941, 4.66498, 5.01289
4.9941, 4.66498, 5.01289
4.99423, 4.63642, 5.01024
4.99435, 4.60758, 5.0073
4.99435, 4.60758, 5.0073
4.99438, 4.57787, 5.00342
4.99438, 4.57787, 5.00342
4.99447, 4.54899, 4.99996
4.99378, 4.5199, 4.99669
4.99378, 4.5199, 4.99669
4.99293, 4.48797, 4.99404
4.99293, 4.48797, 4.99404
4.99214, 4.46014, 4.99157
4.99154, 4.42689, 4.98933
4.99154, 4.42689, 4.98933
4.99101, 4.39541, 4.98768
4.99101, 4.39541, 4.98768
4.99045, 4.3593, 4.98569
4.98923, 4.32722, 4.98439
4.98923, 4.32722, 4.98439
4.98817, 4.29483, 4.98363
4.98817, 4.29483, 4.98363
4.9872, 4.26204, 4.9835
4.98609, 4.22624, 4.98365
4.98609, 4.22624, 4.98365
4.98541, 4.19265, 4.98435
4.98484, 4.1589, 4.98553
4.98345, 4.12147, 4.98719
4.98214, 4.09124, 4.98827
4.98214, 4.09124, 4.98827
4.98076, 4.04933, 4.99009
4.98076, 4.04933, 4.99009
4.98076, 4.04933, 4.99009
4.97899, 3.97898, 4.9937
4.97899, 3.97898, 4.9937
4.97801, 3.94057, 4.99534
4.97801, 3.94057, 4.99534
4.97801, 3.94057, 4.99534
4.97628, 3.90682, 4.99653
4.97628, 3.90682, 4.99653
4.97484, 3.86781, 4.9976
4.97355, 3.83051, 4.99858
4.97355, 3.83051, 4.99858
4.97245, 3.79078, 4.99937
4.97245, 3.79078, 4.99937
4.97149, 3.75693, 4.99981
4.97058, 3.71407, 5.00029
4.97058, 3.71407, 5.00029
4.96868, 3.6762, 5.00094
4.96716, 3.63465, 5.0022
4.96716, 3.63465, 5.0022
4.96627, 3.59608, 5.00365
4.96627, 3.59608, 5.00365
4.96592, 3.55827, 5.00492
4.96592, 3.55827, 5.00492
4.96514, 3.51681, 5.00748
4.96388, 3.47491, 5.00983
4.96241, 3.4385, 5.01223
4.96241, 3.4385, 5.01223
4.96129, 3.39449, 5.01465
4.95985, 3.35459, 5.01781
4.95985, 3.35459, 5.01781
4.95906, 3.31324, 5.02008
4.95906, 3.31324, 5.02008
4.95839, 3.27529, 5.02215
4.95734, 3.23241, 5.02396
4.95734, 3.23241, 5.02396
4.95589, 3.1909, 5.02525
4.95589, 3.1909, 5.02525
4.95425, 3.14783, 5.02707
4.95342, 3.10476, 5.02812
4.95342, 3.10476, 5.02812
4.95274, 3.0645, 5.02926
4.95274, 3.0645, 5.02926
4.95192, 3.02273, 5.03092
4.95069, 2.98112, 5.03168
4.95069, 2.98112, 5.03168
4.95014, 2.94308, 5.03178
4.95014, 2.94308, 5.03178
4.94948, 2.89906, 5.03221
4.94903, 2.8545, 5.03239
4.94903, 2.8545, 5.03239
4.9487, 2.81305, 5.03269
4.9487, 2.81305, 5.03269
4.94857, 2.77163, 5.033
4.94798, 2.72625, 5.034
4.94798, 2.72625, 5.034
4.94736, 2.68379, 5.03454
4.94736, 2.68379, 5.03454
4.94701, 2.63834, 5.03481
4.94664, 2.59911, 5.03553
4.94664, 2.59911, 5.03553
4.94639, 2.55017, 5.03603
4.94639, 2.55017, 5.03603
4.94642, 2.51075, 5.03635
4.94613, 2.46489, 5.03632
4.94613, 2.46489, 5.03632
4.94582, 2.41959, 5.03633
4.94582, 2.41959, 5.03633
4.94567, 2.3765, 5.03639
4.94582, 2.33019, 5.03618
4.94582, 2.33019, 5.03618
4.94606, 2.28724, 5.03622
4.94606, 2.28724, 5.03622
4.94635, 2.24084, 5.0368
4.94647, 2.20036, 5.0361
4.94647, 2.20036, 5.0361
4.94623, 2.15213, 5.03651
4.94623, 2.15213, 5.03651
4.94647, 2.10815, 5.03634
4.94695, 2.06168, 5.03592
4.94695, 2.06168, 5.03592
4.94737, 2.0144, 5.03636
4.94737, 2.0144, 5.03636
4.94806, 1.9706, 5.03624
4.94835, 1.92219, 5.03591
4.94835, 1.92219, 5.03591
4.94872, 1.87719, 5.03585
4.94872, 1.87719, 5.03585
4.94918, 1.8333, 5.03581
4.94979, 1.78871, 5.03575
4.94979, 1.78871, 5.03575
4.95042, 1.74052, 5.03574
4.95042, 1.74052, 5.03574
4.9513, 1.70051, 5.03433
4.95148, 1.65094, 5.03356
4.95148, 1.65094, 5.03356
4.95206, 1.59914, 5.03213
4.95206, 1.59914, 5.03213
4.95239, 1.55742, 5.03136
4.95298, 1.51213, 5.03033
4.95298, 1.51213, 5.03033
4.95367, 1.46704, 5.02948
4.95367, 1.46704, 5.02948
4.95453, 1.41499, 5.02882
4.95501, 1.36841, 5.0282
4.95501, 1.36841, 5.0282
4.95557, 1.32336, 5.02783
4.95557, 1.32336, 5.02783
4.95633, 1.27427, 5.02735
4.95703, 1.2286, 5.02728
4.95703, 1.2286, 5.02728
4.95795, 1.17982, 5.02718
4.95795, 1.17982, 5.02718
4.9587, 1.13756, 5.02744
4.95934, 1.08314, 5.02781
4.95934, 1.08314, 5.02781
4.95999, 1.03616, 5.02784
4.95999, 1.03616, 5.02784
4.96063, 0.986165, 5.02815
4.96138, 0.939592, 5.02781
4.96138, 0.939592, 5.02781
4.96207, 0.896558, 5.02752
4.96207, 0.896558, 5.02752
4.96308, 0.843554, 5.02659
4.96364, 0.800113, 5.02642
4.96443, 0.750006, 5.02583
4.96443, 0.750006, 5.02583
4.96443, 0.750006, 5.02583
4.96527, 0.699446, 5.02515
4.96601, 0.655351, 5.0249
4.96773, 0.552823, 5.02418
4.96773, 0.552823, 5.02418
4.96856, 0.500929, 5.02347
4.96856, 0.500929, 5.02347
4.97013, 0.407823, 5.02248
4.97104, 0.355051, 5.02188
4.9719, 0.308349, 5.02081
4.9719, 0.308349, 5.02081
4.97292, 0.256567, 5.01995
4.97292, 0.256567, 5.01995
4.97396, 0.209251, 5.01991
4.9751, 0.157072, 5.01923
4.9751, 0.157072, 5.01923
4.97621, 0.105326, 5.01862
4.97621, 0.105326, 5.01862
4.97721, 0.0571217, 5.01818
4.9782, 0.00901155, 5.01793
4.9782, 0.00901155, 5.01793
4.97923, -0.0413741, 5.01836
4.97923, -0.0413741, 5.01836
4.9802, -0.0907564, 5.01867
4.98119, -0.143418, 5.01916
4.98119, -0.143418, 5.01916
4.98204, -0.192351, 5.01985
4.98204, -0.192351, 5.01985
4.98288, -0.24435, 5.02042
4.98359, -0.288977, 5.02148
4.98359, -0.288977, 5.02148
4.98448, -0.345036, 5.02211
4.98448, -0.345036, 5.02211
4.98545, -0.396176, 5.02381
4.98622, -0.442355, 5.02493
4.98622, -0.442355, 5.02493
4.98699, -0.498962, 5.02556
4.98699, -0.498962, 5.02556
4.98765, -0.544638, 5.02652
4.98831, -0.59607, 5.02722
4.98923, -0.645122, 5.02807
4.99035, -0.704213, 5.02903
4.99115, -0.749726, 5.02965
4.99115, -0.749726, 5.02965
4.99205, -0.803202, 5.03039
4.99267, -0.854424, 5.03022
4.99267, -0.854424, 5.03022
4.99347, -0.909711, 5.02973
4.99347, -0.909711, 5.02973
4.99443, -0.96092, 5.02925
4.99443, -0.96092, 5.02925
4.9953, -1.01394, 5.02854
4.9961, -1.06448, 5.02787
4.9961, -1.06448, 5.02787
4.99682, -1.1146, 5.02724
4.99682, -1.1146, 5.02724
4.99744, -1.16838, 5.02643
4.99814, -1.21889, 5.02604
4.99814, -1.21889, 5.02604
4.99945, -1.27197, 5.02636
4.99945, -1.27197, 5.02636
5.00033, -1.32034, 5.02641
5.00119, -1.37965, 5.02657
5.00119, -1.37965, 5.02657
5.00144, -1.42608, 5.02592
5.00144, -1.42608, 5.02592
5.00193, -1.48436, 5.02548
5.00258, -1.53213, 5.02494
5.00258, -1.53213, 5.02494
5.0031, -1.58794, 5.02367
5.00347, -1.6434, 5.02239
5.00347, -1.6434, 5.02239
5.00389, -1.69078, 5.02154
5.00389, -1.69078, 5.02154
5.00389, -1.69078, 5.02154
5.00389, -1.69078, 5.02154
5.00437, -1.80055, 5.0202
5.00446, -1.84738, 5.01908
5.00446, -1.84738, 5.01908
5.00446, -1.84738, 5.01908
5.00446, -1.84738, 5.01908
5.0058, -1.95513, 5.0178
5.00646, -2.01503, 5.0175
5.00646, -2.01503, 5.0175
5.00646, -2.01503, 5.0175
5.00646, -2.01503, 5.0175
5.00708, -2.11337, 5.01648
5.0075, -2.17214, 5.01599
5.0075, -2.17214, 5.01599
5.0075, -2.17214, 5.01599
5.0075, -2.17214, 5.01599
5.00943, -2.22588, 5.01649
5.01073, -2.27336, 5.01623
5.01073, -2.27336, 5.01623
5.01342, -2.32946, 5.01684
5.01342, -2.32946, 5.01684
5.01688, -2.38507, 5.01759
5.0205, -2.43479, 5.01745
5.0205, -2.43479, 5.01745
5.02686, -2.48858, 5.0186
5.03386, -2.53839, 5.01874
5.03386, -2.53839, 5.01874
5.04318, -2.58778, 5.02039
5.04318, -2.58778, 5.02039
5.05373, -2.63574, 5.02148
5.05373, -2.63574, 5.02148
5.06683, -2.68504, 5.02269
5.08144, -2.73057, 5.02414
5.08144, -2.73057, 5.02414
5.0986, -2.77562, 5.02563
5.0986, -2.77562, 5.02563
5.11914, -2.82171, 5.02737
5.13746, -2.85772, 5.02787
5.13746, -2.85772, 5.02787
5.16219, -2.90035, 5.02914
5.16219, -2.90035, 5.02914
5.18471, -2.93435, 5.02932
5.21077, -2.96904, 5.02879
5.21077, -2.96904, 5.02879
5.23653, -3.00005, 5.02834
5.23653, -3.00005, 5.02834
5.26439, -3.03108, 5.02839
5.29229, -3.05845, 5.02814
5.29229, -3.05845, 5.02814
5.32287, -3.08507, 5.02789
5.32287, -3.08507, 5.02789
5.35154, -3.10746, 5.02789
5.38083, -3.12785, 5.02795
5.38083, -3.12785, 5.02795
5.41633, -3.1509, 5.02816
5.41633, -3.1509, 5.02816
5.4476, -3.16919, 5.02827
5.47978, -3.18571, 5.02846
5.47978, -3.18571, 5.02846
5.5107, -3.19973, 5.02877
5.5107, -3.19973, 5.02877
5.54144, -3.21184, 5.0292
5.57449, -3.22272, 5.02961
5.57449, -3.22272, 5.02961
5.60511, -3.23126, 5.03014
5.60511, -3.23126, 5.03014
5.63554, -3.2382, 5.0306
5.66599, -3.24413, 5.03153
5.66599, -3.24413, 5.03153
5.69752, -3.25109, 5.0319
5.69752, -3.25109, 5.0319
5.73117, -3.25744, 5.0315
5.76431, -3.26326, 5.03135
5.76431, -3.26326, 5.03135
5.79408, -3.26648, 5.03114
5.79408, -3.26648, 5.03114
5.82407, -3.26845, 5.031
5.85375, -3.26923, 5.03101
5.85375, -3.26923, 5.03101
5.88738, -3.2717, 5.03101
5.88738, -3.2717, 5.03101
5.91937, -3.27437, 5.03152
5.95215, -3.27402, 5.03161
5.95215, -3.27402, 5.03161
5.98266, -3.27291, 5.03193
5.98266, -3.27291, 5.03193
6.01293, -3.27079, 5.03202
6.0448, -3.26729, 5.032
6.0448, -3.26729, 5.032
6.07257, -3.26457, 5.03173
6.07257, -3.26457, 5.03173
6.10956, -3.26237, 5.03176
6.14098, -3.25896, 5.03173
6.17142, -3.25494, 5.03167
6.20306, -3.24968, 5.03148
6.20306, -3.24968, 5.03148
6.23437, -3.24468, 5.03164
6.23437, -3.24468, 5.03164
6.27259, -3.2392, 5.03133
6.27259, -3.2392, 5.03133
6.3014, -3.23315, 5.03064
6.33341, -3.22662, 5.02998
6.33341, -3.22662, 5.02998
6.36727, -3.21866, 5.02902
6.40255, -3.21124, 5.02823
6.40255, -3.21124, 5.02823
6.43635, -3.20267, 5.0263
6.43635, -3.20267, 5.0263
6.46631, -3.19481, 5.02472
6.46631, -3.19481, 5.02472
6.50444, -3.18557, 5.02274
6.53419, -3.1769, 5.02131
6.53419, -3.1769, 5.02131
6.57206, -3.16634, 5.01954
6.57206, -3.16634, 5.01954
6.60409, -3.15655, 5.01814
6.63678, -3.14655, 5.01676
6.63678, -3.14655, 5.01676
6.67017, -3.13726, 5.01561
6.67017, -3.13726, 5.01561
6.70645, -3.1263, 5.01447
6.74364, -3.11531, 5.01338
6.74364, -3.11531, 5.01338
6.77618, -3.10421, 5.01248
6.77618, -3.10421, 5.01248
6.81281, -3.0925, 5.01159
6.84419, -3.08277, 5.01091
6.84419, -3.08277, 5.01091
6.88372, -3.07012, 5.00998
6.88372, -3.07012, 5.00998
6.91641, -3.05991, 5.00913
6.95135, -3.0484, 5.00788
6.95135, -3.0484, 5.00788
6.98838, -3.03584, 5.00632
6.98838, -3.03584, 5.00632
7.02289, -3.02404, 5.00446
7.06395, -3.01038, 5.00208
7.06395, -3.01038, 5.00208
7.0967, -2.99935, 5.00066
7.0967, -2.99935, 5.00066
7.13857, -2.98568, 4.99864
7.17241, -2.97446, 4.99717
7.17241, -2.97446, 4.99717
7.20942, -2.96231, 4.99554
7.20942, -2.96231, 4.99554
7.20942, -2.96231, 4.99554
7.28799, -2.93596, 4.9935
7.28799, -2.93596, 4.9935
7.32603, -2.92361, 4.99254
7.32603, -2.92361, 4.99254
7.36643, -2.91041, 4.99168
7.40387, -2.8983, 4.99085
7.40387, -2.8983, 4.99085
7.44135, -2.88623, 4.99018
7.44135, -2.88623, 4.99018
7.47845, -2.87437, 4.98974
7.52095, -2.86119, 4.98929
7.52095, -2.86119, 4.98929
7.52095, -2.86119, 4.98929
7.52095, -2.86119, 4.98929
7.56312, -2.8483, 4.98912
7.59983, -2.83722, 4.98891
7.59983, -2.83722, 4.98891
7.64109, -2.82493, 4.98858
7.64109, -2.82493, 4.98858
7.68267, -2.81263, 4.98853
7.72159, -2.8013, 4.98847
7.72159, -2.8013, 4.98847
7.76232, -2.78967, 4.98843
7.76232, -2.78967, 4.98843
7.80602, -2.77738, 4.98849
7.84414, -2.76681, 4.98806
7.84414, -2.76681, 4.98806
7.88732, -2.75503, 4.98741
7.88732, -2.75503, 4.98741
7.93001, -2.74376, 4.98722
7.9705, -2.73337, 4.98691
7.9705, -2.73337, 4.98691
8.01539, -2.72212, 4.98666
8.01539, -2.72212, 4.98666
8.06117, -2.71082, 4.9859
8.10137, -2.70153, 4.98581
8.10137, -2.70153, 4.98581
8.14913, -2.69079, 4.98537
8.14913, -2.69079, 4.98537
8.19201, -2.68123, 4.98396
8.23045, -2.67327, 4.98351
8.23045, -2.67327, 4.98351
8.2776, -2.66338, 4.98223
8.2776, -2.66338, 4.98223
8.3249, -2.65401, 4.98148
8.369, -2.64561, 4.98053
8.369, -2.64561, 4.98053
8.41619, -2.63714, 4.97988
8.41619, -2.63714, 4.97988
8.45976, -2.62963, 4.97923
8.50355, -2.62246, 4.97859
8.50355, -2.62246, 4.97859
8.54843, -2.61533, 4.97793
8.54843, -2.61533, 4.97793
8.59806, -2.6075, 4.97694
8.64682, -2.60055, 4.97669
8.64682, -2.60055, 4.97669
8.69218, -2.59439, 4.97638
8.69218, -2.59439, 4.97638
8.73424, -2.58898, 4.97603
8.78572, -2.58282, 4.97555
8.78572, -2.58282, 4.97555
8.83299, -2.57711, 4.97537
8.83299, -2.57711, 4.97537
8.87914, -2.57191, 4.97491
8.92978, -2.56643, 4.9731
8.92978, -2.56643, 4.9731
8.97852, -2.56197, 4.97197
8.97852, -2.56197, 4.97197
9.02358, -2.55848, 4.97169
9.0704, -2.55461, 4.96997
9.0704, -2.55461, 4.96997
9.12103, -2.55065, 4.96929
9.12103, -2.55065, 4.96929
9.16868, -2.54702, 4.9683
9.21613, -2.54383, 4.9674
9.21613, -2.54383, 4.9674
9.26679, -2.54092, 4.96675
9.31443, -2.53812, 4.96507
9.31443, -2.53812, 4.96507
9.36375, -2.53609, 4.96431
9.36375, -2.53609, 4.96431
9.41094, -2.53416, 4.96441
9.41094, -2.53416, 4.96441
9.46255, -2.53161, 4.96283
9.50982, -2.52992, 4.96209
9.50982, -2.52992, 4.96209
9.56162, -2.52827, 4.96072
9.56162, -2.52827, 4.96072
9.60908, -2.52733, 4.9601
9.65592, -2.52704, 4.96051
9.65592, -2.52704, 4.96051
9.70874, -2.52564, 4.95938
9.70874, -2.52564, 4.95938
9.75756, -2.52502, 4.95903
9.80776, -2.52476, 4.95856
9.80776, -2.52476, 4.95856
9.85616, -2.52476, 4.95786
9.85616, -2.52476, 4.95786
9.90772, -2.52513, 4.9576
9.95155, -2.52551, 4.95686
9.95155, -2.52551, 4.95686
10.0101, -2.52502, 4.95526
10.0101, -2.52502, 4.95526
10.0551, -2.52566, 4.95603
10.1078, -2.52644, 4.95677
10.1078, -2.52644, 4.95677
10.1533, -2.52713, 4.95724
10.1533, -2.52713, 4.95724
10.2097, -2.52829, 4.9582
10.2583, -2.52958, 4.95957
10.2583, -2.52958, 4.95957
10.3118, -2.53031, 4.96131
10.3118, -2.53031, 4.96131
10.3612, -2.53107, 4.96268
10.4645, -2.53349, 4.96562
10.4645, -2.53349, 4.96562
10.4645, -2.53349, 4.96562
10.5607, -2.53611, 4.96758
10.5607, -2.53611, 4.96758
10.6155, -2.53649, 4.96798
10.6652, -2.53734, 4.96865
10.6652, -2.53734, 4.96865
10.7164, -2.53844, 4.96908
10.7164, -2.53844, 4.96908
10.7717, -2.53957, 4.96879
10.8212, -2.54119, 4.96934
10.8212, -2.54119, 4.96934
10.8726, -2.54206, 4.96827
10.8726, -2.54206, 4.96827
10.9263, -2.54334, 4.9683
10.9812, -2.54476, 4.96856
10.9812, -2.54476, 4.96856
11.0262, -2.54579, 4.96765
11.0262, -2.54579, 4.96765
11.0262, -2.54579, 4.96765
11.084, -2.54725, 4.9663
11.084, -2.54725, 4.9663
11.1298, -2.5487, 4.96633
11.1298, -2.5487, 4.96633
11.1899, -2.54962, 4.96561
11.2367, -2.55058, 4.966
11.2367, -2.55058, 4.966
11.293, -2.55132, 4.96547
11.293, -2.55132, 4.96547
11.3454, -2.55234, 4.96563
11.4001, -2.55353, 4.96603
11.4001, -2.55353, 4.96603
11.4473, -2.55452, 4.96587
11.504, -2.55549, 4.96632
11.504, -2.55549, 4.96632
11.5585, -2.55629, 4.96649
11.5585, -2.55629, 4.96649
11.6098, -2.5568, 4.96559
11.6098, -2.5568, 4.96559
11.6652, -2.55788, 4.96585
11.7198, -2.55898, 4.96617
11.7198, -2.55898, 4.96617
11.7671, -2.55987, 4.96617
11.7671, -2.55987, 4.96617
11.8189, -2.56047, 4.96644
11.8772, -2.56111, 4.96659
11.8772, -2.56111, 4.96659
11.9347, -2.56208, 4.96772
11.9347, -2.56208, 4.96772
11.985, -2.56283, 4.96972
12.04, -2.56371, 4.97591
12.04, -2.56371, 4.97591
12.0895, -2.56417, 4.98678
12.0895, -2.56417, 4.98678
12.1484, -2.56427, 5.00789
12.2067, -2.56426, 5.0367
12.2067, -2.56426, 5.0367
12.2641, -2.56399, 5.07098
12.2641, -2.56399, 5.07098
12.317, -2.56392, 5.10954
12.3731, -2.56389, 5.15754
12.3731, -2.56389, 5.15754
12.4319, -2.56323, 5.21308
12.4319, -2.56323, 5.21308
12.4839, -2.56257, 5.26737
12.4839, -2.56257, 5.26737
12.53, -2.56214, 5.32054
12.5893, -2.56133, 5.39246
12.5893, -2.56133, 5.39246
12.6367, -2.56073, 5.45384
12.6367, -2.56073, 5.45384
12.6813, -2.56006, 5.512
12.7288, -2.55928, 5.57711
12.7288, -2.55928, 5.57711
12.7721, -2.55849, 5.63812
12.7721, -2.55849, 5.63812
12.8163, -2.55766, 5.70182
12.8523, -2.55717, 5.75714
12.8523, -2.55717, 5.75714
12.8942, -2.55689, 5.82695
12.8942, -2.55689, 5.82695
12.9273, -2.55666, 5.88396
12.963, -2.55618, 5.94684
12.963, -2.55618, 5.94684
12.9912, -2.55585, 5.99987
13.025, -2.55528, 6.06546
13.025, -2.55528, 6.06546
13.0519, -2.55495, 6.12232
13.0519, -2.55495, 6.12232
13.0767, -2.55473, 6.17879
13.0991, -2.55463, 6.23359
13.0991, -2.55463, 6.23359
13.1221, -2.55383, 6.29265
13.1221, -2.55383, 6.29265
13.142, -2.55288, 6.34728
13.142, -2.55288, 6.34728
13.1616, -2.55182, 6.40562
13.1782, -2.55127, 6.46326
13.1782, -2.55127, 6.46326
13.1919, -2.55081, 6.5155
13.1919, -2.55081, 6.5155
13.1919, -2.55081, 6.5155
13.2039, -2.55049, 6.56703
13.2039, -2.55049, 6.56703
13.216, -2.54907, 6.62201
13.216, -2.54907, 6.62201
13.2257, -2.54805, 6.67409
13.234, -2.54723, 6.72667
13.234, -2.54723, 6.72667
13.2409, -2.54656, 6.77815
13.247, -2.54617, 6.83646
13.247, -2.54617, 6.83646
13.2515, -2.54552, 6.88761
13.2515, -2.54552, 6.88761
13.2549, -2.54394, 6.93697
13.2573, -2.54268, 6.99049
13.2573, -2.54268, 6.99049
13.2587, -2.54152, 7.03888
13.2587, -2.54152, 7.03888
13.2592, -2.54068, 7.09208
13.2592, -2.54068, 7.09208
13.2588, -2.53999, 7.14131
13.2576, -2.53947, 7.19048
13.2576, -2.53947, 7.19048
13.2555, -2.53696, 7.24298
13.2555, -2.53696, 7.24298
13.2526, -2.53508, 7.2946
13.2494, -2.53329, 7.33927
13.2494, -2.53329, 7.33927
13.2451, -2.53184, 7.3902
13.2402, -2.53063, 7.44134
13.2402, -2.53063, 7.44134
13.2357, -2.52947, 7.48391
13.2357, -2.52947, 7.48391
13.2291, -2.52676, 7.53184
13.2291, -2.52676, 7.53184
13.2213, -2.52367, 7.58474
13.2133, -2.52174, 7.63603
13.2133, -2.52174, 7.63603
13.2055, -2.52009, 7.68322
13.2055, -2.52009, 7.68322
13.1977, -2.51925, 7.72955
13.1881, -2.5171, 7.78056
13.1881, -2.5171, 7.78056
13.1773, -2.51429, 7.83247
13.167, -2.51177, 7.88119
13.167, -2.51177, 7.88119
13.1561, -2.50878, 7.93011
13.1561, -2.50878, 7.93011
13.145, -2.50701, 7.98351
13.145, -2.50701, 7.98351
13.1345, -2.50549, 8.03301
13.1236, -2.5038, 8.0831
13.1236, -2.5038, 8.0831
13.1118, -2.50107, 8.13335
13.1118, -2.50107, 8.13335
13.0986, -2.49804, 8.18717
13.0868, -2.49612, 8.23712
13.0868, -2.49612, 8.23712
13.0742, -2.49462, 8.28897
13.0639, -2.49384, 8.33335
13.0639, -2.49384, 8.33335
13.0498, -2.49187, 8.38963
13.0498, -2.49187, 8.38963
13.0355, -2.48822, 8.43974
13.0355, -2.48822, 8.43974
13.0216, -2.48609, 8.49494
13.0103, -2.4849, 8.54214
13.0103, -2.4849, 8.54214
12.9959, -2.48278, 8.59851
12.9959, -2.48278, 8.59851
12.9826, -2.48176, 8.65578
12.9719, -2.48133, 8.70358
12.9719, -2.48133, 8.70358
12.9553, -2.47842, 8.76589
12.9553, -2.47842, 8.76589
12.9425, -2.47649, 8.816
12.9275, -2.47442, 8.87409
12.9275, -2.47442, 8.87409
12.9137, -2.47352, 8.93298
12.9137, -2.47352, 8.93298
12.9011, -2.47277, 8.98807
12.8878, -2.47139, 9.04339
12.8878, -2.47139, 9.04339
12.8733, -2.46966, 9.10435
12.8733, -2.46966, 9.10435
12.8589, -2.46744, 9.16152
12.8454, -2.46655, 9.2241
12.8454, -2.46655, 9.2241
12.8338, -2.46572, 9.27814
12.8338, -2.46572, 9.27814
12.8213, -2.46554, 9.34162
12.8092, -2.46509, 9.40096
12.8092, -2.46509, 9.40096
12.7951, -2.46391, 9.46475
12.7951, -2.46391, 9.46475
12.7806, -2.46242, 9.52901
12.7685, -2.46195, 9.5889
12.7685, -2.46195, 9.5889
12.7569, -2.46178, 9.64952
12.7569, -2.46178, 9.64952
12.7458, -2.46186, 9.71056
12.7345, -2.46184, 9.77215
12.7345, -2.46184, 9.77215
12.7199, -2.4605, 9.84125
12.7199, -2.4605, 9.84125
12.7081, -2.46011, 9.90386
12.697, -2.46005, 9.96657
12.697, -2.46005, 9.96657
12.686, -2.46052, 10.0345
12.686, -2.46052, 10.0345
12.6763, -2.46095, 10.096
12.6665, -2.46129, 10.1597
12.6665, -2.46129, 10.1597
12.6553, -2.46086, 10.2286
12.6553, -2.46086, 10.2286
12.6454, -2.46058, 10.2927
12.6351, -2.45996, 10.3573
12.6351, -2.45996, 10.3573
12.6263, -2.46049, 10.4258
12.6263, -2.46049, 10.4258
12.6183, -2.46128, 10.4947
12.6109, -2.46154, 10.5543
12.6109, -2.46154, 10.5543
12.6017, -2.46135, 10.6214
12.6017, -2.46135, 10.6214
12.5937, -2.46128, 10.6836
12.5851, -2.46112, 10.7494
12.5851, -2.46112, 10.7494
12.5787, -2.46144, 10.8063
12.5787, -2.46144, 10.8063
12.5725, -2.46269, 10.8799
12.5669, -2.46321, 10.9378
12.5669, -2.46321, 10.9378
12.5587, -2.46308, 11.0061
12.5587, -2.46308, 11.0061
12.5529, -2.46346, 11.0652
12.5477, -2.46445, 11.1333
12.5477, -2.46445, 11.1333
12.5432, -2.46574, 11.2033
12.5432, -2.46574, 11.2033
12.5394, -2.46726, 11.2736
12.5357, -2.46846, 11.3375
12.5357, -2.46846, 11.3375
12.5299, -2.46893, 11.4077
12.5299, -2.46893, 11.4077
12.5259, -2.46995, 11.4731
12.5226, -2.47104, 11.5368
12.5226, -2.47104, 11.5368
12.5199, -2.47259, 11.6065
12.5199, -2.47259, 11.6065
12.5179, -2.47404, 11.6712
12.5164, -2.47568, 11.7368
12.5164, -2.47568, 11.7368
12.5157, -2.47786, 11.8105
12.5149, -2.47977, 11.8798
12.5149, -2.47977, 11.8798
12.5114, -2.48181, 12.0133
12.5101, -2.48287, 12.0788
12.5101, -2.48287, 12.0788
12.5094, -2.48409, 12.1445
12.5094, -2.48409, 12.1445
12.5094, -2.48409, 12.1445
12.5094, -2.48409, 12.1445
12.5096, -2.48698, 12.2775
12.5072, -2.48728, 12.339
12.5072, -2.48728, 12.339
12.5054, -2.4874, 12.3868
12.5054, -2.4874, 12.3868
12.5042, -2.48728, 12.4337
12.5036, -2.48666, 12.4778
12.5036, -2.48666, 12.4778
12.5032, -2.48547, 12.5147
12.5032, -2.48547, 12.5147
12.5014, -2.48347, 12.5354
12.4996, -2.4799, 12.5527
12.4996, -2.4799, 12.5527
12.4983, -2.47407, 12.5647
12.4983, -2.47407, 12.5647
12.4972, -2.46578, 12.572
12.4967, -2.45434, 12.5767
12.4966, -2.44068, 12.5786
12.4966, -2.44068, 12.5786
12.4964, -2.42084, 12.5785
12.4964, -2.42084, 12.5785
12.4964, -2.40106, 12.5772
12.497, -2.37851, 12.5763
12.497, -2.37851, 12.5763
12.4977, -2.35204, 12.5779
12.4977, -2.35204, 12.5779
12.4997, -2.32333, 12.5789
12.5012, -2.2981, 12.5825
12.5012, -2.2981, 12.5825
12.503, -2.26859, 12.5855
12.503, -2.26859, 12.5855
12.5049, -2.23874, 12.588
12.5069, -2.21371, 12.589
12.5069, -2.21371, 12.589
12.509, -2.18141, 12.5917
12.509, -2.18141, 12.5917
12.511, -2.15486, 12.5929
12.5138, -2.12128, 12.5933
12.5138, -2.12128, 12.5933
12.5159, -2.09376, 12.5926
12.5159, -2.09376, 12.5926
12.5185, -2.0608, 12.5893
12.5212, -2.02777, 12.5847
12.5212, -2.02777, 12.5847
12.5239, -1.99611, 12.5792
12.5239, -1.99611, 12.5792
12.5264, -1.96625, 12.5731
12.5292, -1.93236, 12.5658
12.5292, -1.93236, 12.5658
12.5321, -1.8987, 12.5583
12.5321, -1.8987, 12.5583
12.5354, -1.86156, 12.55
12.5386, -1.82465, 12.5418
12.5386, -1.82465, 12.5418
12.5419, -1.78949, 12.5341
12.5419, -1.78949, 12.5341
12.5451, -1.75465, 12.5263
12.5487, -1.71706, 12.5186
12.5487, -1.71706, 12.5186
12.5518, -1.68381, 12.5125
12.5518, -1.68381, 12.5125
12.5557, -1.64272, 12.5047
12.5592, -1.60555, 12.4982
12.5592, -1.60555, 12.4982
12.5626, -1.56941, 12.4921
12.5626, -1.56941, 12.4921
12.5626, -1.56941, 12.4921
12.5661, -1.53125, 12.4862
12.5661, -1.53125, 12.4862
12.5696, -1.49221, 12.4807
12.5696, -1.49221, 12.4807
12.573, -1.45085, 12.4753
12.5764, -1.41086, 12.4686
12.5764, -1.41086, 12.4686
12.5795, -1.37239, 12.4633
12.5795, -1.37239, 12.4633
12.5825, -1.33413, 12.4583
12.5859, -1.29057, 12.4539
12.5859, -1.29057, 12.4539
12.5888, -1.25169, 12.4494
12.5888, -1.25169, 12.4494
12.5915, -1.21388, 12.445
12.5944, -1.17084, 12.4414
12.5944, -1.17084, 12.4414
12.5974, -1.12689, 12.4365
12.5974, -1.12689, 12.4365
12.5997, -1.08977, 12.4332
12.6022, -1.04596, 12.431
12.6022, -1.04596, 12.431
12.6045, -1.00646, 12.4284
12.6045, -1.00646, 12.4284
12.607, -0.960956, 12.4252
12.6091, -0.918659, 12.424
12.6091, -0.918659, 12.424
12.6111, -0.876075, 12.4233
12.6111, -0.876075, 12.4233
12.6129, -0.832489, 12.4232
12.6129, -0.832489, 12.4232
12.6144, -0.792194, 12.4228
12.6158, -0.751054, 12.4229
12.6158, -0.751054, 12.4229
12.6171, -0.70939, 12.421
12.618, -0.664065, 12.4217
12.618, -0.664065, 12.4217
12.6189, -0.622217, 12.4218
12.6189, -0.622217, 12.4218
12.6196, -0.575956, 12.423
12.6202, -0.530528, 12.4226
12.6202, -0.530528, 12.4226
12.6204, -0.492207, 12.4241
12.6204, -0.492207, 12.4241
12.6206, -0.442329, 12.4239
12.6206, -0.398826, 12.4247
12.6206, -0.398826, 12.4247
12.6205, -0.355675, 12.4254
12.6205, -0.355675, 12.4254
12.6203, -0.312778, 12.426
12.62, -0.266472, 12.425
12.62, -0.266472, 12.425
12.6194, -0.219018, 12.4257
12.6194, -0.219018, 12.4257
12.6187, -0.17548, 12.426
12.6178, -0.128151, 12.4274
12.6178, -0.128151, 12.4274
12.617, -0.0871125, 12.4283
12.617, -0.0871125, 12.4283
12.616, -0.0403, 12.43
12.6149, 0.00322735, 12.4309
12.6149, 0.00322735, 12.4309
12.6139, 0.0461114, 12.4319
12.6139, 0.0461114, 12.4319
12.6127, 0.0948166, 12.4338
12.6116, 0.14124, 12.4341
12.6116, 0.14124, 12.4341
12.6103, 0.184872, 12.437
12.6103, 0.184872, 12.437
12.609, 0.229986, 12.4378
12.6075, 0.277219, 12.4399
12.6075, 0.277219, 12.4399
12.6059, 0.322317, 12.4407
12.6059, 0.322317, 12.4407
12.604, 0.371399, 12.442
12.6023, 0.41814, 12.4418
12.6023, 0.41814, 12.4418
12.6006, 0.463068, 12.4429
12.6006, 0.463068, 12.4429
12.5987, 0.511069, 12.4446
12.5969, 0.555442, 12.4459
12.5969, 0.555442, 12.4459
12.5948, 0.608587, 12.4473
12.5948, 0.608587, 12.4473
12.5931, 0.650344, 12.4493
12.5912, 0.699698, 12.4504
12.5912, 0.699698, 12.4504
12.5892, 0.748128, 12.4525
12.5892, 0.748128, 12.4525
12.5875, 0.793499, 12.4544
12.5875, 0.793499, 12.4544
12.5858, 0.838593, 12.4561
12.584, 0.884302, 12.4578
12.584, 0.884302, 12.4578
12.5818, 0.935189, 12.459
12.5798, 0.984587, 12.461
12.5798, 0.984587, 12.461
12.5781, 1.02548, 12.4621
12.5781, 1.02548, 12.4621
12.5762, 1.07457, 12.4638
12.5743, 1.1234, 12.4651
12.5743, 1.1234, 12.4651
12.5722, 1.17395, 12.4662
12.5722, 1.17395, 12.4662
12.5704, 1.21783, 12.4668
12.5685, 1.26499, 12.4676
12.5685, 1.26499, 12.4676
12.5666, 1.31614, 12.4675
12.5666, 1.31614, 12.4675
12.5648, 1.36608, 12.4679
12.5633, 1.40919, 12.4679
12.5633, 1.40919, 12.4679
12.5614, 1.46031, 12.4685
12.5614, 1.46031, 12.4685
12.5594, 1.51264, 12.4688
12.5577, 1.56363, 12.4696
12.5577, 1.56363, 12.4696
12.5561, 1.61066, 12.4703
12.5561, 1.61066, 12.4703
12.5546, 1.65754, 12.4712
12.5532, 1.70448, 12.4721
12.5532, 1.70448, 12.4721
12.5518, 1.75185, 12.4729
12.5518, 1.75185, 12.4729
12.5502, 1.80415, 12.4729
12.5489, 1.85201, 12.473
12.5489, 1.85201, 12.473
12.5475, 1.90218, 12.4731
12.5475, 1.90218, 12.4731
12.5462, 1.95245, 12.4732
12.545, 2.00172, 12.4726
12.545, 2.00172, 12.4726
12.5438, 2.04618, 12.4729
12.5438, 2.04618, 12.4729
12.5413, 2.14522, 12.4728
12.54, 2.19731, 12.4723
12.54, 2.19731, 12.4723
12.5391, 2.24375, 12.4722
12.538, 2.29853, 12.4721
12.538, 2.29853, 12.4721
12.537, 2.34764, 12.4722
12.537, 2.34764, 12.4722
12.5361, 2.39625, 12.4725
12.5353, 2.4444, 12.4729
12.5353, 2.4444, 12.4729
12.5345, 2.49636, 12.4734
12.5338, 2.54625, 12.4722
12.5332, 2.5963, 12.471
12.5328, 2.64474, 12.4699
12.5328, 2.64474, 12.4699
12.5328, 2.64474, 12.4699
12.5324, 2.69392, 12.469
12.5324, 2.69392, 12.469
12.532, 2.79525, 12.4672
12.532, 2.79525, 12.4672
12.532, 2.79525, 12.4672
12.5319, 2.84403, 12.4669
12.5319, 2.84403, 12.4669
12.5319, 2.90095, 12.4667
12.5319, 2.90095, 12.4667
12.532, 2.95078, 12.4667
12.5322, 3.00037, 12.4668
12.5322, 3.00037, 12.4668
12.5325, 3.04975, 12.467
12.5325, 3.04975, 12.467
12.5328, 3.09899, 12.4674
12.5331, 3.15151, 12.4681
12.5331, 3.15151, 12.4681
12.5335, 3.19768, 12.4683
12.5335, 3.19768, 12.4683
12.5335, 3.25136, 12.469
12.5336, 3.30544, 12.4693
12.5336, 3.30544, 12.4693
12.5338, 3.35097, 12.4704
12.5338, 3.35097, 12.4704
12.5339, 3.40425, 12.4709
12.5341, 3.45667, 12.4716
12.5341, 3.45667, 12.4716
12.5342, 3.5069, 12.4725
12.5342, 3.5069, 12.4725
12.5343, 3.56087, 12.4735
12.5344, 3.60729, 12.4741
12.5344, 3.60729, 12.4741
12.5346, 3.66096, 12.475
12.5346, 3.66096, 12.475
12.5348, 3.7114, 12.4757
12.535, 3.76089, 12.4764
12.535, 3.76089, 12.4764
12.5352, 3.81426, 12.4771
12.5352, 3.81426, 12.4771
12.5351, 3.86822, 12.4778
12.5351, 3.91484, 12.4782
12.5351, 3.91484, 12.4782
12.5351, 3.96919, 12.4784
12.5351, 3.96919, 12.4784
12.5352, 4.01934, 12.4781
12.5353, 4.07308, 12.4778
12.5353, 4.07308, 12.4778
12.5353, 4.1201, 12.4773
12.5353, 4.1201, 12.4773
12.5354, 4.17449, 12.4771
12.5356, 4.22905, 12.4771
12.5356, 4.22905, 12.4771
12.5358, 4.28293, 12.4771
12.5359, 4.32927, 12.4768
12.5361, 4.38321, 12.4766
12.5362, 4.43195, 12.4768
12.5362, 4.43195, 12.4768
12.5362, 4.47925, 12.4775
12.5362, 4.53317, 12.4779
12.5362, 4.53317, 12.4779
12.5363, 4.58456, 12.4785
12.5363, 4.58456, 12.4785
12.5364, 4.64054, 12.4796
12.5367, 4.68734, 12.4804
12.5367, 4.68734, 12.4804
12.5381, 4.794, 12.4832
12.5424, 4.89887, 12.4864
12.5424, 4.89887, 12.4864
12.5464, 4.95283, 12.4877
12.5516, 5.00219, 12.4891
12.5516, 5.00219, 12.4891
12.5585, 5.05541, 12.4903
12.5585, 5.05541, 12.4903
12.5666, 5.10175, 12.4914
12.5768, 5.14885, 12.492
12.5768, 5.14885, 12.492
12.5887, 5.19405, 12.4921
12.5887, 5.19405, 12.4921
12.6039, 5.24111, 12.4921
12.6215, 5.28615, 12.492
12.6215, 5.28615, 12.492
12.6392, 5.32692, 12.4916
12.6392, 5.32692, 12.4916
12.6585, 5.36551, 12.491
12.6585, 5.36551, 12.491
12.6813, 5.40426, 12.4907
12.7058, 5.44075, 12.4902
12.7058, 5.44075, 12.4902
12.7302, 5.47217, 12.4901
12.7539, 5.49888, 12.4901
12.783, 5.53022, 12.49
12.783, 5.53022, 12.49
12.8099, 5.55562, 12.49
12.8376, 5.57879, 12.4899
12.8376, 5.57879, 12.4899
12.8636, 5.5983, 12.4898
12.8636, 5.5983, 12.4898
12.8981, 5.62102, 12.4896
12.9253, 5.63648, 12.4896
12.9253, 5.63648, 12.4896
12.9564, 5.6527, 12.4894
12.9564, 5.6527, 12.4894
12.9854, 5.66608, 12.489
13.0168, 5.67877, 12.4887
13.0168, 5.67877, 12.4887
13.0441, 5.6882, 12.4881
13.0441, 5.6882, 12.4881
13.0771, 5.69784, 12.4872
13.1066, 5.70486, 12.4852
13.1066, 5.70486, 12.4852
13.1394, 5.71088, 12.4837
13.1394, 5.71088, 12.4837
13.1979, 5.71771, 12.4811
13.2294, 5.71949, 12.4802
13.2557, 5.71999, 12.4794
13.2557, 5.71999, 12.4794
13.2877, 5.71934, 12.4786
13.3202, 5.71723, 12.4785
13.3202, 5.71723, 12.4785
13.3494, 5.71439, 12.4784
13.3789, 5.71082, 12.4785
13.3789, 5.71082, 12.4785
13.4106, 5.7063, 12.479
13.4106, 5.7063, 12.479
13.4399, 5.70141, 12.4792
13.469, 5.69601, 12.4794
13.469, 5.69601, 12.4794
13.5005, 5.68824, 12.4798
13.5005, 5.68824, 12.4798
13.5005, 5.68824, 12.4798
13.5276, 5.68131, 12.4801
13.5276, 5.68131, 12.4801
13.5594, 5.67307, 12.4778
13.5594, 5.67307, 12.4778
13.5908, 5.66453, 12.4758
13.6227, 5.65512, 12.4734
13.6227, 5.65512, 12.4734
13.6522, 5.64566, 12.4721
13.6522, 5.64566, 12.4721
13.6818, 5.63531, 12.4713
13.7115, 5.62481, 12.4707
13.7115, 5.62481, 12.4707
13.7435, 5.61354, 12.4707
13.7435, 5.61354, 12.4707
13.7709, 5.60353, 12.4707
13.8009, 5.59273, 12.4712
13.8009, 5.59273, 12.4712
13.8356, 5.57952, 12.472
13.8356, 5.57952, 12.472
13.8681, 5.56691, 12.4732
13.8962, 5.55567, 12.4741
13.8962, 5.55567, 12.4741
13.929, 5.54308, 12.4754
13.929, 5.54308, 12.4754
13.9588, 5.53149, 12.4767
13.9921, 5.51894, 12.4782
13.9921, 5.51894, 12.4782
14.0232, 5.50688, 12.4795
14.0232, 5.50688, 12.4795
14.0572, 5.49254, 12.4805
14.0887, 5.47995, 12.4808
14.0887, 5.47995, 12.4808
14.1205, 5.46752, 12.4811
14.1205, 5.46752, 12.4811
14.1534, 5.45498, 12.4815
14.1855, 5.44293, 12.482
14.1855, 5.44293, 12.482
14.218, 5.43103, 12.4825
14.218, 5.43103, 12.4825
14.2557, 5.41736, 12.483
14.2557, 5.41736, 12.483
14.2904, 5.40532, 12.4838
14.3231, 5.39337, 12.4847
14.3231, 5.39337, 12.4847
14.3553, 5.38051, 12.485
14.3875, 5.3687, 12.4855
14.3875, 5.3687, 12.4855
14.4231, 5.35627, 12.4864
14.4231, 5.35627, 12.4864
14.4891, 5.334, 12.4882
14.5218, 5.3227, 12.4892
14.561, 5.30874, 12.4903
14.5937, 5.29775, 12.4913
14.5937, 5.29775, 12.4913
14.6273, 5.28702, 12.492
14.6273, 5.28702, 12.492
14.6581, 5.27685, 12.4925
14.6938, 5.26531, 12.4932
14.6938, 5.26531, 12.4932
14.7331, 5.2531, 12.4939
14.7331, 5.2531, 12.4939
14.7678, 5.24243, 12.4941
14.8034, 5.23272, 12.4941
14.8034, 5.23272, 12.4941
14.8422, 5.22214, 12.4937
14.8422, 5.22214, 12.4937
14.8757, 5.21317, 12.4932
14.9176, 5.20212, 12.4917
14.9176, 5.20212, 12.4917
14.9545, 5.1917, 12.4908
14.9545, 5.1917, 12.4908
14.9888, 5.18234, 12.49
15.0264, 5.17301, 12.4895
15.0264, 5.17301, 12.4895
15.0704, 5.16327, 12.4893
15.0704, 5.16327, 12.4893
15.1077, 5.15527, 12.4894
15.3933, 5.09813, 12.4911
15.3933, 5.09813, 12.4911
15.3933, 5.09813, 12.4911
15.3933, 5.09813, 12.4911
15.4347, 5.0907, 12.491
15.4347, 5.0907, 12.491
15.4753, 5.08391, 12.491
15.5157, 5.07764, 12.4909
15.5157, 5.07764, 12.4909
15.5566, 5.07182, 12.4888
15.5977, 5.06647, 12.4867
15.5977, 5.06647, 12.4867
15.6421, 5.06072, 12.4847
15.6421, 5.06072, 12.4847
15.6877, 5.05402, 12.4825
15.7333, 5.04887, 12.4813
15.7333, 5.04887, 12.4813
15.7726, 5.04459, 12.4805
15.7726, 5.04459, 12.4805
15.8186, 5.0406, 12.4801
15.8643, 5.03666, 12.4798
15.8643, 5.03666, 12.4798
15.9041, 5.03374, 12.4803
15.9041, 5.03374, 12.4803
15.9477, 5.03012, 12.4809
15.9985, 5.02639, 12.4817
15.9985, 5.02639, 12.4817
16.0444, 5.02395, 12.4826
16.0444, 5.02395, 12.4826
16.0881, 5.02204, 12.4835
16.1328, 5.02015, 12.4843
16.1328, 5.02015, 12.4843
16.1799, 5.01806, 12.4853
16.1799, 5.01806, 12.4853
16.2245, 5.01611, 12.4862
16.2658, 5.01458, 12.4868
16.2658, 5.01458, 12.4868
16.3133, 5.01373, 12.4875
16.3133, 5.01373, 12.4875
16.3628, 5.01288, 12.4879
16.4073, 5.01332, 12.4886
16.4073, 5.01332, 12.4886
16.4531, 5.01275, 12.4889
16.4531, 5.01275, 12.4889
16.503, 5.01186, 12.4889
16.549, 5.01183, 12.489
16.549, 5.01183, 12.489
16.595, 5.01219, 12.4893
16.595, 5.01219, 12.4893
16.6443, 5.01314, 12.4896
16.6901, 5.0142, 12.4897
16.6901, 5.0142, 12.4897
16.737, 5.01404, 12.4897
16.737, 5.01404, 12.4897
16.7864, 5.01486, 12.4899
16.8367, 5.01608, 12.4899
16.8367, 5.01608, 12.4899
16.88, 5.01713, 12.4894
16.88, 5.01713, 12.4894
16.9335, 5.01915, 12.4891
16.9766, 5.02069, 12.4886
16.9766, 5.02069, 12.4886
17.0285, 5.0214, 12.4877
17.0285, 5.0214, 12.4877
17.0762, 5.02251, 12.4872
17.124, 5.02391, 12.4867
17.124, 5.02391, 12.4867
17.1716, 5.02553, 12.4865
17.1716, 5.02553, 12.4865
17.2192, 5.02732, 12.4864
17.2739, 5.02944, 12.4867
17.2739, 5.02944, 12.4867
17.3192, 5.03026, 12.487
17.3192, 5.03026, 12.487
17.3688, 5.03157, 12.4873
17.4166, 5.03343, 12.488
17.4166, 5.03343, 12.488
17.4648, 5.03498, 12.4883
17.4648, 5.03498, 12.4883
17.5196, 5.03671, 12.4886
17.5676, 5.0385, 12.4889
17.5676, 5.0385, 12.4889
17.6209, 5.03983, 12.4893
17.6209, 5.03983, 12.4893
17.6664, 5.04113, 12.4896
17.7214, 5.04311, 12.4901
17.7214, 5.04311, 12.4901
17.7725, 5.04464, 12.4904
17.7725, 5.04464, 12.4904
17.8159, 5.04635, 12.4909
17.8719, 5.04819, 12.4908
17.8719, 5.04819, 12.4908
17.9215, 5.04955, 12.4908
17.9215, 5.04955, 12.4908
17.97, 5.05118, 12.4911
18.023, 5.0528, 12.4909
18.023, 5.0528, 12.4909
18.0685, 5.05414, 12.4906
18.0685, 5.05414, 12.4906
18.126, 5.05578, 12.49
18.1754, 5.05734, 12.4898
18.1754, 5.05734, 12.4898
18.2261, 5.05854, 12.4897
18.2261, 5.05854, 12.4897
18.2767, 5.05978, 12.4895
18.3306, 5.06116, 12.4893
18.3306, 5.06116, 12.4893
18.3807, 5.06243, 12.489
18.3807, 5.06243, 12.489
18.4307, 5.0637, 12.4886
18.4804, 5.06498, 12.4884
18.4804, 5.06498, 12.4884
18.5357, 5.06566, 12.488
18.5357, 5.06566, 12.488
18.5866, 5.06647, 12.4879
18.6408, 5.06738, 12.488
18.6408, 5.06738, 12.488
18.695, 5.06827, 12.4881
18.695, 5.06827, 12.4881
18.7445, 5.06902, 12.4884
18.7946, 5.06977, 12.4886
18.7946, 5.06977, 12.4886
18.8463, 5.07012, 12.4886
18.8463, 5.07012, 12.4886
18.9021, 5.07041, 12.4881
18.9529, 5.07079, 12.488
18.9529, 5.07079, 12.488
19.0075, 5.0712, 12.4879
19.0075, 5.0712, 12.4879
19.0545, 5.07152, 12.4877
19.1085, 5.07197, 12.4878
19.1085, 5.07197, 12.4878
19.165, 5.07229, 12.4878
19.165, 5.07229, 12.4878
19.2118, 5.07265, 12.488
19.2714, 5.07303, 12.4881
19.2714, 5.07303, 12.4881
19.3226, 5.07335, 12.4882
19.3226, 5.07335, 12.4882
19.3775, 5.07364, 12.488
19.4288, 5.07385, 12.4881
19.4288, 5.07385, 12.4881
19.4826, 5.07392, 12.4867
19.4826, 5.07392, 12.4867
19.5364, 5.07391, 12.4824
19.5835, 5.07387, 12.475
19.5835, 5.07387, 12.475
19.638, 5.07376, 12.4609
19.638, 5.07376, 12.4609
19.6876, 5.07359, 12.4422
19.7369, 5.07335, 12.4175
19.7369, 5.07335, 12.4175
19.7909, 5.07275, 12.386
19.7909, 5.07275, 12.386
19.8371, 5.0722, 12.3564
19.8919, 5.07144, 12.3199
19.8919, 5.07144, 12.3199
19.9438, 5.0706, 12.2857
19.9438, 5.0706, 12.2857
19.9954, 5.06968, 12.2516
20.0507, 5.06852, 12.2152
20.0507, 5.06852, 12.2152
20.1029, 5.06753, 12.1819
20.1617, 5.06626, 12.1446
20.2094, 5.06511, 12.1141
20.2094, 5.06511, 12.1141
20.2527, 5.06399, 12.0861
20.2527, 5.06399, 12.0861
20.3007, 5.06265, 12.0534
20.3432, 5.06146, 12.0236
20.3432, 5.06146, 12.0236
20.3893, 5.06078, 11.9916
20.3893, 5.06078, 11.9916
20.4283, 5.06008, 11.9609
20.4671, 5.0593, 11.9269
20.4671, 5.0593, 11.9269
20.5027, 5.05854, 11.8922
20.5027, 5.05854, 11.8922
20.533, 5.05794, 11.8597
20.5608, 5.05736, 11.8267
20.5608, 5.05736, 11.8267
20.5892, 5.05697, 11.7938
20.5892, 5.05697, 11.7938
20.6162, 5.05652, 11.7581
20.6381, 5.0562, 11.7256
20.6381, 5.0562, 11.7256
20.6624, 5.05585, 11.6853
20.6624, 5.05585, 11.6853
20.6815, 5.05548, 11.6484
20.6983, 5.05532, 11.6134
20.6983, 5.05532, 11.6134
20.7173, 5.05575, 11.5764
20.7173, 5.05575, 11.5764
20.7318, 5.05597, 11.5423
20.7445, 5.05619, 11.5077
20.7445, 5.05619, 11.5077
20.7552, 5.05637, 11.4732
20.7552, 5.05637, 11.4732
20.7642, 5.05656, 11.4387
20.7642, 5.05656, 11.4387
20.7723, 5.05692, 11.4023
20.7804, 5.05777, 11.3652
20.7804, 5.05777, 11.3652
20.7877, 5.05887, 11.3301
20.7923, 5.05967, 11.2929
20.7923, 5.05967, 11.2929
20.7953, 5.06047, 11.258
20.7953, 5.06047, 11.258
20.797, 5.06127, 11.2234
20.7989, 5.06257, 11.1864
20.7989, 5.06257, 11.1864
20.7989, 5.06361, 11.1526
20.7989, 5.06361, 11.1526
20.7993, 5.06526, 11.115
20.7978, 5.06648, 11.0805
20.7978, 5.06648, 11.0805
20.7953, 5.06763, 11.0462
20.7953, 5.06763, 11.0462
20.7914, 5.06868, 11.0097
20.788, 5.07029, 10.9727
20.788, 5.07029, 10.9727
20.7845, 5.07195, 10.9386
20.7845, 5.07195, 10.9386
20.78, 5.07349, 10.9047
20.7754, 5.0749, 10.8734
20.7754, 5.0749, 10.8734
20.7687, 5.07616, 10.8373
20.7687, 5.07616, 10.8373
20.7612, 5.07729, 10.8012
20.7542, 5.07802, 10.7708
20.7542, 5.07802, 10.7708
20.7468, 5.08046, 10.733
20.7468, 5.08046, 10.733
20.7397, 5.0826, 10.6992
20.7311, 5.08362, 10.6666
20.7311, 5.08362, 10.6666
20.7228, 5.08528, 10.6331
20.7228, 5.08528, 10.6331
20.7126, 5.08632, 10.5973
20.7028, 5.08801, 10.5615
20.7028, 5.08801, 10.5615
20.6939, 5.08917, 10.5308
20.6939, 5.08917, 10.5308
20.6838, 5.09105, 10.4945
20.6727, 5.09219, 10.4586
20.6727, 5.09219, 10.4586
20.6621, 5.09311, 10.425
20.6621, 5.09311, 10.425
20.6513, 5.0938, 10.3915
20.6404, 5.09452, 10.3578
20.6404, 5.09452, 10.3578
20.6292, 5.09622, 10.3216
20.6292, 5.09622, 10.3216
20.6184, 5.09718, 10.2886
20.6069, 5.0975, 10.2559
20.6069, 5.0975, 10.2559
20.5955, 5.09842, 10.2223
20.583, 5.09872, 10.1873
20.583, 5.09872, 10.1873
20.5713, 5.09973, 10.1538
20.5595, 5.10118, 10.1184
20.5595, 5.10118, 10.1184
20.5595, 5.10118, 10.1184
20.5483, 5.10194, 10.0857
20.5483, 5.10194, 10.0857
20.5351, 5.1023, 10.0485
20.5351, 5.1023, 10.0485
20.5232, 5.10222, 10.0158
20.5111, 5.10257, 9.9817
20.5004, 5.10328, 9.95188
20.5004, 5.10328, 9.95188
20.488, 5.10414, 9.91715
20.4765, 5.10537, 9.88434
20.4641, 5.1057, 9.85025
20.4535, 5.10607, 9.82092
20.4535, 5.10607, 9.82092
20.4415, 5.10599, 9.78818
20.4285, 5.10749, 9.7527
20.4285, 5.10749, 9.7527
20.4171, 5.10821, 9.72182
20.406, 5.10873, 9.69166
20.406, 5.10873, 9.69166
20.3937, 5.1088, 9.6587
20.3937, 5.1088, 9.6587
20.3832, 5.10889, 9.63044
20.3701, 5.10832, 9.59494
20.3701, 5.10832, 9.59494
20.358, 5.1087, 9.56201
20.358, 5.1087, 9.56201
20.348, 5.10969, 9.53513
20.3371, 5.10912, 9.50438
20.3371, 5.10912, 9.50438
20.3253, 5.10909, 9.47125
20.3253, 5.10909, 9.47125
20.3138, 5.10828, 9.43785
20.3026, 5.10819, 9.40473
20.3026, 5.10819, 9.40473
20.2932, 5.1078, 9.37626
20.2932, 5.1078, 9.37626
20.2832, 5.10755, 9.34539
20.2727, 5.10732, 9.31231
20.2727, 5.10732, 9.31231
20.2624, 5.10627, 9.27946
20.2624, 5.10627, 9.27946
20.2537, 5.10539, 9.25141
20.2445, 5.10444, 9.22108
20.2445, 5.10444, 9.22108
20.2351, 5.10403, 9.18866
20.2351, 5.10403, 9.18866
20.2257, 5.10383, 9.15511
20.2167, 5.1028, 9.12205
20.2167, 5.1028, 9.12205
20.2084, 5.10174, 9.0909
20.2084, 5.10174, 9.0909
20.2005, 5.10046, 9.06022
20.1927, 5.09916, 9.0295
20.1927, 5.09916, 9.0295
20.1841, 5.09823, 8.99484
20.1841, 5.09823, 8.99484
20.1774, 5.09724, 8.96652
20.17, 5.09563, 8.93329
20.17, 5.09563, 8.93329
20.1633, 5.09407, 8.90259
20.1633, 5.09407, 8.90259
20.157, 5.09239, 8.8728
20.1504, 5.09072, 8.84073
20.1504, 5.09072, 8.84073
20.144, 5.08926, 8.80877
20.144, 5.08926, 8.80877
20.1379, 5.08802, 8.77709
20.1325, 5.08608, 8.7472
20.1325, 5.08608, 8.7472
20.1268, 5.08404, 8.71382
20.1268, 5.08404, 8.71382
20.1219, 5.08247, 8.68425
20.1174, 5.08119, 8.65688
20.1174, 5.08119, 8.65688
20.1122, 5.08003, 8.62371
20.1122, 5.08003, 8.62371
20.1082, 5.07851, 8.59658
20.1035, 5.07701, 8.56348
20.1035, 5.07701, 8.56348
20.0994, 5.07522, 8.53219
20.0994, 5.07522, 8.53219
20.0962, 5.07361, 8.50684
20.0926, 5.07206, 8.47687
20.0926, 5.07206, 8.47687
20.0889, 5.0711, 8.44725
20.0889, 5.0711, 8.44725
20.0856, 5.06954, 8.41654
20.0824, 5.06818, 8.38598
20.0824, 5.06818, 8.38598
20.08, 5.06684, 8.35945
20.08, 5.06684, 8.35945
20.0775, 5.06504, 8.32776
20.0755, 5.06352, 8.30068
20.0755, 5.06352, 8.30068
20.0734, 5.06138, 8.26705
20.0734, 5.06138, 8.26705
20.0717, 5.05955, 8.23816
20.0696, 5.05838, 8.20726
20.0696, 5.05838, 8.20726
20.0679, 5.05736, 8.18118
20.0679, 5.05736, 8.18118
20.0664, 5.05595, 8.15181
20.0651, 5.05436, 8.12173
20.0651, 5.05436, 8.12173
20.064, 5.0531, 8.09672
20.064, 5.0531, 8.09672
20.0629, 5.05144, 8.06736
20.0614, 5.05053, 8.03824
20.0614, 5.05053, 8.03824
20.0614, 5.05053, 8.03824
20.0614, 5.05053, 8.03824
20.0602, 5.04956, 8.01162
20.0592, 5.04828, 7.98178
20.0592, 5.04828, 7.98178
20.0584, 5.04732, 7.95718
20.0577, 5.04611, 7.92933
20.0577, 5.04611, 7.92933
20.0572, 5.04482, 7.90078
20.0567, 5.04391, 7.8724
20.0567, 5.04391, 7.8724
20.0559, 5.04329, 7.84448
20.0554, 5.04283, 7.82418
20.0554, 5.04283, 7.82418
20.0551, 5.04187, 7.79563
20.0551, 5.04187, 7.79563
20.0549, 5.04095, 7.76915
20.0548, 5.03998, 7.73957
20.0548, 5.03998, 7.73957
20.0547, 5.03964, 7.71526
20.0547, 5.03964, 7.71526
20.0547, 5.03896, 7.68661
20.0548, 5.03833, 7.66058
20.0548, 5.03833, 7.66058
20.055, 5.03761, 7.63413
20.055, 5.03761, 7.63413
20.0551, 5.03699, 7.60821
20.0556, 5.03603, 7.58133
20.0556, 5.03603, 7.58133
20.0557, 5.03606, 7.55441
20.0557, 5.03606, 7.55441
20.0561, 5.03557, 7.52387
20.0565, 5.03512, 7.4961
20.0565, 5.03512, 7.4961
20.0568, 5.03485, 7.47022
20.0568, 5.03485, 7.47022
20.0573, 5.03426, 7.44284
20.0577, 5.03373, 7.41545
20.0577, 5.03373, 7.41545
20.058, 5.03352, 7.39118
20.058, 5.03352, 7.39118
20.0584, 5.03311, 7.36253
20.0587, 5.03273, 7.33596
20.0587, 5.03273, 7.33596
20.0591, 5.0323, 7.30908
20.0591, 5.0323, 7.30908
20.0596, 5.0318, 7.27834
20.0602, 5.0314, 7.25195
20.0602, 5.0314, 7.25195
20.061, 5.03106, 7.22564
20.061, 5.03106, 7.22564
20.0618, 5.03074, 7.19772
20.0624, 5.0304, 7.17394
20.0624, 5.0304, 7.17394
20.0632, 5.02992, 7.1462
20.0632, 5.02992, 7.1462
20.0639, 5.02939, 7.11732
20.0645, 5.02886, 7.08931
20.0645, 5.02886, 7.08931
20.065, 5.02843, 7.06197
20.065, 5.02843, 7.06197
20.0655, 5.02799, 7.03719
20.066, 5.02756, 7.01211
20.0665, 5.02705, 6.98225
20.0665, 5.02705, 6.98225
20.067, 5.02657, 6.95515
20.0673, 5.02631, 6.93117
20.0673, 5.02631, 6.93117
20.0677, 5.02611, 6.90154
20.068, 5.02589, 6.87328
20.0682, 5.02566, 6.84935
20.0682, 5.02566, 6.84935
20.0683, 5.02538, 6.82194
20.0683, 5.02538, 6.82194
20.0686, 5.02503, 6.79564
20.0688, 5.02463, 6.76808
20.0688, 5.02463, 6.76808
20.069, 5.02423, 6.74436
20.069, 5.02423, 6.74436
20.0692, 5.02371, 6.7145
20.0694, 5.02324, 6.68875
20.0694, 5.02324, 6.68875
20.0694, 5.02274, 6.66318
20.0694, 5.02274, 6.66318
20.0694, 5.0222, 6.63763
20.0694, 5.02179, 6.61038
20.0694, 5.02179, 6.61038
20.0693, 5.02141, 6.58285
20.0693, 5.02141, 6.58285
20.0692, 5.02111, 6.55985
20.0692, 5.02075, 6.53419
20.0692, 5.02075, 6.53419
20.0691, 5.02032, 6.50479
20.0691, 5.02032, 6.50479
20.0691, 5.01999, 6.48143
20.0691, 5.01955, 6.45217
20.0691, 5.01919, 6.42983
20.0692, 5.01869, 6.40266
20.0693, 5.0182, 6.37734
20.0693, 5.01766, 6.35022
20.0693, 5.01716, 6.32522
20.0693, 5.01716, 6.32522
20.0693, 5.01666, 6.30224
20.0693, 5.01666, 6.30224
20.0693, 5.01609, 6.27591
20.0693, 5.01559, 6.24957
20.0693, 5.01559, 6.24957
20.0693, 5.01501, 6.22244
20.0693, 5.01501, 6.22244
20.0692, 5.01452, 6.19703
20.0691, 5.014, 6.17068
20.0691, 5.014, 6.17068
20.0691, 5.01368, 6.14749
20.0691, 5.01368, 6.14749
20.0691, 5.01325, 6.11833
20.069, 5.01291, 6.09517
20.069, 5.01291, 6.09517
20.069, 5.01291, 6.09517
20.069, 5.01291, 6.09517
20.0688, 5.0125, 6.06798
20.0688, 5.0125, 6.06798
20.0687, 5.01209, 6.03936
20.0682, 5.01133, 5.99165
20.0682, 5.01133, 5.99165
20.0682, 5.01133, 5.99165
20.0677, 5.01083, 5.96517
20.0677, 5.01083, 5.96517
20.0672, 5.01031, 5.93764
20.0672, 5.01031, 5.93764
20.0668, 5.00985, 5.91224
20.0665, 5.00943, 5.88838
20.0665, 5.00943, 5.88838
20.0661, 5.00893, 5.86074
20.0661, 5.00893, 5.86074
20.0654, 5.00842, 5.83231
20.0649, 5.00798, 5.80708
20.0649, 5.00798, 5.80708
20.0643, 5.00751, 5.78235
20.0643, 5.00751, 5.78235
20.0639, 5.0071, 5.75773
20.0639, 5.0071, 5.75773
20.0633, 5.00664, 5.73223
20.0627, 5.00627, 5.70579
20.0627, 5.00627, 5.70579
20.0618, 5.00606, 5.68153
20.0618, 5.00606, 5.68153
20.061, 5.00587, 5.65561
20.0602, 5.00572, 5.63333
20.0602, 5.00572, 5.63333
20.0594, 5.00559, 5.60733
20.0594, 5.00559, 5.60733
20.0586, 5.00547, 5.58375
20.0579, 5.0054, 5.55941
20.0579, 5.0054, 5.55941
20.0564, 5.00547, 5.53073
20.0564, 5.00547, 5.53073
20.0553, 5.00555, 5.50725
20.0553, 5.00555, 5.50725
20.0542, 5.00561, 5.48135
20.0532, 5.00567, 5.45922
20.0532, 5.00567, 5.45922
20.052, 5.00571, 5.43181
20.0508, 5.00569, 5.40816
20.0508, 5.00569, 5.40816
20.0493, 5.00559, 5.38242
20.0493, 5.00559, 5.38242
20.0483, 5.00553, 5.3604
20.0471, 5.00544, 5.33673
20.0471, 5.00544, 5.33673
20.0456, 5.00533, 5.31139
20.0456, 5.00533, 5.31139
20.0445, 5.00527, 5.288
20.0409, 5.00524, 5.23841
20.0389, 5.0052, 5.21322
20.0389, 5.0052, 5.21322
